1.700619000072578,3,0,0,2,26.24,30.305,73,7.0015,2011,9,3,5,0
1.8744836395596192,3,0,1,1,32.8,34.85,33,7.0015,2012,8,13,0,14
1.9189984754722385,4,0,0,1,15.58,19.695,40,11.0014,2011,11,5,5,17
2.006353291328953,3,0,1,1,32.8,37.88,55,12.998,2012,8,9,3,19
1.6606403793348095,2,0,1,1,13.94,17.425,76,7.0015,2011,4,14,3,6
1.8102520538839093,1,0,1,1,9.02,10.605,37,16.9979,2012,1,18,2,20
1.969559219559395,4,0,1,2,23.78,27.275,68,22.0028,2012,10,15,0,7
1.8426436266120914,1,0,1,1,10.66,15.15,22,0.0,2011,3,3,3,17
1.6632944814375767,2,0,0,2,27.06,30.305,78,11.0014,2011,6,19,6,7
1.8907020599217577,2,0,1,1,18.04,21.97,33,0.0,2012,4,5,3,12
1.8719957290222062,3,0,1,1,36.9,40.91,35,19.9995,2012,7,5,3,11
1.8457296531480492,2,0,1,1,18.04,21.97,30,30.0026,2012,4,10,1,21
1.942525987706513,4,0,0,1,25.42,31.06,50,8.9981,2011,10,8,5,17
1.1622831138840004,2,0,1,1,23.78,27.275,88,7.0015,2011,6,6,0,2
2.0082771743099452,2,0,1,1,22.14,25.76,32,27.9993,2012,4,9,0,17
1.6495606454510718,3,0,0,2,28.7,33.335,84,15.0013,2011,8,7,6,2
1.1622831138840004,1,0,0,1,11.48,15.15,81,6.0032,2012,1,1,6,4
1.914541129043442,3,0,0,1,36.9,42.425,42,19.9995,2011,8,7,6,13
1.8553017984487439,1,0,1,1,18.86,22.725,63,36.9974,2012,1,17,1,16
1.7236894193081456,1,0,1,1,2.46,5.305,49,7.0015,2011,2,9,2,7
2.0006135105853975,4,0,0,1,19.68,23.485,33,12.998,2012,10,13,5,14
1.5099182003836584,1,0,0,1,14.76,17.425,66,8.9981,2011,3,13,6,1
1.939953111519832,2,0,1,1,27.88,31.82,83,12.998,2012,6,12,1,20
1.898117976801967,3,0,0,1,31.98,34.85,46,19.9995,2011,7,9,5,11
1.496434016604423,4,0,1,1,14.76,18.18,76,6.0032,2011,11,3,3,0
1.978033068016178,2,0,1,1,24.6,30.305,60,19.0012,2012,6,14,3,7
1.8799167926221376,3,0,1,1,34.44,36.365,32,12.998,2012,7,2,0,12
1.8574179522647456,2,0,0,1,24.6,31.06,56,8.9981,2012,5,13,6,9
1.6985302777514544,1,0,1,1,12.3,15.15,39,8.9981,2011,3,1,1,12
1.4741440143630178,2,0,1,1,24.6,28.03,83,11.0014,2012,5,17,3,1
1.8386855209387276,4,0,1,2,24.6,27.275,88,8.9981,2011,10,19,2,19
1.8965639023210192,3,0,0,1,37.72,41.665,33,8.9981,2012,7,7,5,19
1.9338667840812656,3,0,1,1,24.6,28.03,83,7.0015,2011,9,14,2,7
1.777094949793928,4,0,1,1,18.04,21.97,62,8.9981,2011,11,1,1,10
0.8697416861919438,4,0,1,1,11.48,15.15,65,6.0032,2012,12,19,2,2
1.7340313214932865,1,0,0,2,18.86,22.725,94,23.9994,2011,3,6,6,13
1.6710010327416251,1,0,0,2,14.76,16.665,40,26.0027,2012,2,18,5,23
1.358504720646626,4,0,1,1,8.2,11.365,75,6.0032,2011,12,19,0,0
1.752790725901759,2,0,0,1,28.7,33.335,79,8.9981,2011,6,11,5,0
1.6985302777514544,1,0,1,2,13.12,15.15,87,19.0012,2012,1,17,1,12
1.696412959743625,1,0,1,2,13.94,15.91,53,16.9979,2011,3,11,4,15
1.9825852738913474,3,0,0,1,36.08,40.91,44,31.0009,2012,8,5,6,13
1.914541129043442,2,0,1,1,19.68,23.485,33,27.9993,2012,4,2,0,15
1.8329451460953283,2,0,0,1,27.06,30.305,78,15.0013,2011,6,11,5,22
0.9591348389208239,1,0,1,1,4.92,7.575,68,7.0015,2011,1,4,1,5
1.5099182003836584,4,0,1,3,18.04,21.97,100,12.998,2011,12,7,2,13
1.7599564649868773,1,0,1,1,18.86,22.725,31,26.0027,2011,2,16,2,16
1.8426436266120914,4,0,1,3,21.32,25.0,88,32.9975,2011,10,19,2,9
1.5341940066777084,3,0,1,1,29.52,34.85,74,12.998,2011,7,6,2,0
1.7047134862451474,1,0,1,1,9.02,11.365,47,11.0014,2011,1,5,2,20
1.9454031760832335,1,0,0,2,22.96,26.515,37,19.0012,2012,1,7,5,16
1.7935304491330344,3,0,0,3,30.34,35.605,79,11.0014,2011,8,6,5,17
1.0804178182729878,4,0,1,1,9.02,11.365,69,12.998,2012,11,14,2,4
1.6920895459931111,1,0,0,2,11.48,12.12,93,30.0026,2011,2,5,5,18
1.1947055233182955,2,0,1,2,13.12,15.91,87,12.998,2011,4,8,4,5
0.9591348389208239,3,0,1,1,27.88,31.82,79,8.9981,2012,7,10,1,4
1.8394863420693595,1,0,1,1,14.76,18.18,46,0.0,2012,2,3,4,13
1.0804178182729878,4,0,1,2,23.78,27.275,64,23.9994,2012,10,15,0,2
1.5224670302876946,3,0,0,1,21.32,25.0,77,12.998,2012,9,9,6,6
1.9354161398973209,3,0,1,2,22.96,26.515,68,7.0015,2011,9,19,0,19
1.8487473895449305,2,0,1,1,24.6,30.305,64,6.0032,2012,6,7,3,10
1.964787704766679,4,0,1,1,19.68,23.485,67,15.0013,2012,12,4,1,19
2.011415706438327,4,0,0,1,26.24,30.305,65,16.9979,2012,10,6,5,11
1.4087998161504007,1,0,1,3,13.12,15.91,93,11.0014,2011,3,9,2,22
1.783182776049518,1,0,1,1,13.12,15.15,53,22.0028,2011,3,14,0,9
1.327761429538331,1,0,0,1,5.74,10.605,80,0.0,2011,2,12,5,2
1.3437034446606386,2,0,0,1,20.5,24.24,63,8.9981,2012,4,15,6,6
1.8072636887169242,3,0,0,1,27.06,30.305,83,7.0015,2012,8,11,5,8
1.8839936846137324,4,0,1,1,24.6,29.545,73,19.0012,2012,10,5,4,22
1.1947055233182955,1,0,0,1,9.84,14.395,70,0.0,2012,2,18,5,6
1.9172340894587216,1,0,1,2,23.78,27.275,60,23.9994,2012,3,15,3,20
0.9591348389208239,3,0,0,1,28.7,33.335,79,12.998,2012,7,1,6,4
0.5265890341390445,1,0,1,1,4.92,6.06,50,15.0013,2011,1,10,0,3
1.6942663054703442,3,0,0,2,22.14,25.76,68,6.0032,2011,9,18,6,22
1.9623306102568445,4,0,1,2,18.86,22.725,67,12.998,2011,11,14,0,8
1.7890235001604364,2,0,1,3,21.32,25.0,94,15.0013,2012,6,18,0,7
1.7613486395430595,1,0,1,1,4.92,6.82,39,11.0014,2011,2,9,2,9
1.9489089836740094,2,0,1,1,22.96,26.515,60,7.0015,2011,4,19,1,17
1.7795609835022244,2,0,0,1,13.94,16.665,81,8.9981,2011,4,2,5,13
1.6783497616208911,1,0,1,1,9.02,9.85,37,26.0027,2011,1,14,4,13
0.9591348389208239,2,0,1,2,9.84,11.365,93,16.9979,2011,4,1,4,3
1.4576463830228739,1,0,0,2,12.3,15.91,42,7.0015,2011,1,15,5,22
1.3437034446606386,4,0,1,2,21.32,25.0,77,12.998,2011,10,19,2,1
1.8787285104503608,3,0,1,1,33.62,37.12,41,15.0013,2012,8,14,1,14
1.3105061862047918,4,0,1,1,18.86,22.725,82,15.0013,2012,10,18,3,1
1.870734136494135,1,0,1,1,13.94,17.425,34,6.0032,2011,3,1,1,17
1.939953111519832,4,0,0,1,21.32,25.0,29,19.0012,2011,11,12,5,15
1.6807250824647135,1,0,1,1,9.02,11.365,51,11.0014,2011,1,4,1,12
1.8112342343546721,4,0,0,1,13.94,17.425,53,7.0015,2012,11,3,5,21
1.4395687003478856,4,0,1,1,13.12,15.91,66,11.0014,2012,11,2,4,1
1.4196068415100236,2,0,1,1,25.42,31.06,50,7.0015,2011,4,5,1,0
1.74525954872198,1,0,1,1,9.02,12.88,55,6.0032,2011,1,6,3,19
1.963257777844227,3,0,1,2,27.06,30.305,83,11.0014,2012,7,9,0,8
1.9278815679894448,2,0,1,1,31.16,34.09,45,11.0014,2011,6,17,4,16
1.026672031199051,3,0,1,1,26.24,30.305,73,0.0,2011,8,17,2,4
1.8719957290222062,4,0,1,1,14.76,16.665,43,22.0028,2012,11,5,0,12
1.742136743805324,4,0,0,2,14.76,18.94,62,0.0,2012,12,16,6,0
0.9591348389208239,3,1,0,1,27.06,29.545,89,0.0,2012,9,3,0,5
1.8885037407137346,2,0,1,2,26.24,29.545,78,7.0015,2011,6,16,3,17
1.926236627583198,1,0,1,1,24.6,31.06,49,11.0014,2012,3,13,1,20
1.0804178182729878,1,0,0,1,16.4,20.455,17,27.9993,2011,2,19,5,6
1.8295542650992236,4,0,1,1,20.5,24.24,45,8.9981,2011,11,1,1,15
1.8649047698246697,1,0,1,1,13.12,15.15,31,15.0013,2011,3,7,0,18
1.9216002545355522,3,0,1,1,27.06,31.06,36,19.0012,2012,9,10,0,14
1.4576463830228739,1,0,1,2,17.22,21.21,82,22.0028,2012,3,16,4,1
1.8131782269605679,4,0,0,1,10.66,12.88,65,15.0013,2012,11,17,5,8
1.9330849197075204,1,0,1,1,18.04,21.97,82,7.0015,2012,3,14,2,7
1.9659980865692606,1,0,0,1,17.22,21.21,41,19.9995,2012,3,11,6,13
1.9258220450052628,2,0,1,1,29.52,32.575,42,0.0,2012,5,16,2,13
1.6632944814375767,1,0,1,1,13.94,14.395,29,31.0009,2011,3,2,2,21
1.765447506801529,1,0,1,2,18.04,21.97,94,0.0,2012,3,16,4,23
1.742136743805324,2,0,1,3,18.86,22.725,51,7.0015,2012,4,18,2,12
1.9867187683398329,4,0,1,2,24.6,28.79,78,15.0013,2011,10,11,1,18
1.7163798514467992,4,0,0,1,9.02,11.365,41,8.9981,2011,12,10,5,22
1.8781303494314965,3,0,1,2,36.9,40.91,35,0.0,2012,7,17,1,12
1.9373264503987613,2,0,1,1,22.96,26.515,24,8.9981,2012,4,3,1,20
1.6437209301888343,2,0,0,1,14.76,18.18,71,7.0015,2012,4,14,5,7
0.5265890341390445,1,0,1,2,8.2,10.605,69,8.9981,2011,1,7,4,4
1.4818766360989102,3,0,1,1,29.52,34.09,70,15.0013,2011,8,1,0,0
1.828693382742085,2,0,0,2,27.06,31.06,47,7.0015,2011,6,4,5,21
1.2484412575662103,2,0,1,2,19.68,23.485,88,8.9981,2012,5,10,3,1
1.77073964639405,3,0,1,1,31.16,35.605,62,12.998,2011,7,18,0,10
0.9591348389208239,1,1,0,1,11.48,12.88,45,22.0028,2012,1,2,0,4
1.6783497616208911,3,0,1,3,27.88,31.82,89,7.0015,2011,8,3,2,22
1.8810945047250232,3,0,1,2,27.06,31.06,69,15.0013,2012,8,9,3,22
1.7878742218230284,3,0,1,2,32.8,38.635,59,15.0013,2011,8,9,1,10
1.9291014406875389,2,0,0,1,24.6,31.06,49,0.0,2011,5,8,6,15
1.9446900546295833,4,0,1,1,18.04,21.97,77,0.0,2011,12,5,0,18
1.7306622908306295,4,0,0,1,18.86,22.725,82,0.0,2011,10,8,5,8
1.3852268599316875,4,0,1,2,15.58,19.695,82,12.998,2012,10,9,1,5
2.043686526122925,4,0,1,1,20.5,24.24,39,19.0012,2012,10,11,3,17
1.4660765372061442,2,0,0,1,22.96,26.515,60,6.0032,2012,6,16,5,3
1.579009137828587,4,0,0,2,12.3,15.15,81,11.0014,2012,11,18,6,3
0.8697416861919438,1,0,0,2,11.48,12.88,41,26.0027,2012,2,19,6,4
1.607232291151654,2,0,0,3,18.04,21.97,94,15.0013,2011,4,16,5,20
1.9056215095903026,3,0,0,1,32.8,34.85,33,15.0013,2011,7,2,5,19
1.8595014474498321,2,0,1,2,23.78,27.275,73,8.9981,2012,6,18,0,13
1.7968196318819551,4,0,0,2,21.32,25.0,94,0.0,2011,10,9,6,22
1.7733152706473527,2,0,1,2,21.32,25.0,83,15.0013,2011,5,13,4,22
1.6248263889219656,4,0,0,2,11.48,13.635,56,15.0013,2011,12,17,5,2
0.5265890341390445,4,0,1,1,18.04,21.97,94,6.0032,2011,10,18,1,3
1.7356879059276584,3,0,1,1,25.42,30.305,65,11.0014,2011,8,11,3,6
1.603478573504849,2,0,0,1,17.22,21.21,82,6.0032,2011,5,7,5,2
2.0323501670332265,3,0,1,1,22.96,26.515,73,0.0,2012,9,13,3,8
1.994583162332888,3,0,1,1,28.7,32.575,54,12.998,2011,9,12,0,18
1.85601087126303,4,0,0,1,16.4,20.455,66,0.0,2012,11,10,5,21
1.8912459334298568,2,0,1,1,22.14,25.76,45,16.9979,2011,6,3,4,7
1.607232291151654,1,0,0,2,12.3,15.15,70,8.9981,2012,2,11,5,0
1.1622831138840004,4,0,1,1,15.58,19.695,87,0.0,2012,12,3,0,3
1.1622831138840004,1,0,1,1,9.02,11.365,69,11.0014,2011,3,2,2,0
1.9158946735023363,3,0,1,1,29.52,33.335,58,7.0015,2012,7,12,3,9
1.448822238365871,4,0,1,1,17.22,21.21,82,7.0015,2012,12,4,1,1
1.9707236282233618,4,0,1,2,22.14,25.76,68,7.0015,2011,11,15,1,8
1.8694605040153234,4,0,1,1,13.94,16.665,46,0.0,2012,11,14,2,12
1.8304098214920528,1,0,1,2,14.76,16.665,34,23.9994,2012,3,9,4,11
1.496434016604423,3,0,1,1,23.78,27.275,88,7.0015,2011,9,14,2,5
1.8472468792313919,3,0,1,1,31.98,37.12,59,19.9995,2011,7,11,0,9
1.9421616481775266,3,0,0,1,34.44,35.605,20,0.0,2011,7,2,5,14
1.8857031067251113,2,0,1,1,28.7,32.575,54,8.9981,2012,5,16,2,11
1.7513148227387971,2,0,1,3,27.06,29.545,89,12.998,2012,6,12,1,15
1.4892992254175486,1,0,1,1,7.38,12.12,93,0.0,2011,2,7,0,6
1.804210600378433,4,0,1,1,14.76,17.425,50,11.0014,2012,10,11,3,6
0.9591348389208239,1,0,1,1,13.94,16.665,53,12.998,2011,2,17,3,3
1.907551234358238,4,0,1,1,17.22,21.21,82,19.0012,2011,10,4,1,7
0.8697416861919438,1,0,0,1,21.32,25.0,34,27.9993,2011,3,19,5,4
1.7236894193081456,1,0,1,2,10.66,14.395,87,6.0032,2012,1,11,2,11
1.026672031199051,4,0,1,3,18.86,22.725,94,6.0032,2011,11,16,2,1
1.6807250824647135,3,0,0,1,27.06,31.06,54,0.0,2011,7,2,5,1
1.6495606454510718,1,0,0,1,6.56,6.82,47,23.9994,2012,1,14,5,22
1.8928641420201489,1,0,1,2,9.84,12.88,60,6.0032,2012,2,14,1,7
1.9207388662156095,4,0,0,2,15.58,19.695,82,7.0015,2012,12,16,6,15
1.9303096939764732,3,0,0,1,31.98,37.88,66,22.0028,2011,9,4,6,14
1.9176774696931478,2,0,1,1,17.22,21.21,28,12.998,2012,4,9,0,7
1.6524030880939045,4,0,0,2,16.4,20.455,76,22.0028,2011,10,1,5,8
1.327761429538331,3,1,0,1,27.06,29.545,94,0.0,2012,9,3,0,6
1.8595014474498321,4,0,1,1,9.84,10.605,52,26.0027,2011,12,8,3,9
1.3437034446606386,2,0,1,1,18.04,21.97,77,8.9981,2011,5,2,0,3
1.8031780619573843,4,0,0,2,16.4,20.455,82,16.9979,2011,10,1,5,12
1.448822238365871,3,0,1,1,28.7,33.335,79,6.0032,2011,7,12,1,5
1.8150956430032537,1,0,1,2,7.38,8.335,47,19.9995,2011,2,9,2,18
1.881679452127038,4,0,1,1,20.5,24.24,77,7.0015,2011,10,6,3,20
1.7373263784001205,4,0,1,1,12.3,15.15,52,11.0014,2011,12,13,1,22
1.983371148410903,2,0,1,1,20.5,24.24,82,11.0014,2012,6,7,3,7
1.9163427015318748,2,0,1,3,26.24,28.79,83,16.9979,2011,6,17,4,19
1.8970839874548464,2,0,0,2,21.32,25.0,72,11.0014,2011,4,10,6,16
1.7855476541684288,1,0,1,1,14.76,16.665,62,27.9993,2012,2,17,4,11
1.9373264503987613,2,0,0,1,28.7,31.82,42,16.9979,2012,4,15,6,19
1.7968196318819551,3,1,0,3,27.88,31.82,74,11.0014,2011,9,5,0,9
1.8862680216940895,4,0,1,1,24.6,31.06,56,0.0,2012,12,3,0,15
1.5555453730992024,2,1,0,1,26.24,31.06,53,22.0028,2012,4,16,0,0
1.863574168980396,1,0,1,1,17.22,21.21,38,12.998,2012,2,15,2,16
1.8378799982871266,3,0,1,1,26.24,30.305,73,0.0,2011,9,2,4,20
1.9671966564317944,2,0,0,2,31.16,34.85,52,15.0013,2011,6,18,5,16
1.5957092304038698,4,0,1,1,13.12,15.91,70,11.0014,2011,12,15,3,0
1.6313704001963978,4,0,1,3,12.3,14.395,56,16.9979,2012,11,7,2,22
1.7667886546960463,3,0,0,1,22.96,26.515,68,6.0032,2012,9,16,6,22
1.700619000072578,1,0,1,1,22.96,26.515,56,8.9981,2012,3,13,1,23
1.7599564649868773,4,0,1,2,14.76,18.18,93,6.0032,2012,12,7,4,23
1.879323983956676,1,0,1,1,15.58,19.695,40,31.0009,2011,2,14,0,8
1.3437034446606386,2,0,0,1,14.76,16.665,50,23.9994,2011,4,17,6,7
1.880506958839086,2,0,1,2,25.42,31.06,46,12.998,2012,4,4,2,14
2.018234751868829,3,0,1,2,27.06,30.305,78,12.998,2012,8,1,2,8
1.6710010327416251,4,0,0,1,8.2,9.85,51,15.0013,2011,12,11,6,0
1.9653943859068015,4,0,0,1,24.6,31.06,40,19.9995,2011,10,16,6,14
1.358504720646626,4,0,1,1,9.02,13.635,80,0.0,2011,12,13,1,0
1.7340313214932865,1,0,0,1,12.3,13.635,45,22.0028,2011,2,13,6,10
1.8629038905519502,2,0,1,1,27.06,31.06,69,8.9981,2012,6,19,1,11
1.7437063358613225,4,0,1,1,11.48,13.635,48,11.0014,2011,11,18,4,21
1.4818766360989102,3,0,1,2,28.7,33.335,84,16.9979,2012,9,4,1,0
1.2917246727283112,4,0,0,1,9.84,12.88,87,6.0032,2012,12,1,5,5
1.1947055233182955,2,0,1,2,25.42,31.06,53,16.9979,2012,6,14,3,2
1.1622831138840004,1,0,0,2,17.22,21.21,94,6.0032,2012,3,17,5,5
1.8337800047354695,3,0,0,1,24.6,31.06,56,7.0015,2012,9,16,6,21
1.1622831138840004,1,0,0,3,9.02,11.365,93,8.9981,2011,2,5,5,4
1.983631976212856,2,0,1,1,25.42,30.305,69,15.0013,2011,5,12,3,18
1.9051345487873121,4,0,1,1,18.04,21.97,72,7.0015,2011,11,9,2,19
0.9591348389208239,3,0,1,2,31.16,34.85,55,6.0032,2011,8,3,2,3
1.9127139332707952,4,0,0,1,14.76,16.665,46,16.9979,2012,11,17,5,10
1.9516443500946277,4,1,0,1,22.96,26.515,64,15.0013,2012,11,12,0,12
1.752790725901759,3,0,1,1,27.88,31.82,69,7.0015,2011,8,2,1,6
1.9668981094094211,4,0,1,2,10.66,15.15,87,0.0,2011,12,14,2,8
1.7289490519659823,3,0,1,1,28.7,33.335,74,7.0015,2011,7,8,4,6
1.963872033379227,4,0,1,1,18.04,21.97,62,11.0014,2011,10,6,3,8
1.74525954872198,1,0,1,2,13.94,15.15,76,22.0028,2011,3,9,2,16
1.752790725901759,2,0,1,1,21.32,25.0,83,0.0,2011,5,18,2,22
1.9410622367698473,3,0,0,1,37.72,44.695,42,19.9995,2012,7,8,6,11
1.863574168980396,4,0,1,2,15.58,19.695,46,19.9995,2011,12,16,4,7
1.4196068415100236,2,0,1,3,21.32,25.0,94,16.9979,2011,5,17,1,5
1.7289490519659823,1,0,1,2,10.66,12.88,65,15.0013,2012,2,8,2,11
2.041315273644163,3,0,1,3,31.16,36.365,66,16.9979,2012,8,14,1,17
0.7412763113750153,4,0,1,1,10.66,15.15,75,0.0,2011,12,14,2,2
1.8378799982871266,2,0,0,2,19.68,23.485,82,16.9979,2011,5,1,6,17
1.637662762520353,1,0,1,2,8.2,11.365,92,7.0015,2012,1,9,0,22
1.9495984779180693,2,0,0,1,22.14,25.76,16,22.0028,2012,4,7,5,19
1.7163798514467992,4,0,0,2,10.66,14.395,81,6.0032,2012,12,15,5,1
1.603478573504849,3,0,0,1,24.6,27.275,88,8.9981,2011,9,10,5,7
1.2917246727283112,1,0,0,1,13.94,16.665,66,11.0014,2011,3,13,6,4
1.4395687003478856,4,0,0,3,13.94,15.91,87,16.9979,2011,10,2,6,1
1.913173172035371,1,0,1,2,12.3,14.395,65,12.998,2012,2,15,2,7
1.85601087126303,3,0,1,2,26.24,28.79,89,0.0,2012,8,10,4,9
1.867527001142399,4,0,1,1,18.86,22.725,44,26.0027,2011,11,4,4,15
1.9395812163258002,4,0,1,1,9.84,14.395,81,0.0,2011,12,9,4,8
1.7513148227387971,4,0,1,1,12.3,14.395,42,16.9979,2011,11,17,3,21
1.8524277618844993,1,0,0,2,18.04,21.97,54,19.9995,2012,1,1,6,16
0.8697416861919438,1,0,1,1,18.04,21.97,44,12.998,2012,2,1,2,3
1.8102520538839093,3,0,1,1,29.52,34.09,62,6.0032,2011,8,19,4,10
1.3437034446606386,3,0,1,1,28.7,33.335,74,8.9981,2012,7,10,1,2
1.579009137828587,1,0,1,1,12.3,15.15,65,8.9981,2012,2,6,0,23
1.775845981748474,3,0,1,2,29.52,34.85,74,7.0015,2011,7,19,1,6
1.4892992254175486,1,0,0,1,13.12,14.395,42,30.0026,2011,1,2,6,19
1.7640939343176614,1,0,1,1,21.32,25.0,42,16.9979,2011,3,17,3,15
1.5163019408528369,1,0,1,3,17.22,21.21,0,15.0013,2011,3,10,3,12
1.026672031199051,4,0,1,3,14.76,18.94,100,0.0,2012,12,17,0,4
1.4298455472897516,1,0,0,1,9.84,11.365,70,12.998,2011,3,12,5,7
1.873866006687491,4,0,1,1,11.48,15.91,75,0.0,2011,12,14,2,7
1.7694345201285457,4,0,1,1,21.32,25.0,52,0.0,2011,10,6,3,10
1.8354346948604652,4,0,0,1,22.96,26.515,73,7.0015,2011,10,9,6,20
1.2917246727283112,2,0,0,1,20.5,24.24,72,6.0032,2012,6,3,6,4
1.1247482629090362,1,0,1,1,18.86,22.725,77,35.0008,2012,3,9,4,3
1.710657776180059,3,0,0,3,25.42,27.275,94,11.0014,2012,8,18,5,1
1.4818766360989102,2,0,1,3,24.6,27.275,88,8.9981,2012,6,12,1,5
1.757131886054717,4,0,1,3,22.14,25.76,94,22.0028,2011,10,12,2,11
1.8538724045702297,1,0,1,2,14.76,17.425,62,12.998,2011,3,15,1,17
1.8538724045702297,4,0,1,2,15.58,19.695,54,7.0015,2012,11,15,3,13
1.9519820823132483,3,0,1,1,30.34,34.85,66,19.0012,2011,7,11,0,8
0.9591348389208239,1,0,1,1,12.3,14.395,56,19.0012,2012,3,7,2,2
1.9346438389440457,3,0,1,1,30.34,34.09,55,16.9979,2011,8,5,4,19
1.8141402142832723,1,0,1,2,17.22,21.21,77,12.998,2011,2,18,4,9
1.2711498482847257,1,0,1,1,4.92,5.305,33,22.0028,2011,2,8,1,23
1.6710010327416251,3,0,1,1,26.24,29.545,78,7.0015,2011,9,13,1,23
1.8681746132307353,3,0,0,1,30.34,34.09,58,11.0014,2011,7,9,5,21
1.026672031199051,4,0,1,1,17.22,21.21,88,0.0,2011,10,7,4,2
1.503300998004841,3,1,0,1,27.06,31.06,69,0.0,2012,7,4,2,6
2.0226327759016205,2,0,0,1,28.7,31.82,37,8.9981,2012,5,19,5,13
1.696412959743625,3,0,1,1,28.7,32.575,65,6.0032,2012,8,10,4,0
1.8923269571335788,2,0,0,2,21.32,25.0,94,8.9981,2011,5,14,5,11
1.4087998161504007,1,0,1,3,17.22,21.21,0,16.9979,2011,3,10,3,16
1.607232291151654,1,0,0,1,10.66,12.88,65,11.0014,2011,3,12,5,8
1.8642411184013048,4,0,1,2,13.94,18.18,42,0.0,2012,12,12,2,12
1.7946353028541102,2,0,1,2,27.88,31.82,61,19.9995,2011,6,16,3,11
1.7627277196400848,1,0,1,1,21.32,25.0,55,26.0027,2011,2,17,3,21
1.3437034446606386,1,0,0,1,10.66,11.365,41,19.9995,2012,3,10,5,3
1.780778386075876,4,0,1,1,14.76,18.94,93,0.0,2012,12,3,0,6
1.3973634811730353,1,0,0,1,9.02,11.365,87,12.998,2012,1,7,5,7
1.9620199972165449,2,0,0,2,16.4,20.455,71,12.998,2012,4,1,6,11
1.7067206012930416,1,0,0,3,9.02,12.12,93,7.0015,2012,2,11,5,9
1.8595014474498321,3,0,1,1,35.26,39.395,41,8.9981,2012,8,2,3,14
1.2484412575662103,4,0,0,1,9.84,12.88,65,7.0015,2011,12,10,5,6
1.6281310150671582,4,0,0,2,10.66,12.88,56,15.0013,2011,12,17,5,8
1.9207388662156095,3,0,1,2,25.42,29.545,78,12.998,2011,9,15,3,7
1.0804178182729878,3,0,1,1,27.06,31.06,69,19.0012,2011,8,18,3,3
1.7467966996992919,3,0,1,1,33.62,37.88,46,12.998,2011,7,13,2,10
1.7067206012930416,2,0,1,1,21.32,25.0,55,19.0012,2011,4,18,0,22
1.8694605040153234,4,0,1,2,13.94,16.665,71,12.998,2012,12,7,4,12
1.8131782269605679,1,0,0,2,16.4,20.455,87,0.0,2012,3,3,5,10
1.1247482629090362,1,0,0,3,18.04,21.97,100,15.0013,2011,3,6,6,15
0.9591348389208239,1,0,0,3,8.2,12.88,100,0.0,2011,2,5,5,6
1.3973634811730353,3,0,1,1,22.96,26.515,88,0.0,2011,9,13,1,5
1.3973634811730353,3,0,1,3,26.24,28.79,89,0.0,2011,8,19,4,1
1.9172340894587216,2,0,1,1,27.06,31.06,44,11.0014,2011,6,15,2,20
1.9228815367921321,3,0,1,1,31.16,34.85,55,0.0,2012,7,5,3,7
1.939953111519832,2,0,1,1,26.24,31.06,50,23.9994,2011,6,14,1,19
1.883418917934741,1,0,1,1,13.12,14.395,42,23.9994,2012,1,18,2,7
1.7026798402849839,3,0,1,2,27.88,31.82,89,8.9981,2011,8,3,2,21
1.4818766360989102,1,0,1,3,6.56,9.09,93,7.0015,2011,1,11,1,22
1.3973634811730353,3,0,1,3,25.42,29.545,73,7.0015,2011,9,2,4,2
1.9278815679894448,3,0,0,3,30.34,35.605,74,8.9981,2012,9,2,6,15
1.8225126721028055,2,0,1,1,30.34,32.575,28,0.0,2011,6,15,2,14
1.6214540309583532,2,0,0,2,15.58,19.695,87,6.0032,2011,4,9,5,23
1.5653166550596793,3,0,0,2,27.06,29.545,89,15.0013,2012,9,8,5,3
1.6985302777514544,1,0,1,2,9.84,12.88,60,0.0,2012,3,5,0,10
1.6281310150671582,1,0,1,1,9.02,12.88,44,6.0032,2011,1,6,3,11
1.448822238365871,1,0,1,1,9.02,12.88,75,6.0032,2012,1,6,4,0
1.1947055233182955,1,0,1,2,17.22,21.21,67,8.9981,2012,2,2,3,2
1.783182776049518,2,0,1,2,27.06,31.06,65,22.0028,2011,5,3,1,11
1.6606403793348095,1,0,1,1,11.48,13.635,36,11.0014,2011,1,6,3,14
2.0076393464032622,3,0,1,1,30.34,33.335,48,15.0013,2012,7,12,3,19
1.223156202527103,3,0,1,2,24.6,27.275,88,8.9981,2011,8,15,0,1
1.9016736242907473,2,0,1,1,18.86,22.725,88,8.9981,2011,5,12,3,7
1.9439728458782473,2,0,0,1,30.34,33.335,51,0.0,2011,6,19,6,17
1.7163798514467992,2,0,0,1,18.86,22.725,67,7.0015,2012,5,19,5,7
1.5284269505599697,3,0,1,1,28.7,33.335,79,7.0015,2012,8,7,1,5
1.1247482629090362,4,0,1,3,22.14,25.76,94,26.0027,2011,10,12,2,4
0.8697416861919438,1,0,1,1,5.74,6.06,50,22.0028,2011,1,13,3,3
1.7843700777314968,3,0,1,2,27.06,29.545,89,0.0,2011,7,13,2,16
1.7373263784001205,1,0,1,1,13.94,14.395,31,32.9975,2012,3,9,4,22
1.9089798563370792,1,0,0,1,20.5,24.24,31,32.9975,2011,3,19,5,14
1.8787285104503608,3,0,1,2,31.16,34.85,55,16.9979,2012,7,9,0,13
1.8700988387609099,4,0,1,1,13.12,15.15,49,16.9979,2012,11,5,0,20
1.9011715868708958,3,0,0,1,29.52,33.335,51,15.0013,2011,7,16,5,20
1.783182776049518,1,0,1,1,16.4,20.455,35,11.0014,2012,2,6,0,14
1.7585509609170316,3,1,0,2,28.7,33.335,84,8.9981,2012,9,3,0,22
1.755698992678211,2,0,0,1,22.96,26.515,68,16.9979,2012,6,17,6,8
0.8697416861919438,1,0,1,1,5.74,7.575,50,8.9981,2012,1,19,3,2
1.8622302516766631,3,0,1,1,25.42,28.79,83,12.998,2012,9,14,4,22
1.4298455472897516,2,0,1,2,22.14,25.76,88,15.0013,2011,5,18,2,0
1.8464903775306214,2,0,1,1,27.06,29.545,94,7.0015,2012,6,12,1,22
1.8434216945775423,4,0,1,1,24.6,31.06,49,26.0027,2011,11,14,0,13
1.828693382742085,1,0,0,1,20.5,24.24,77,11.0014,2012,3,17,5,23
2.0406745847812164,3,0,1,1,29.52,32.575,45,15.0013,2012,9,14,4,18
1.4576463830228739,3,0,1,3,25.42,25.76,100,6.0032,2011,9,8,3,23
1.7745861482661287,4,0,1,1,9.84,12.12,65,11.0014,2012,12,6,3,22
1.9061066457543656,3,0,1,1,32.8,37.12,52,0.0,2012,8,7,1,15
1.8545889886375557,2,0,1,1,29.52,34.09,70,8.9981,2011,6,7,1,21
1.7667886546960463,2,0,1,2,22.14,25.76,49,22.0028,2011,5,6,4,10
1.2711498482847257,2,0,0,1,10.66,13.635,70,7.0015,2011,4,2,5,6
1.9738697143211963,3,0,0,1,35.26,40.15,47,35.0008,2012,8,5,6,12
1.9707236282233618,4,0,1,1,17.22,21.21,38,23.9994,2011,11,4,4,17
1.327761429538331,3,0,1,2,30.34,33.335,51,16.9979,2012,7,2,0,2
1.8225126721028055,4,0,1,2,11.48,12.88,56,19.9995,2012,11,7,2,10
1.9278815679894448,4,0,1,3,13.94,15.15,61,19.9995,2011,11,17,3,8
1.7182404735813999,2,0,0,1,17.22,21.21,67,6.0032,2011,5,1,6,0
0.9591348389208239,3,0,1,2,22.14,25.76,94,19.9995,2011,9,6,1,4
1.9021737291891518,2,0,0,1,22.96,26.515,49,19.9995,2011,5,7,5,10
1.1247482629090362,1,0,1,1,4.1,6.82,54,6.0032,2011,2,11,4,1
1.7236894193081456,1,0,1,2,12.3,14.395,42,15.0013,2011,2,4,4,16
1.8531520084405109,3,0,1,2,32.8,39.395,63,23.9994,2011,7,8,4,14
1.1947055233182955,3,0,1,1,27.06,30.305,83,0.0,2012,8,2,3,4
1.8694605040153234,4,0,1,2,25.42,27.275,94,7.0015,2012,10,2,1,22
1.2917246727283112,3,0,1,1,26.24,28.79,83,7.0015,2012,8,1,2,2
1.755698992678211,1,0,1,1,9.84,11.365,44,12.998,2012,1,19,3,14
1.9103928415548865,3,0,0,1,28.7,32.575,58,8.9981,2011,9,10,5,19
1.5284269505599697,2,0,0,1,14.76,16.665,29,23.9994,2012,4,7,5,2
1.8169871572575529,4,0,1,2,13.12,15.15,49,15.0013,2012,12,12,2,11
1.1622831138840004,4,1,0,1,12.3,14.395,61,12.998,2011,11,11,4,4
1.9414297785949048,2,0,1,2,26.24,31.06,44,19.0012,2012,4,4,2,16
1.886830523322648,3,0,1,1,29.52,32.575,42,15.0013,2011,7,1,4,20
1.818853419699573,4,0,0,1,13.94,17.425,53,7.0015,2012,10,13,5,8
1.4818766360989102,1,0,1,1,17.22,21.21,77,15.0013,2012,3,8,3,5
1.9869724729359572,3,0,1,2,22.96,26.515,68,8.9981,2011,9,19,0,18
1.9270617593861936,3,0,1,2,32.8,35.605,36,7.0015,2012,7,13,4,15
1.6659050929776016,1,0,0,3,9.02,11.365,100,11.0014,2011,2,5,5,13
1.6759380249901916,1,0,0,1,7.38,6.82,29,30.0026,2011,1,8,5,16
1.372306733580753,1,0,0,1,3.28,4.545,53,12.998,2012,2,12,6,7
1.884565958136911,2,0,1,3,19.68,23.485,44,19.9995,2012,4,18,2,9
1.5504460211620947,2,0,1,2,24.6,31.06,56,16.9979,2012,6,14,3,5
1.4660765372061442,4,0,1,1,14.76,17.425,66,15.0013,2012,11,19,0,0
1.4395687003478856,3,0,1,1,27.06,31.06,69,6.0032,2011,8,17,2,0
1.7356879059276584,2,0,1,1,22.14,25.76,45,19.9995,2011,6,3,4,6
1.9307098989760174,3,0,0,2,34.44,40.15,53,16.9979,2011,8,6,5,15
1.7182404735813999,4,0,1,1,19.68,23.485,67,16.9979,2012,12,4,1,23
2.036753708317309,4,0,1,2,18.86,22.725,77,7.0015,2012,10,1,0,8
1.95596482071691,2,0,1,2,31.16,36.365,70,7.0015,2011,6,9,3,8
1.7254630513334037,1,0,1,2,14.76,17.425,87,12.998,2012,3,2,4,20
1.9936278224918556,4,0,0,1,21.32,25.0,45,0.0,2012,11,10,5,15
1.8896075013631948,2,0,1,1,26.24,31.06,41,23.9994,2012,6,4,0,13
1.781985597277665,3,0,1,3,27.06,29.545,89,19.9995,2011,9,8,3,15
1.5451936315479267,1,0,0,2,18.86,22.725,88,19.9995,2011,1,1,5,23
1.3437034446606386,1,0,1,1,4.92,7.575,93,8.9981,2011,1,12,2,6
1.5224670302876946,2,0,1,1,21.32,25.0,68,0.0,2012,6,4,0,5
1.3437034446606386,2,0,1,3,24.6,28.03,83,16.9979,2011,6,16,3,23
1.797899348601363,2,0,1,1,28.7,32.575,65,8.9981,2011,6,7,1,22
1.856716243803005,2,0,1,3,13.94,16.665,87,11.0014,2011,4,8,4,8
1.9346438389440457,4,0,1,2,14.76,18.18,71,7.0015,2011,10,3,0,8
1.6407200993500939,1,0,1,1,10.66,12.88,52,15.0013,2011,1,4,1,14
1.026672031199051,3,0,1,3,28.7,33.335,89,12.998,2012,7,9,0,2
1.868819104784765,4,0,0,1,14.76,17.425,50,11.0014,2012,11,3,5,19
1.2917246727283112,4,0,1,3,9.84,9.85,93,30.0026,2011,12,7,2,22
1.9519820823132483,4,1,0,1,24.6,30.305,60,15.0013,2012,11,12,0,13
1.7389471062414084,1,0,1,1,11.48,12.88,61,26.0027,2012,3,7,2,6
1.7289490519659823,2,0,1,1,18.86,22.725,41,19.0012,2011,4,6,2,21
1.6734888160092363,2,0,1,1,13.12,15.15,66,19.0012,2011,4,1,4,10
1.4395687003478856,4,0,1,2,17.22,21.21,88,16.9979,2011,11,17,3,0
1.8418611059620993,1,0,1,1,14.76,16.665,34,27.9993,2012,3,9,4,12
1.1622831138840004,3,0,1,2,25.42,25.76,100,16.9979,2011,9,9,4,2
1.5341940066777084,3,0,1,1,30.34,33.335,51,15.0013,2011,8,10,2,0
1.026672031199051,4,0,1,1,13.12,17.425,93,0.0,2011,11,9,2,2
1.9189984754722385,2,0,1,1,32.8,37.88,55,15.0013,2012,6,19,1,16
1.6407200993500939,1,0,1,1,9.02,9.85,47,22.0028,2011,2,2,2,21
0.5265890341390445,1,0,1,1,8.2,8.335,27,31.0009,2011,3,3,3,3
1.8197772781208725,1,0,1,1,19.68,23.485,55,22.0028,2011,2,17,3,19
1.2484412575662103,4,0,1,1,17.22,21.21,50,8.9981,2012,10,11,3,2
1.9815294414059943,4,0,1,1,25.42,31.06,46,16.9979,2011,11,14,0,17
0.5265890341390445,2,0,1,1,9.84,12.12,65,8.9981,2011,4,6,2,4
1.1622831138840004,1,0,0,2,5.74,6.06,50,19.0012,2012,1,15,6,6
1.74525954872198,2,0,1,1,18.04,21.97,88,0.0,2011,5,12,3,6
1.7946353028541102,2,0,1,1,21.32,25.0,55,7.0015,2011,5,10,1,22
1.5224670302876946,4,0,0,3,17.22,21.21,58,11.0014,2012,10,7,6,7
0.5265890341390445,1,0,1,2,7.38,8.335,74,16.9979,2011,3,4,4,3
1.7389471062414084,4,0,0,3,14.76,18.18,100,6.0032,2012,12,9,6,20
1.8681746132307353,4,0,1,2,19.68,23.485,82,8.9981,2011,11,15,1,20
0.9591348389208239,4,0,1,2,16.4,20.455,87,8.9981,2012,12,4,1,3
2.040995375522574,3,0,1,1,35.26,37.88,36,16.9979,2012,8,9,3,17
1.8538724045702297,3,0,1,1,26.24,28.79,89,11.0014,2012,9,6,3,22
1.8896075013631948,2,0,1,1,27.88,31.82,83,7.0015,2012,6,12,1,21
1.8370697219086884,3,0,1,1,20.5,24.24,82,0.0,2012,9,13,3,6
1.7047134862451474,2,0,1,1,13.94,14.395,46,35.0008,2011,4,5,1,21
1.832105201899316,4,0,0,1,16.4,20.455,62,0.0,2012,10,13,5,22
1.875710366758475,2,0,0,1,18.86,22.725,82,7.0015,2011,5,1,6,11
1.3973634811730353,4,0,1,3,18.86,22.725,88,15.0013,2011,12,6,1,5
1.8031780619573843,2,0,1,1,17.22,21.21,35,12.998,2012,4,12,3,22
2.0105868828871887,2,0,0,1,20.5,24.24,22,12.998,2012,4,7,5,13
1.712589050021264,3,1,0,1,27.06,30.305,83,8.9981,2012,7,4,2,2
1.7720331658588133,4,0,1,1,18.86,22.725,88,7.0015,2012,10,19,4,23
1.8206950566924849,2,0,1,2,25.42,31.06,33,0.0,2011,5,10,1,14
1.3105061862047918,3,0,0,1,30.34,35.605,74,12.998,2012,7,7,5,5
1.9785775703622708,4,0,1,1,18.04,21.97,88,16.9979,2012,10,18,3,7
1.7182404735813999,2,0,0,1,16.4,20.455,58,8.9981,2012,4,14,5,0
1.9686785871062156,3,0,1,1,30.34,34.09,58,19.0012,2012,7,19,3,7
1.9962368841455098,2,0,0,1,28.7,31.82,34,16.9979,2012,6,3,6,17
1.884565958136911,1,0,0,1,18.86,22.725,51,19.9995,2012,1,1,6,15
2.036753708317309,4,0,1,2,20.5,24.24,72,15.0013,2012,10,9,1,18
2.036587408288116,3,0,0,2,27.06,31.06,36,15.0013,2012,9,15,5,16
2.0347421241127095,3,0,1,1,36.9,40.15,33,12.998,2012,7,17,1,18
2.0072122107985986,4,0,0,1,22.14,25.76,37,0.0,2012,11,10,5,14
1.7627277196400848,2,0,0,2,22.14,25.76,56,12.998,2012,4,15,6,0
1.327761429538331,1,0,0,3,6.56,9.09,93,7.0015,2011,1,8,5,8
1.7182404735813999,4,0,1,1,14.76,18.94,81,0.0,2011,11,1,1,22
1.890155921849322,3,0,1,1,31.16,36.365,70,16.9979,2011,7,6,2,16
1.8243068483519838,2,0,1,1,20.5,24.24,36,12.998,2011,5,5,3,21
1.9543208505321603,2,0,1,2,32.8,35.605,41,27.9993,2012,6,11,0,16
0.5265890341390445,1,0,1,1,11.48,14.395,70,7.0015,2012,2,15,2,4
1.4298455472897516,1,0,0,1,10.66,13.635,56,8.9981,2011,1,16,6,1
1.026672031199051,1,0,1,1,9.84,12.12,56,8.9981,2012,1,9,0,2
1.9282894962939565,3,0,1,1,30.34,33.335,48,12.998,2012,8,16,3,21
1.6214540309583532,2,0,0,1,26.24,29.545,78,8.9981,2011,6,18,5,7
1.8426436266120914,3,0,1,1,37.72,43.18,37,8.9981,2012,7,18,2,12
1.7218947624700471,2,0,1,2,16.4,20.455,62,26.0027,2011,4,8,4,11
1.8131782269605679,4,0,1,1,13.94,15.91,61,15.0013,2012,12,19,2,21
1.7218947624700471,4,0,1,1,12.3,16.665,87,0.0,2011,11,9,2,6
1.8472468792313919,2,0,0,1,20.5,24.24,20,15.0013,2012,4,7,5,20
1.5284269505599697,4,0,1,3,18.86,22.725,94,0.0,2011,11,16,2,10
1.4741440143630178,2,0,0,1,26.24,28.79,89,19.0012,2011,6,12,6,3
2.0484369434843095,3,0,1,2,32.8,37.88,55,19.0012,2012,8,8,2,17
1.1622831138840004,3,0,1,1,26.24,28.79,83,0.0,2011,8,19,4,4
1.8169871572575529,4,0,1,1,17.22,21.21,67,11.0014,2012,10,16,1,6
0.7412763113750153,4,0,1,2,22.96,26.515,83,19.0012,2011,10,12,2,2
1.0804178182729878,4,0,0,1,10.66,13.635,87,7.0015,2012,11,10,5,4
0.5265890341390445,1,0,1,1,9.02,10.605,69,16.9979,2011,3,1,1,4
1.4298455472897516,4,0,1,2,14.76,17.425,100,8.9981,2011,11,10,3,5
1.9617085993863232,4,0,1,1,24.6,31.06,56,19.0012,2012,10,18,3,16
1.7627277196400848,3,0,0,1,22.96,26.515,73,15.0013,2012,9,9,6,1
1.963257777844227,3,0,1,2,27.88,31.82,65,11.0014,2011,9,2,4,17
1.2711498482847257,1,0,1,1,13.12,16.665,66,6.0032,2011,2,17,3,5
1.8234126545313947,1,0,1,1,10.66,11.365,37,31.0009,2012,3,5,0,20
1.579009137828587,2,0,1,1,20.5,24.24,59,16.9979,2011,4,18,0,23
1.3105061862047918,2,0,1,1,22.96,26.515,88,15.0013,2012,5,4,4,3
1.5099182003836584,2,0,0,1,11.48,13.635,65,12.998,2011,4,3,6,6
1.742136743805324,1,0,0,1,12.3,14.395,39,15.0013,2012,3,10,5,21
1.4660765372061442,2,0,1,1,17.22,21.21,67,6.0032,2012,4,4,2,5
1.5224670302876946,1,0,1,2,8.2,10.605,47,8.9981,2011,1,11,1,11
1.9334764565955942,1,0,0,1,14.76,17.425,43,12.998,2012,2,18,5,12
0.8697416861919438,4,0,0,2,10.66,15.15,75,0.0,2012,12,15,5,5
1.926236627583198,3,0,0,1,29.52,34.85,79,8.9981,2012,7,14,5,18
1.5555453730992024,1,0,1,1,7.38,10.605,51,6.0032,2011,2,3,3,22
1.7935304491330344,3,0,0,1,31.16,36.365,66,0.0,2012,7,1,6,0
1.8965639023210192,3,0,1,1,33.62,37.88,46,0.0,2012,8,6,0,14
0.8697416861919438,1,0,1,1,11.48,11.365,41,46.0022,2011,2,15,1,2
1.5875644833216505,1,0,0,1,6.56,6.82,40,22.0028,2011,1,9,6,18
1.8449646614985311,4,0,1,2,25.42,28.79,83,11.0014,2011,10,13,3,19
1.8402825130491083,4,0,1,1,17.22,21.21,41,6.0032,2011,12,2,4,15
1.223156202527103,1,0,1,1,8.2,12.88,86,0.0,2011,2,7,0,5
1.9103928415548865,2,0,1,1,28.7,31.82,37,19.0012,2012,6,7,3,13
1.8933991317302272,2,0,1,1,13.94,15.15,46,22.0028,2011,4,1,4,17
1.8896075013631948,2,0,1,2,29.52,33.335,48,7.0015,2012,5,16,2,15
1.6214540309583532,1,0,1,1,9.02,9.85,37,22.0028,2011,1,5,2,10
1.8622302516766631,4,0,1,2,22.14,25.76,83,12.998,2012,10,18,3,22
1.4087998161504007,2,0,1,2,27.06,29.545,89,6.0032,2011,6,1,2,5
1.5504460211620947,3,1,0,1,27.06,29.545,89,7.0015,2012,9,3,0,2
1.6466671712706678,1,0,1,1,9.84,9.85,38,32.9975,2011,2,8,1,12
1.8588105191644075,3,0,1,2,29.52,33.335,58,7.0015,2012,7,9,0,22
1.947867540121006,2,0,1,1,29.52,32.575,32,8.9981,2012,6,8,4,20
1.9326921663167214,4,1,0,1,21.32,25.0,72,11.0014,2012,11,12,0,11
1.8141402142832723,4,0,1,2,21.32,25.0,48,16.9979,2011,11,3,3,13
1.9572644719401497,3,1,0,1,32.8,36.365,46,0.0,2011,7,4,0,17
1.7272161148848966,3,0,1,1,26.24,29.545,78,8.9981,2011,8,5,4,6
1.755698992678211,1,0,1,1,12.3,15.15,49,8.9981,2011,3,1,1,19
1.6524030880939045,2,0,0,1,17.22,21.21,71,8.9981,2012,5,12,5,7
1.7163798514467992,2,0,1,3,9.84,12.12,93,0.0,2011,4,1,4,7
1.5996388013001026,1,0,1,1,7.38,10.605,47,7.0015,2011,1,7,4,20
1.8629038905519502,1,0,1,2,9.02,11.365,55,11.0014,2011,2,16,2,8
1.887390630978784,3,0,1,1,30.34,34.85,66,12.998,2012,9,6,3,15
1.7585509609170316,4,0,0,3,16.4,20.455,76,23.9994,2011,10,1,5,10
1.987981985465796,1,0,0,2,18.86,22.725,82,11.0014,2012,3,18,6,13
1.879323983956676,2,0,1,2,28.7,32.575,61,6.0032,2012,5,15,1,15
1.8917875600189848,4,0,1,1,18.86,22.725,59,0.0,2011,11,8,1,19
1.9061066457543656,2,0,0,1,22.96,26.515,30,30.0026,2011,4,17,6,17
1.6659050929776016,3,0,0,1,29.52,34.09,66,16.9979,2011,7,10,6,23
1.3105061862047918,1,0,1,3,18.04,21.97,0,15.0013,2011,3,10,3,15
1.223156202527103,4,0,1,1,12.3,16.665,87,0.0,2011,11,2,2,1
1.8750984179960517,3,0,1,1,32.8,36.365,46,12.998,2012,7,10,1,11
1.7855476541684288,4,0,1,2,13.12,17.425,57,0.0,2011,12,14,2,10
1.5284269505599697,1,0,1,2,9.02,12.88,87,6.0032,2011,2,1,1,22
1.965696607064784,2,0,1,1,22.96,26.515,26,16.9979,2012,4,13,4,16
0.9591348389208239,2,0,1,2,22.96,26.515,73,6.0032,2011,6,16,3,3
1.9228815367921321,3,0,1,1,29.52,34.85,74,7.0015,2011,8,9,1,7
1.9809980539999918,2,0,1,1,28.7,32.575,54,31.0009,2011,5,3,1,17
0.8697416861919438,4,0,1,1,6.56,9.85,86,6.0032,2011,12,19,0,3
1.9769366905751646,2,0,1,2,22.96,26.515,43,22.0028,2011,6,3,4,8
1.946817331669524,4,0,0,1,23.78,27.275,49,31.0009,2011,10,16,6,17
1.6466671712706678,3,0,1,2,28.7,33.335,84,6.0032,2012,9,6,3,0
1.2711498482847257,4,0,1,2,15.58,19.695,94,7.0015,2012,12,10,0,4
1.894462592869453,3,0,1,2,32.8,37.88,55,8.9981,2012,8,7,1,12
1.6942663054703442,4,0,1,1,10.66,11.365,56,19.9995,2012,11,13,1,23
1.9724497132493741,3,0,1,1,26.24,31.06,50,23.9994,2011,7,14,3,8
1.962640442240814,2,0,0,1,27.88,31.82,34,19.0012,2012,6,3,6,19
1.8524277618844993,3,0,1,1,31.16,34.09,45,7.0015,2012,7,12,3,11
1.0804178182729878,3,0,0,2,24.6,29.545,69,23.9994,2012,9,15,5,4
1.6659050929776016,1,0,0,1,9.02,11.365,69,8.9981,2012,3,11,6,8
1.9769366905751646,2,0,0,1,33.62,35.605,30,0.0,2012,6,10,6,12
1.637662762520353,1,0,0,2,9.84,12.12,75,11.0014,2012,2,5,6,8
1.4298455472897516,1,0,1,2,14.76,18.94,87,0.0,2012,3,2,4,23
1.0804178182729878,2,0,1,1,27.88,31.82,69,11.0014,2011,6,10,4,3
1.5996388013001026,1,0,1,1,9.02,9.85,35,26.0027,2011,2,8,1,15
1.4576463830228739,4,0,0,1,10.66,12.88,60,12.998,2011,12,17,5,3
1.700619000072578,1,0,1,1,5.74,10.605,59,0.0,2011,2,4,4,7
1.9365657970706844,3,0,0,1,33.62,37.88,46,19.0012,2011,7,10,6,12
1.856716243803005,3,0,0,2,29.52,34.85,79,0.0,2012,7,15,6,9
1.1622831138840004,1,0,0,3,16.4,20.455,71,15.0013,2011,1,2,6,8
1.8574179522647456,3,0,1,2,22.14,25.76,77,31.0009,2011,9,15,3,16
2.0128522839700533,3,0,0,2,27.88,31.82,34,19.0012,2012,9,15,5,15
1.8553017984487439,3,0,0,1,28.7,33.335,79,11.0014,2011,9,3,5,20
1.4395687003478856,3,0,0,2,27.06,29.545,89,12.998,2011,8,14,6,7
1.712589050021264,3,0,1,1,26.24,28.79,83,0.0,2011,8,19,4,6
1.223156202527103,1,0,0,3,8.2,11.365,100,6.0032,2011,2,5,5,8
1.2484412575662103,3,0,1,1,25.42,28.79,83,6.0032,2012,9,7,4,2
1.963257777844227,4,0,1,1,21.32,25.0,42,30.0026,2012,10,12,4,15
2.0168627910532773,3,0,1,2,27.88,31.82,79,11.0014,2012,7,11,2,8
1.9377050613615177,3,0,0,1,29.52,33.335,51,8.9981,2011,9,11,6,17
1.6942663054703442,2,0,1,1,13.12,15.91,57,11.0014,2012,4,13,4,6
1.844195357303668,4,0,1,2,18.86,22.725,94,15.0013,2011,12,6,1,9
1.7047134862451474,3,0,0,1,21.32,25.0,63,0.0,2012,9,16,6,2
1.9163427015318748,2,0,1,1,22.96,26.515,56,23.9994,2011,6,13,0,7
0.5265890341390445,1,0,1,1,4.92,7.575,54,7.0015,2012,1,19,3,4
1.8112342343546721,4,0,0,1,20.5,24.24,36,8.9981,2011,10,15,5,22
1.844195357303668,4,0,1,3,16.4,20.455,82,0.0,2011,10,3,0,20
1.8494914839851704,3,0,1,1,33.62,39.395,56,7.0015,2012,9,5,2,14
1.8410740844298052,3,0,1,2,22.96,26.515,68,11.0014,2011,9,19,0,21
1.9962368841455098,2,0,0,1,20.5,24.24,22,19.9995,2012,4,7,5,14
1.8378799982871266,3,0,1,1,30.34,35.605,79,8.9981,2012,8,3,4,23
1.7389471062414084,4,0,1,2,18.86,22.725,67,26.0027,2011,11,10,3,11
1.887390630978784,3,0,1,1,27.06,30.305,78,8.9981,2011,8,5,4,7
1.1247482629090362,1,0,0,1,10.66,12.88,93,11.0014,2012,1,1,6,7
1.9738697143211963,3,0,0,1,31.98,34.09,35,7.0015,2012,8,12,6,18
1.1947055233182955,3,0,1,2,29.52,34.85,79,12.998,2012,8,10,4,3
2.0272326353715995,2,0,1,1,20.5,24.24,29,19.0012,2012,4,2,0,17
1.5224670302876946,1,0,1,1,8.2,9.09,51,26.0027,2011,1,12,2,11
1.5555453730992024,3,0,0,2,26.24,30.305,69,15.0013,2011,9,3,5,2
1.9245701304885587,4,0,0,1,18.86,22.725,55,15.0013,2011,11,6,6,16
1.797899348601363,2,0,1,1,31.16,33.335,37,11.0014,2011,6,6,0,12
1.6632944814375767,4,0,0,1,10.66,13.635,87,7.0015,2012,11,10,5,7
1.8629038905519502,4,0,1,1,25.42,31.06,43,19.0012,2011,10,14,4,15
1.6407200993500939,4,0,0,1,9.02,13.635,55,0.0,2011,12,11,6,21
1.9319029813181672,1,0,1,1,29.52,32.575,34,26.0027,2012,3,13,1,16
1.026672031199051,2,0,1,3,17.22,21.21,88,6.0032,2012,4,2,0,1
1.8464903775306214,3,0,1,1,30.34,34.85,70,6.0032,2012,8,6,0,22
0.8697416861919438,2,0,1,3,21.32,25.0,94,19.9995,2011,5,18,2,4
1.777094949793928,4,0,1,1,21.32,25.0,45,11.0014,2011,10,17,0,10
1.8991438268879295,4,0,1,2,13.12,16.665,81,6.0032,2011,11,3,3,7
1.583340520839692,4,0,1,1,9.02,12.88,64,6.0032,2012,12,14,4,0
1.8225126721028055,1,0,1,1,17.22,21.21,28,31.0009,2012,3,9,4,14
1.7924169706841675,3,0,0,1,34.44,40.91,56,11.0014,2012,7,7,5,23
1.6579414149579819,4,0,0,1,8.2,11.365,75,0.0,2011,12,17,5,23
2.0257803326904438,1,0,1,1,26.24,31.06,53,15.0013,2012,3,19,0,17
1.6606403793348095,2,0,0,1,20.5,24.24,39,7.0015,2011,4,17,6,22
1.6659050929776016,3,0,1,2,25.42,27.275,94,0.0,2011,9,9,4,11
1.7467966996992919,3,0,1,3,26.24,28.03,94,19.0012,2011,9,8,3,17
1.6783497616208911,2,0,0,1,13.12,15.15,61,16.9979,2011,4,2,5,21
1.847999202156157,2,0,1,1,27.06,31.06,54,6.0032,2011,5,16,0,12
1.9588700741253928,4,0,1,1,26.24,30.305,65,7.0015,2012,10,4,3,20
1.7182404735813999,3,0,0,1,27.88,31.82,69,6.0032,2011,7,10,6,2
1.765447506801529,4,1,0,1,22.96,26.515,88,6.0032,2011,10,10,0,22
1.9094525728270801,4,0,1,1,14.76,17.425,50,15.0013,2012,12,14,4,13
1.7389471062414084,3,0,0,3,28.7,33.335,84,19.0012,2011,8,6,5,23
1.8197772781208725,3,0,1,2,31.98,37.12,62,8.9981,2011,8,9,1,9
1.7745861482661287,4,0,1,2,14.76,18.18,57,7.0015,2011,12,14,2,13
1.9103928415548865,4,0,1,1,25.42,31.06,46,27.9993,2011,11,14,0,16
1.6524030880939045,2,0,0,2,14.76,16.665,76,16.9979,2012,4,1,6,0
1.9882330476146732,3,0,1,1,34.44,39.395,49,22.0028,2011,7,18,0,17
0.9591348389208239,1,0,0,1,9.02,10.605,75,16.9979,2011,3,12,5,6
1.7627277196400848,4,0,1,1,12.3,13.635,49,23.9994,2011,12,8,3,13
1.5224670302876946,3,0,1,1,30.34,34.85,66,12.998,2012,7,6,4,5
1.8494914839851704,1,0,0,1,22.14,25.76,68,0.0,2012,3,17,5,22
1.1622831138840004,1,0,1,1,9.02,13.635,75,0.0,2012,1,6,4,1
1.9556377660352045,3,0,1,1,31.16,34.09,48,12.998,2012,8,15,2,16
1.2917246727283112,2,0,1,1,27.88,31.82,69,11.0014,2011,6,10,4,2
1.5916858743493758,1,1,0,1,11.48,12.88,52,22.0028,2012,1,16,0,21
1.867527001142399,2,0,1,1,19.68,23.485,63,16.9979,2011,5,9,0,7
1.9686785871062156,3,0,1,1,28.7,33.335,79,0.0,2012,8,2,3,7
1.77073964639405,1,0,1,1,12.3,12.88,33,35.0008,2012,1,18,2,15
2.008911582783544,3,0,1,1,26.24,31.06,50,12.998,2012,9,12,2,19
1.913173172035371,3,0,1,2,35.26,39.395,41,15.0013,2012,7,5,3,20
1.9172340894587216,1,0,0,1,16.4,20.455,37,19.0012,2012,1,8,6,15
1.8862680216940895,2,0,1,1,18.86,22.725,31,27.9993,2012,4,2,0,14
2.0186238121535522,3,0,1,1,22.14,25.76,77,6.0032,2012,9,17,0,8
1.8072636887169242,4,0,1,1,13.12,15.15,53,16.9979,2012,11,16,4,22
1.4576463830228739,1,0,0,3,10.66,12.88,81,12.998,2012,2,11,5,2
1.8509675611842284,1,0,1,1,14.76,15.91,46,35.0008,2012,2,2,3,20
1.9851852342139535,2,0,1,1,22.96,26.515,26,26.0027,2011,5,5,3,17
1.1947055233182955,4,0,0,2,13.12,15.15,49,16.9979,2012,11,3,5,5
1.583340520839692,1,0,1,1,9.02,9.85,37,26.0027,2011,2,3,3,14
1.9026719155555414,1,0,1,1,14.76,17.425,66,8.9981,2011,3,17,3,8
2.011622006123561,1,0,0,1,26.24,31.06,50,8.9981,2012,3,17,5,17
1.914541129043442,3,0,1,2,24.6,27.275,88,19.9995,2012,9,18,1,19
1.9021737291891518,3,0,0,3,37.72,44.695,42,19.0012,2012,7,8,6,15
0.5265890341390445,1,0,1,1,18.86,22.725,67,16.9979,2011,2,18,4,4
1.696412959743625,4,0,0,1,12.3,15.15,70,8.9981,2011,12,3,5,23
1.9326921663167214,2,0,0,1,27.06,31.06,65,7.0015,2011,6,5,6,13
1.8955174731725755,3,0,1,1,31.16,35.605,58,23.9994,2011,7,7,3,20
1.7745861482661287,4,0,0,2,12.3,15.91,70,7.0015,2012,11,17,5,23
1.3852268599316875,4,0,1,2,25.42,27.275,94,0.0,2012,10,3,2,1
1.8933991317302272,1,0,1,2,9.84,12.88,70,7.0015,2012,2,8,2,7
1.9241500751450369,3,0,1,1,26.24,30.305,69,16.9979,2011,8,16,1,7
1.8629038905519502,1,0,1,2,6.56,11.365,100,0.0,2011,2,7,0,8
1.358504720646626,1,0,1,1,4.1,9.09,54,0.0,2011,1,14,4,6
1.8595014474498321,3,0,1,1,33.62,40.15,59,8.9981,2012,7,5,3,22
1.6407200993500939,4,0,1,1,9.02,12.88,80,6.0032,2011,12,9,4,6
1.798970923559588,4,0,0,1,10.66,12.12,38,19.0012,2011,12,10,5,19
1.2711498482847257,2,0,1,2,22.14,25.76,88,16.9979,2011,5,18,2,1
0.5265890341390445,1,0,1,2,11.48,14.395,93,7.0015,2012,2,17,4,3
1.9070714954756425,4,0,1,1,17.22,21.21,47,8.9981,2012,10,12,4,20
1.607232291151654,1,0,1,1,21.32,25.0,23,16.9979,2011,2,14,0,11
1.749824041026481,4,0,1,2,13.94,18.18,55,0.0,2011,12,14,2,11
1.4298455472897516,1,0,1,2,7.38,10.605,43,6.0032,2011,3,3,3,23
1.85601087126303,4,0,1,3,18.04,21.97,100,15.0013,2012,12,10,0,13
1.903662587911754,1,0,1,1,10.66,11.365,38,19.9995,2012,1,13,4,18
1.8516996259697707,2,0,0,2,20.5,24.24,72,12.998,2011,5,1,6,16
1.887390630978784,2,0,1,2,21.32,25.0,83,12.998,2011,5,13,4,19
2.0001603010151285,2,0,1,1,12.3,14.395,49,15.0013,2012,4,11,2,8
1.9421616481775266,3,0,1,1,30.34,34.85,66,0.0,2011,8,9,1,8
1.8726220769889215,3,0,0,2,22.14,25.76,68,7.0015,2011,9,18,6,19
1.9635652888016641,4,1,0,2,17.22,21.21,66,19.0012,2012,10,8,0,18
1.5555453730992024,2,0,1,1,27.06,29.545,89,8.9981,2011,6,8,2,0
1.3973634811730353,4,0,1,3,14.76,18.18,100,6.0032,2012,12,10,0,0
1.358504720646626,2,0,0,2,27.06,31.06,74,8.9981,2011,6,19,6,4
1.775845981748474,1,0,1,1,13.12,15.15,36,19.9995,2012,2,9,3,15
1.9439728458782473,3,0,0,1,33.62,38.635,52,23.9994,2012,8,4,5,19
1.1622831138840004,3,0,1,1,27.06,29.545,89,12.998,2011,7,7,3,2
1.7795609835022244,1,0,1,2,17.22,21.21,77,0.0,2012,2,2,3,13
0.9591348389208239,1,0,1,1,12.3,16.665,61,0.0,2012,2,15,2,2
1.9513056982825179,2,0,1,2,20.5,24.24,39,12.998,2012,4,18,2,7
1.8822618226261445,3,0,1,2,33.62,37.88,46,0.0,2012,8,7,1,14
1.8206950566924849,1,0,1,2,9.84,14.395,75,0.0,2011,2,1,1,17
1.7795609835022244,4,0,1,1,16.4,20.455,82,0.0,2011,11,3,3,22
1.8538724045702297,2,0,1,1,24.6,31.06,38,27.9993,2012,4,17,1,10
2.0416342838490795,3,0,1,1,31.98,34.09,38,16.9979,2012,7,11,2,18
1.8896075013631948,2,0,0,1,22.96,26.515,68,11.0014,2012,6,17,6,9
1.7236894193081456,1,0,1,1,6.56,7.575,47,16.9979,2011,1,13,3,19
1.7585509609170316,2,0,1,1,20.5,24.24,63,16.9979,2011,6,15,2,6
1.9307098989760174,2,0,1,2,25.42,29.545,73,8.9981,2012,6,18,0,20
1.8031780619573843,2,0,1,1,22.14,25.76,94,6.0032,2012,5,16,2,6
1.7467966996992919,3,0,1,1,20.5,24.24,77,15.0013,2011,9,19,0,6
1.7356879059276584,4,0,1,2,22.14,25.76,94,19.0012,2011,10,19,2,13
1.8370697219086884,4,0,1,1,13.12,14.395,39,27.9993,2011,11,17,3,16
1.7306622908306295,4,0,0,2,16.4,20.455,87,16.9979,2012,12,9,6,9
1.9916940006601098,3,0,0,1,26.24,31.06,47,11.0014,2012,9,16,6,11
1.847999202156157,4,0,1,2,22.96,26.515,90,11.0014,2011,10,14,4,8
1.3852268599316875,4,0,0,1,17.22,21.21,67,22.0028,2011,10,1,5,6
1.3852268599316875,3,0,0,2,27.88,31.82,89,7.0015,2012,7,15,6,4
2.0197833055673775,3,0,1,1,37.72,42.425,35,11.0014,2012,7,5,3,17
1.9799282401219198,3,0,1,1,30.34,34.85,66,11.0014,2012,8,1,2,20
1.5916858743493758,3,0,1,3,27.06,29.545,94,8.9981,2012,9,6,3,10
1.1622831138840004,3,0,0,1,20.5,24.24,72,0.0,2012,9,16,6,4
1.0804178182729878,4,0,0,2,14.76,18.18,93,7.0015,2012,12,8,5,5
1.583340520839692,1,0,1,2,6.56,9.85,80,6.0032,2011,1,11,1,15
1.9799282401219198,3,0,1,1,32.8,40.15,66,0.0,2011,7,19,1,17
1.9763847732858002,3,1,0,1,30.34,34.85,70,15.0013,2012,9,3,0,16
1.7026798402849839,1,0,1,1,6.56,6.82,43,26.0027,2011,1,3,0,9
1.9713017025076618,3,0,1,2,28.7,33.335,84,11.0014,2012,8,8,2,7
1.372306733580753,4,0,1,3,19.68,23.485,100,27.9993,2011,12,7,2,6
1.9485628011601908,2,0,1,1,23.78,27.275,60,8.9981,2011,5,19,3,19
1.963872033379227,3,0,1,2,29.52,34.85,74,16.9979,2011,7,8,4,8
1.8269553882413483,2,0,0,2,29.52,34.09,66,7.0015,2011,6,18,5,21
1.7047134862451474,1,0,1,2,14.76,16.665,50,23.9994,2011,3,11,4,14
1.8052356503890232,4,0,0,1,12.3,15.15,61,11.0014,2011,11,12,5,9
1.7047134862451474,2,0,0,1,28.7,32.575,65,0.0,2011,6,19,6,0
1.6144954397020792,3,0,0,1,26.24,28.79,89,11.0014,2011,7,9,5,2
1.0804178182729878,3,0,1,1,27.06,31.06,65,15.0013,2011,8,18,3,2
1.9181193208376597,1,0,1,1,28.7,31.82,37,22.0028,2011,3,18,4,17
1.7878742218230284,1,0,0,3,9.02,9.09,69,31.0009,2012,2,11,5,17
1.026672031199051,2,0,0,1,11.48,13.635,65,15.0013,2011,4,3,6,5
1.4087998161504007,2,0,1,2,18.86,22.725,88,16.9979,2012,5,3,3,5
0.5265890341390445,4,0,1,1,10.66,12.12,56,19.0012,2011,12,1,3,4
1.866876239930001,4,0,1,2,20.5,24.24,87,11.0014,2012,12,10,0,15
0.9591348389208239,2,0,1,1,22.96,26.515,64,19.9995,2011,6,13,0,4
1.2711498482847257,4,0,0,2,16.4,20.455,94,7.0015,2012,12,9,6,4
1.9689728352963154,3,0,0,1,30.34,34.85,70,0.0,2012,9,2,6,16
1.9326921663167214,3,0,1,2,29.52,33.335,48,8.9981,2012,9,14,4,15
0.8697416861919438,1,0,1,2,16.4,20.455,87,16.9979,2012,3,16,4,4
1.886830523322648,3,0,0,1,31.16,36.365,66,19.0012,2012,8,4,5,22
1.6942663054703442,2,0,0,1,16.4,20.455,30,12.998,2012,4,8,6,8
1.9943450405522716,3,0,0,1,27.06,31.06,41,0.0,2012,9,16,6,17
0.9591348389208239,1,0,1,1,10.66,13.635,52,8.9981,2011,3,9,2,1
1.9241500751450369,2,0,0,1,21.32,25.0,55,15.0013,2012,4,1,6,19
1.570002974208493,1,0,0,3,14.76,18.94,93,0.0,2012,3,3,5,1
1.2484412575662103,2,0,1,1,26.24,31.06,57,11.0014,2012,4,17,1,1
1.8472468792313919,4,0,1,1,16.4,20.455,40,16.9979,2011,12,19,0,16
1.9365657970706844,4,0,0,1,22.96,26.515,35,19.0012,2011,10,16,6,11
1.844195357303668,4,0,1,2,15.58,19.695,50,15.0013,2012,12,11,1,14
1.7924169706841675,3,0,1,1,36.9,42.425,42,23.9994,2011,7,12,1,15
1.9793897742379851,2,0,0,2,25.42,30.305,65,8.9981,2012,5,6,6,17
1.68988188256892,2,0,1,1,14.76,18.18,81,6.0032,2011,5,6,4,6
1.9006676027900098,2,0,1,2,22.96,26.515,68,23.9994,2012,5,8,1,9
1.8857031067251113,2,0,1,1,15.58,19.695,40,32.9975,2011,4,5,1,18
1.8102520538839093,3,0,1,1,32.8,37.88,55,16.9979,2011,8,4,3,15
1.8615532204780585,4,0,0,1,11.48,12.88,45,19.0012,2011,12,17,5,15
1.026672031199051,4,0,1,2,12.3,15.91,65,7.0015,2012,11,16,4,4
1.828693382742085,2,0,1,2,14.76,17.425,76,12.998,2011,4,8,4,9
0.9591348389208239,1,0,1,1,3.28,6.06,63,6.0032,2011,2,11,4,5
1.887390630978784,2,0,1,1,24.6,30.305,28,7.0015,2012,5,11,4,21
2.030610868276551,2,0,1,1,24.6,31.06,43,6.0032,2012,4,19,3,17
1.7047134862451474,1,0,1,1,11.48,13.635,52,15.0013,2011,3,4,4,11
1.448822238365871,3,0,0,2,26.24,28.79,89,12.998,2011,7,3,6,7
1.8418611059620993,4,0,1,1,20.5,24.24,82,7.0015,2011,10,5,2,21
1.3973634811730353,1,0,1,2,12.3,16.665,70,0.0,2012,2,16,3,5
1.0804178182729878,4,0,1,3,12.3,12.88,87,35.0008,2011,12,7,2,21
1.8928641420201489,3,0,1,1,30.34,33.335,51,0.0,2011,8,16,1,20
1.6734888160092363,3,0,1,1,31.16,34.09,48,19.0012,2011,8,9,1,23
0.7412763113750153,1,0,1,1,10.66,11.365,81,22.0028,2011,2,8,1,5
0.9591348389208239,1,0,0,2,12.3,14.395,100,15.0013,2011,3,5,5,6
1.8744836395596192,2,0,1,1,21.32,25.0,59,12.998,2012,4,19,3,22
1.8225126721028055,4,0,1,1,10.66,12.88,48,11.0014,2012,12,6,3,11
1.9749939323524341,2,0,0,1,34.44,35.605,24,0.0,2012,6,9,5,17
1.5745651437258248,2,0,1,3,25.42,28.03,88,23.9994,2012,6,1,4,19
1.907551234358238,4,0,1,1,16.4,20.455,47,11.0014,2012,12,14,4,15
1.8719957290222062,1,0,1,1,23.78,27.275,56,7.0015,2012,3,13,1,21
1.7627277196400848,4,0,1,3,19.68,23.485,55,26.0027,2012,12,5,2,6
1.6579414149579819,4,0,0,1,10.66,15.15,81,0.0,2012,12,15,5,2
1.8769258727448193,4,0,1,1,24.6,28.03,83,12.998,2012,10,19,4,11
1.448822238365871,1,0,0,2,22.96,26.515,43,15.0013,2011,3,19,5,2
1.907551234358238,4,0,1,1,23.78,27.275,56,22.0028,2011,10,4,1,16
1.8062533133730014,1,0,1,1,13.94,15.91,61,19.0012,2011,1,19,2,18
1.77073964639405,4,0,0,1,22.96,26.515,49,27.9993,2011,10,16,6,22
1.887390630978784,4,0,1,2,15.58,19.695,50,15.0013,2012,12,11,1,15
1.503300998004841,1,0,1,2,9.02,12.88,93,6.0032,2011,1,19,2,6
1.748318097194945,1,0,1,1,10.66,12.88,70,12.998,2011,3,11,4,7
1.4741440143630178,4,0,1,2,20.5,24.24,77,19.9995,2011,12,6,1,0
1.7356879059276584,1,0,0,1,17.22,21.21,16,39.0007,2011,2,19,5,10
1.6407200993500939,1,0,0,2,17.22,21.21,77,19.9995,2011,3,5,5,22
1.6109034750189168,1,0,1,1,11.48,13.635,38,15.0013,2011,3,7,0,21
1.8907020599217577,4,0,1,1,9.84,10.605,65,23.9994,2011,12,1,3,7
1.7627277196400848,4,0,1,1,22.14,25.76,64,19.0012,2011,10,4,1,11
1.873866006687491,2,0,1,2,22.14,25.76,56,15.0013,2012,6,5,1,12
1.8769258727448193,3,0,1,2,25.42,30.305,69,15.0013,2012,9,17,0,11
1.7356879059276584,3,0,1,3,22.14,25.76,94,26.0027,2011,9,6,1,16
1.7200786095266942,1,0,1,1,13.12,15.15,43,11.0014,2011,3,4,4,12
1.7405504459900154,1,0,1,1,13.12,14.395,49,27.9993,2012,2,2,3,22
1.026672031199051,1,0,1,1,8.2,10.605,85,11.0014,2012,1,11,2,2
1.6407200993500939,3,0,1,1,28.7,33.335,74,0.0,2012,8,2,3,0
1.868819104784765,2,0,1,1,22.14,25.76,49,12.998,2011,5,9,0,20
1.9421616481775266,4,0,0,2,13.12,16.665,76,7.0015,2012,12,1,5,11
1.579009137828587,3,0,1,1,29.52,34.09,70,11.0014,2012,7,18,2,5
1.880506958839086,3,0,1,1,33.62,37.12,43,7.0015,2011,7,12,1,21
1.9849277405046577,3,0,1,1,32.8,37.88,55,11.0014,2011,8,9,1,17
0.9591348389208239,4,0,1,2,16.4,20.455,62,27.9993,2011,11,17,3,4
2.0128522839700533,4,0,0,1,24.6,31.06,33,11.0014,2012,11,11,6,14
1.8304098214920528,3,0,1,1,29.52,34.85,74,22.0028,2011,8,4,3,9
1.6313704001963978,1,0,0,3,9.02,13.635,100,0.0,2011,2,5,5,15
1.5875644833216505,1,0,1,1,8.2,9.09,27,19.0012,2011,2,10,3,14
1.9957667194465685,4,0,0,2,24.6,31.06,56,27.9993,2012,10,6,5,14
1.9864645289231955,3,0,0,1,32.8,37.12,49,19.9995,2012,8,11,5,14
1.3437034446606386,1,0,1,1,13.94,16.665,61,12.998,2012,3,12,0,5
1.8839936846137324,3,0,0,1,31.16,34.85,52,11.0014,2011,7,9,5,10
1.8410740844298052,4,0,1,1,16.4,20.455,54,15.0013,2012,12,19,2,11
1.8234126545313947,1,0,1,1,14.76,17.425,57,12.998,2011,2,17,3,9
1.777094949793928,2,0,1,1,22.14,25.76,94,7.0015,2012,5,4,4,6
1.9607696594246842,4,0,0,1,16.4,20.455,62,22.0028,2012,11,18,6,13
1.448822238365871,2,0,1,3,17.22,21.21,77,0.0,2012,4,19,3,0
1.5916858743493758,1,0,0,1,5.74,5.305,43,26.0027,2011,1,9,6,10
1.7306622908306295,2,0,1,2,20.5,24.24,94,0.0,2011,5,19,3,6
1.026672031199051,1,0,0,1,11.48,14.395,81,7.0015,2012,1,1,6,5
0.9591348389208239,2,0,1,1,19.68,23.485,100,0.0,2011,5,19,3,3
1.448822238365871,3,0,1,1,23.78,27.275,78,6.0032,2011,9,1,3,2
1.223156202527103,3,0,1,1,27.06,31.06,74,7.0015,2011,8,2,1,4
1.6495606454510718,4,1,0,1,13.94,15.91,53,16.9979,2011,11,11,4,0
1.8225126721028055,4,0,0,1,22.14,25.76,52,31.0009,2011,10,16,6,20
0.7412763113750153,2,0,1,3,22.96,26.515,88,11.0014,2012,5,9,2,3
1.8719957290222062,4,0,0,2,11.48,12.88,45,19.0012,2011,12,17,5,12
1.9796593058335408,3,0,0,3,30.34,34.85,66,23.9994,2012,8,11,5,17
1.6985302777514544,4,0,0,3,16.4,20.455,71,8.9981,2012,10,7,6,9
1.9361837416040704,2,0,1,1,13.94,15.15,42,22.0028,2012,4,6,4,9
2.0429015382992897,2,0,1,1,20.5,24.24,31,11.0014,2012,4,5,3,17
1.6830650011356274,1,0,0,1,11.48,13.635,36,15.0013,2012,3,4,6,21
1.865565153838859,2,0,0,1,20.5,24.24,20,12.998,2012,4,7,5,21
1.026672031199051,1,0,0,2,13.94,15.91,46,15.0013,2012,3,4,6,5
1.6214540309583532,1,0,1,2,14.76,18.18,50,6.0032,2012,2,14,1,23
1.4087998161504007,1,0,1,1,18.86,22.725,63,22.0028,2012,3,8,3,1
1.9623306102568445,3,1,0,1,33.62,37.12,41,0.0,2011,7,4,0,16
1.4196068415100236,1,0,1,2,10.66,13.635,65,7.0015,2012,2,14,1,5
1.4818766360989102,4,0,0,1,13.94,16.665,76,12.998,2011,10,2,6,7
1.026672031199051,3,0,1,1,24.6,28.03,83,0.0,2011,9,14,2,2
1.7067206012930416,2,0,1,2,19.68,23.485,82,15.0013,2012,5,3,3,0
1.4576463830228739,2,0,1,2,18.04,21.97,47,19.0012,2012,4,10,1,0
1.8896075013631948,3,0,1,1,31.16,33.335,33,8.9981,2011,7,14,3,16
1.8329451460953283,2,0,1,1,30.34,34.85,70,19.0012,2011,6,1,2,21
1.8799167926221376,2,0,0,2,15.58,19.695,82,6.0032,2011,4,9,5,17
0.5265890341390445,3,0,0,1,18.04,21.97,77,15.0013,2011,9,18,6,4
1.8234126545313947,4,0,1,1,18.86,22.725,67,0.0,2011,11,7,0,12
1.8260781474077188,1,0,0,1,13.94,17.425,46,6.0032,2011,2,6,6,15
1.5875644833216505,4,0,1,1,14.76,18.94,81,0.0,2011,11,8,1,23
1.2711498482847257,3,0,1,1,31.16,34.85,55,0.0,2011,7,13,2,1
1.8775294779444245,4,0,0,1,13.94,17.425,53,6.0032,2012,11,17,5,19
1.6579414149579819,4,0,0,3,16.4,20.455,87,11.0014,2012,12,9,6,8
1.1947055233182955,2,0,0,1,9.84,12.12,70,11.0014,2011,4,2,5,3
1.9065899701401223,3,0,1,1,31.16,35.605,58,23.9994,2012,8,10,4,14
1.8072636887169242,3,0,1,1,33.62,37.12,43,0.0,2011,7,5,1,15
1.8553017984487439,4,0,1,1,13.94,18.18,93,0.0,2011,11,9,2,9
1.1622831138840004,2,0,0,1,14.76,15.91,66,30.0026,2011,4,17,6,6
1.7389471062414084,3,0,0,2,18.86,22.725,77,16.9979,2011,9,17,5,8
1.9553098460324838,1,0,1,1,16.4,20.455,43,16.9979,2012,2,6,0,17
0.7412763113750153,2,0,1,1,15.58,19.695,71,19.9995,2011,4,4,0,4
2.041315273644163,2,0,1,1,27.06,31.06,34,8.9981,2012,5,18,4,17
1.7890235001604364,4,0,1,1,9.84,11.365,52,12.998,2012,12,6,3,10
1.7843700777314968,2,0,1,1,16.4,20.455,50,19.9995,2012,4,12,3,10
1.8494914839851704,3,0,0,2,29.52,34.85,79,30.0026,2011,8,6,5,18
1.946817331669524,1,0,1,1,13.94,15.91,25,16.9979,2012,2,13,0,18
1.3973634811730353,4,0,0,2,10.66,12.88,56,15.0013,2011,12,17,5,7
1.912253049635755,4,0,1,2,12.3,13.635,56,19.9995,2012,11,7,2,19
1.791294740218941,2,0,1,3,24.6,28.79,78,16.9979,2012,5,8,1,22
2.0444661777473803,3,0,1,1,32.8,35.605,36,0.0,2012,8,16,3,18
1.8386855209387276,4,0,1,2,19.68,23.485,55,32.9975,2011,11,4,4,12
1.4395687003478856,2,0,1,1,22.96,26.515,88,12.998,2012,5,4,4,5
1.8553017984487439,4,0,0,2,16.4,20.455,87,19.0012,2012,12,9,6,10
2.0046165576255577,2,0,0,1,25.42,31.06,57,0.0,2012,6,17,6,12
2.006353291328953,1,0,1,1,18.04,21.97,77,7.0015,2012,3,15,3,8
1.856716243803005,4,0,1,1,18.04,21.97,82,12.998,2012,12,3,0,21
1.6313704001963978,1,0,1,1,6.56,6.06,47,31.0009,2012,1,3,1,10
1.9291014406875389,4,0,1,2,15.58,19.695,50,15.0013,2012,12,11,1,16
0.8697416861919438,3,0,1,2,24.6,28.03,83,0.0,2011,8,15,0,2
2.0052708158031436,3,0,1,2,27.06,29.545,89,6.0032,2012,8,14,1,8
1.1247482629090362,4,0,1,1,12.3,15.91,70,7.0015,2012,11,2,4,4
1.7405504459900154,4,0,1,1,18.86,22.725,82,6.0032,2011,10,18,1,6
1.856716243803005,4,0,1,3,15.58,19.695,62,11.0014,2012,11,1,3,12
1.583340520839692,1,0,0,2,9.84,11.365,60,15.0013,2011,2,13,6,9
1.939953111519832,4,0,1,2,13.94,16.665,61,8.9981,2012,11,15,3,19
1.0804178182729878,4,0,1,2,14.76,17.425,81,8.9981,2011,11,1,1,3
1.7467966996992919,2,0,1,3,13.94,16.665,87,11.0014,2011,4,8,4,7
1.9665988343400544,3,0,1,1,25.42,31.06,35,0.0,2012,9,19,2,16
1.828693382742085,4,0,1,2,16.4,20.455,50,15.0013,2012,11,1,3,14
1.0804178182729878,4,0,0,2,13.94,18.18,87,0.0,2012,12,16,6,6
1.9346438389440457,4,0,0,2,16.4,20.455,62,22.0028,2012,11,18,6,16
1.9001616577562157,3,0,0,1,29.52,34.85,79,16.9979,2012,7,15,6,20
1.1622831138840004,2,0,1,3,21.32,25.0,72,19.9995,2012,6,5,1,2
1.9644832377931056,2,0,1,1,27.06,31.06,65,16.9979,2012,5,16,2,20
1.63454690370149,4,0,1,1,9.84,12.88,70,7.0015,2011,12,8,3,23
1.8082668738615209,1,0,1,1,13.94,17.425,49,7.0015,2012,2,3,4,20
1.7878742218230284,1,0,1,1,8.2,9.09,40,22.0028,2011,1,13,3,18
1.968087962547812,4,0,1,1,20.5,24.24,68,6.0032,2012,12,3,0,19
1.700619000072578,4,0,0,1,12.3,13.635,52,19.9995,2012,11,4,6,21
1.8464903775306214,2,0,1,1,23.78,27.275,60,15.0013,2011,5,12,3,12
1.6180113091810355,2,0,1,1,9.84,12.88,70,7.0015,2011,4,6,2,6
1.8457296531480492,1,0,0,1,9.02,11.365,27,12.998,2012,1,15,6,15
1.9108604173712915,2,0,1,1,28.7,32.575,65,8.9981,2012,6,11,0,9
1.448822238365871,1,0,0,2,12.3,15.91,81,7.0015,2011,3,5,5,1
1.6407200993500939,2,0,1,3,24.6,28.79,78,22.0028,2012,5,8,1,23
1.9136307769773249,4,1,0,1,25.42,30.305,69,6.0032,2011,10,10,0,11
1.9373264503987613,3,0,0,1,31.16,34.85,55,19.0012,2011,7,17,6,19
1.6551961525056738,1,0,1,1,9.84,14.395,23,0.0,2011,3,3,3,15
1.9163427015318748,3,0,1,1,24.6,30.305,64,8.9981,2012,9,12,2,9
1.1622831138840004,1,0,0,1,9.84,12.12,65,11.0014,2011,2,6,6,7
1.9220287795310242,2,0,1,1,13.12,16.665,66,6.0032,2012,4,3,1,7
0.9591348389208239,2,0,1,2,22.14,25.76,73,22.0028,2011,4,5,1,3
2.0046165576255577,2,0,0,1,22.14,25.76,19,26.0027,2012,4,7,5,16
1.9838922426693084,4,0,1,1,20.5,24.24,45,11.0014,2011,11,7,0,17
1.4818766360989102,1,0,1,2,6.56,9.85,74,6.0032,2011,3,4,4,6
1.5504460211620947,3,0,1,2,29.52,34.09,70,7.0015,2012,7,19,3,5
1.7733152706473527,4,0,0,1,18.04,21.97,77,12.998,2012,10,14,6,8
1.9707236282233618,3,0,0,1,35.26,39.395,41,7.0015,2012,7,15,6,13
1.3105061862047918,3,0,0,1,23.78,27.275,73,7.0015,2011,7,2,5,5
1.7843700777314968,1,0,1,1,16.4,20.455,76,7.0015,2012,2,2,3,14
1.8775294779444245,1,0,1,2,9.84,12.88,70,11.0014,2012,2,8,2,9
1.4892992254175486,2,0,1,1,24.6,31.06,53,16.9979,2012,4,17,1,5
1.1947055233182955,2,0,1,2,22.14,25.76,77,12.998,2012,6,18,0,4
1.5341940066777084,1,0,1,1,11.48,15.15,81,6.0032,2011,2,7,0,22
1.9365657970706844,4,0,1,2,24.6,31.06,53,16.9979,2012,10,18,3,12
0.7412763113750153,1,0,1,1,7.38,10.605,80,7.0015,2012,2,6,0,4
2.0184294433408136,3,0,1,2,28.7,32.575,65,19.0012,2012,8,15,2,8
2.0101702792613447,3,0,0,1,31.16,33.335,37,16.9979,2012,8,18,5,16
1.832105201899316,3,0,0,1,26.24,30.305,69,16.9979,2012,8,18,5,8
1.7356879059276584,3,0,1,3,22.14,25.76,83,23.9994,2011,9,6,1,10
1.63454690370149,1,0,1,2,9.02,11.365,87,12.998,2011,1,18,1,16
1.9556377660352045,4,0,0,1,16.4,20.455,71,15.0013,2012,12,2,6,13
1.9761078731375774,1,0,1,1,8.2,11.365,82,7.0015,2012,1,11,2,8
1.898117976801967,4,0,1,1,16.4,20.455,43,19.0012,2012,11,16,4,12
1.798970923559588,1,0,1,1,9.84,9.85,38,32.9975,2012,1,13,4,12
1.9921803857562759,2,0,0,2,19.68,23.485,55,15.0013,2012,4,1,6,14
1.856716243803005,4,0,1,2,14.76,16.665,46,27.9993,2012,11,2,4,20
1.832105201899316,3,0,1,1,30.34,33.335,51,11.0014,2011,9,12,0,14
1.7720331658588133,4,0,1,3,22.14,25.76,94,11.0014,2012,10,19,4,6
1.8851357588170432,2,0,1,2,26.24,31.06,53,16.9979,2012,5,9,2,13
1.9941064445153531,2,0,1,1,19.68,23.485,77,19.9995,2012,6,5,1,7
1.748318097194945,3,0,0,2,28.7,33.335,84,22.0028,2011,8,6,5,21
0.9591348389208239,4,0,1,1,13.12,17.425,87,0.0,2011,11,9,2,4
1.4395687003478856,1,0,0,1,5.74,7.575,50,8.9981,2012,1,14,5,7
1.9492542075910286,3,0,1,1,29.52,35.605,84,11.0014,2012,9,5,2,20
1.700619000072578,4,0,1,2,10.66,15.15,87,0.0,2011,12,14,2,6
1.992422841227893,4,0,1,1,16.4,20.455,50,26.0027,2012,12,19,2,17
1.6942663054703442,3,0,0,1,27.88,31.82,51,7.0015,2011,8,13,5,0
1.7640939343176614,4,0,0,1,17.22,21.21,58,19.9995,2012,10,13,5,23
1.9943450405522716,4,0,1,1,22.96,26.515,68,7.0015,2011,10,18,1,18
1.8502315274246866,4,0,1,1,12.3,15.91,42,6.0032,2012,12,6,3,14
2.045240561621599,3,0,1,1,32.8,37.12,49,11.0014,2012,8,1,2,17
2.015673931331266,4,0,1,1,12.3,14.395,33,19.0012,2012,11,8,3,8
1.2711498482847257,2,0,1,2,27.06,31.06,69,16.9979,2012,6,12,1,3
1.5341940066777084,3,0,1,1,24.6,28.79,78,11.0014,2012,8,16,3,5
1.327761429538331,4,0,0,1,13.12,15.91,81,11.0014,2011,10,2,6,6
1.5745651437258248,3,0,1,1,19.68,23.485,82,6.0032,2012,9,17,0,5
1.8052356503890232,3,0,1,1,25.42,27.275,94,0.0,2011,9,9,4,22
1.9350305802211858,3,0,0,1,34.44,37.12,36,8.9981,2011,7,9,5,14
1.570002974208493,2,0,0,3,21.32,25.0,100,12.998,2011,5,14,5,23
1.978305624213458,4,0,1,2,16.4,20.455,94,6.0032,2012,12,17,0,18
1.8410740844298052,4,0,0,1,13.12,15.15,45,16.9979,2011,11,19,5,10
1.8960417361485307,2,0,1,1,26.24,30.305,73,11.0014,2012,5,16,2,22
1.7236894193081456,4,0,1,1,13.94,16.665,76,12.998,2011,11,3,3,6
1.0804178182729878,3,0,1,1,27.88,31.82,79,15.0013,2012,8,3,4,3
1.866876239930001,3,0,1,2,32.8,37.12,52,16.9979,2012,8,8,2,14
1.026672031199051,3,0,1,2,29.52,33.335,54,27.9993,2012,7,2,0,3
1.1622831138840004,4,0,0,1,17.22,21.21,88,7.0015,2011,10,8,5,5
1.1247482629090362,2,0,1,1,17.22,21.21,54,0.0,2011,4,7,3,2
1.3973634811730353,4,0,1,1,13.12,15.15,53,19.0012,2012,11,9,4,1
1.8449646614985311,1,0,1,2,10.66,13.635,56,8.9981,2011,2,4,4,17
1.8021379316915813,3,0,1,1,28.7,32.575,48,0.0,2011,8,11,3,22
1.3973634811730353,3,0,0,1,23.78,27.275,88,7.0015,2011,9,11,6,6
1.6144954397020792,1,0,1,2,8.2,12.88,86,0.0,2011,2,1,1,12
1.7254630513334037,1,0,1,1,9.84,9.85,65,27.9993,2011,2,8,1,7
1.9475184513869421,2,0,1,1,29.52,33.335,54,12.998,2011,6,6,0,19
1.9607696594246842,3,0,1,2,30.34,34.09,55,7.0015,2012,7,9,0,20
1.9163427015318748,4,0,1,1,12.3,15.15,36,11.0014,2011,11,18,4,18
1.8700988387609099,2,0,1,1,13.94,15.15,46,22.0028,2011,4,1,4,18
1.0804178182729878,1,0,1,2,6.56,9.09,55,8.9981,2011,1,11,1,5
1.8885037407137346,4,0,1,1,13.94,15.91,46,16.9979,2012,11,6,1,15
0.8697416861919438,2,0,1,2,20.5,24.24,77,0.0,2012,5,1,1,3
0.7412763113750153,1,0,1,2,12.3,16.665,70,0.0,2012,2,7,1,3
0.9591348389208239,1,0,0,3,9.84,11.365,87,15.0013,2012,2,11,5,4
1.637662762520353,4,0,0,3,17.22,21.21,67,8.9981,2012,10,7,6,8
1.358504720646626,1,1,0,2,8.2,9.85,47,15.0013,2011,1,17,0,0
1.6920895459931111,1,0,1,1,9.02,9.09,35,35.0008,2011,2,8,1,16
1.9644832377931056,2,0,1,1,36.9,40.91,37,15.0013,2011,6,8,2,18
1.7667886546960463,3,0,1,2,28.7,32.575,54,0.0,2012,7,13,4,6
1.5653166550596793,4,0,1,2,22.96,26.515,83,8.9981,2012,10,2,1,5
1.7289490519659823,3,0,1,1,30.34,33.335,51,7.0015,2012,7,2,0,23
1.9523188996492962,2,0,1,1,19.68,23.485,82,12.998,2011,5,12,3,8
1.6710010327416251,4,0,0,1,17.22,21.21,62,8.9981,2012,10,7,6,2
1.8516996259697707,1,0,0,2,16.4,20.455,87,6.0032,2012,3,3,5,11
1.7935304491330344,4,0,1,1,14.76,16.665,46,16.9979,2012,11,2,4,22
1.9380825371667785,3,0,1,1,37.72,40.91,29,11.0014,2012,7,17,1,16
1.710657776180059,2,0,0,1,28.7,33.335,74,0.0,2011,6,12,6,8
1.2917246727283112,2,0,1,1,18.86,22.725,41,19.0012,2012,5,11,4,3
1.748318097194945,2,0,1,1,18.86,22.725,72,8.9981,2011,5,2,0,1
1.358504720646626,3,0,1,1,26.24,28.79,83,0.0,2011,8,19,4,5
1.5163019408528369,1,0,1,2,12.3,16.665,87,0.0,2012,2,17,4,0
1.81792340526738,1,0,1,2,14.76,16.665,40,16.9979,2012,2,14,1,13
1.5451936315479267,2,0,1,3,25.42,27.275,94,16.9979,2012,6,1,4,20
1.7254630513334037,3,0,1,1,27.06,30.305,83,6.0032,2011,8,1,0,6
1.9006676027900098,2,0,0,2,22.14,25.76,94,12.998,2011,5,14,5,16
1.358504720646626,2,0,1,1,18.86,22.725,88,15.0013,2011,5,12,3,1
1.8781303494314965,2,0,1,2,32.8,36.365,43,12.998,2011,6,9,3,20
1.6830650011356274,2,0,1,3,20.5,24.24,82,19.9995,2011,5,19,3,22
1.4892992254175486,1,0,0,1,9.84,14.395,65,0.0,2011,2,6,6,23
1.2484412575662103,4,0,0,2,18.04,21.97,54,16.9979,2012,10,7,6,4
1.8206950566924849,2,0,1,2,21.32,25.0,63,19.9995,2012,6,5,1,10
1.9665988343400544,4,0,0,1,24.6,31.06,46,26.0027,2011,10,16,6,16
1.1622831138840004,3,1,0,2,27.88,31.82,69,19.0012,2011,9,5,0,4
1.969266378383766,3,0,0,1,31.16,34.09,45,15.0013,2011,7,16,5,17
1.8553017984487439,4,0,1,1,22.14,25.76,60,19.9995,2011,10,5,2,9
1.9967052077739862,4,0,1,2,16.4,20.455,58,16.9979,2012,11,19,0,18
1.74525954872198,1,0,0,1,17.22,21.21,54,6.0032,2011,3,12,5,19
1.496434016604423,2,0,0,1,16.4,20.455,50,6.0032,2011,4,3,6,23
1.4892992254175486,4,0,0,1,18.04,21.97,88,0.0,2011,10,9,6,3
1.026672031199051,2,0,0,1,9.84,12.12,70,11.0014,2011,4,2,5,4
1.8062533133730014,2,0,0,2,29.52,34.09,62,8.9981,2011,6,18,5,22
1.8082668738615209,4,0,0,1,9.84,11.365,48,12.998,2011,12,11,6,18
1.928696117898278,4,0,1,1,12.3,15.91,56,6.0032,2011,12,12,0,18
1.8464903775306214,4,0,1,1,16.4,20.455,47,8.9981,2011,12,2,4,13
2.032522669918176,2,0,1,1,27.06,31.06,41,16.9979,2012,4,4,2,18
1.7843700777314968,4,0,0,1,22.96,26.515,83,16.9979,2012,10,6,5,1
1.372306733580753,2,1,0,1,16.4,20.455,76,0.0,2011,4,15,4,2
0.5265890341390445,2,0,1,3,22.96,26.515,88,30.0026,2012,5,9,2,2
1.8912459334298568,2,0,0,1,22.96,26.515,30,26.0027,2011,4,17,6,18
1.637662762520353,1,0,1,1,12.3,14.395,28,12.998,2011,1,5,2,14
1.9844111006657337,3,0,1,1,32.8,40.15,66,8.9981,2011,7,19,1,18
1.5555453730992024,3,0,1,1,27.06,29.545,89,8.9981,2012,8,2,3,5
1.8062533133730014,3,0,1,3,31.16,34.85,55,8.9981,2011,8,3,2,12
1.977759899174307,3,0,1,1,33.62,38.635,49,11.0014,2012,7,19,3,20
1.1247482629090362,2,0,0,1,14.76,18.18,66,7.0015,2012,4,14,5,5
2.0126481270406473,4,0,0,1,22.14,25.76,42,15.0013,2012,11,11,6,16
1.9377050613615177,3,0,1,1,36.08,40.91,42,16.9979,2012,8,3,4,15
1.6109034750189168,2,0,1,3,18.86,22.725,94,32.9975,2011,4,12,1,9
1.8662223006181342,1,0,1,1,14.76,18.18,40,7.0015,2011,3,14,0,18
1.7855476541684288,3,0,0,1,31.98,37.12,62,7.0015,2012,7,1,6,8
1.9070714954756425,2,0,1,1,23.78,27.275,83,16.9979,2011,5,16,0,19
1.1947055233182955,3,0,0,1,24.6,28.03,83,8.9981,2011,9,11,6,4
0.5265890341390445,1,0,1,2,12.3,15.15,93,11.0014,2011,3,16,2,4
1.847999202156157,4,0,0,2,11.48,12.88,45,22.0028,2011,12,17,5,11
1.8622302516766631,3,0,1,1,20.5,24.24,63,6.0032,2012,9,19,2,22
1.448822238365871,4,0,0,2,11.48,15.15,61,6.0032,2011,12,10,5,3
1.7843700777314968,1,0,1,2,10.66,12.12,87,16.9979,2011,3,9,2,9
1.026672031199051,1,0,1,1,6.56,9.09,55,7.0015,2011,1,4,1,0
1.9254061069071156,3,0,1,1,27.06,29.545,89,11.0014,2011,9,9,4,19
0.7412763113750153,1,0,0,1,10.66,13.635,93,8.9981,2012,1,1,6,6
1.9384588842298294,4,0,0,1,17.22,21.21,41,12.998,2011,11,19,5,15
1.8260781474077188,1,0,0,2,10.66,12.88,70,12.998,2012,2,5,6,11
1.5451936315479267,1,0,0,1,10.66,12.88,70,12.998,2011,2,6,6,0
1.8649047698246697,4,0,1,1,19.68,23.485,77,8.9981,2012,12,3,0,11
1.9727350380661053,1,0,0,1,20.5,24.24,29,19.9995,2012,3,11,6,15
1.5099182003836584,2,0,0,1,20.5,24.24,48,7.0015,2012,5,19,5,3
1.9585506171458116,2,0,1,1,22.96,26.515,83,0.0,2012,5,16,2,7
1.1947055233182955,4,0,1,1,9.02,13.635,69,0.0,2012,12,14,4,2
1.7745861482661287,1,0,1,1,15.58,19.695,76,19.9995,2012,1,12,3,22
1.9585506171458116,2,0,0,1,26.24,30.305,69,16.9979,2011,5,15,6,16
1.7613486395430595,4,0,1,1,13.94,15.91,46,16.9979,2011,11,4,4,21
1.6466671712706678,1,0,0,1,13.94,16.665,57,12.998,2011,1,2,6,17
1.9978680511276934,4,0,1,1,22.96,26.515,60,26.0027,2011,10,4,1,17
1.4660765372061442,1,0,1,3,13.94,17.425,0,6.0032,2011,3,10,3,23
1.5163019408528369,4,0,1,1,12.3,15.15,52,11.0014,2012,12,12,2,0
1.7373263784001205,1,0,1,1,13.12,15.15,61,16.9979,2011,3,4,4,19
1.1622831138840004,3,0,1,1,29.52,34.09,70,7.0015,2012,7,19,3,4
1.3973634811730353,3,0,1,2,24.6,28.03,83,8.9981,2011,9,2,4,5
1.9713017025076618,3,0,1,2,21.32,25.0,52,11.0014,2011,9,16,4,18
1.700619000072578,2,0,0,2,14.76,17.425,93,8.9981,2011,4,9,5,22
1.92030598439472,3,0,1,1,34.44,37.88,44,19.0012,2011,7,12,1,19
1.570002974208493,3,0,1,1,18.86,22.725,72,6.0032,2012,9,11,1,5
1.894462592869453,4,0,0,1,13.12,14.395,45,27.9993,2011,12,10,5,12
1.9395812163258002,3,0,1,1,30.34,33.335,42,15.0013,2011,8,12,4,19
1.934255909204192,2,0,1,2,19.68,23.485,77,15.0013,2011,5,2,0,8
1.223156202527103,1,0,0,1,9.02,10.605,42,19.0012,2012,3,10,5,5
1.9295054724772276,3,0,0,1,30.34,34.09,55,19.0012,2011,9,10,5,14
1.3973634811730353,3,0,1,1,26.24,30.305,69,11.0014,2011,9,15,3,1
1.9536571131560738,4,0,1,1,18.86,22.725,59,7.0015,2011,11,7,0,18
1.5284269505599697,3,0,1,3,24.6,27.275,88,16.9979,2012,9,18,1,15
1.9446900546295833,4,0,1,1,13.12,14.395,42,26.0027,2011,11,17,3,17
1.8933991317302272,1,0,1,1,15.58,19.695,54,11.0014,2012,3,12,0,9
1.9354161398973209,2,0,1,1,21.32,25.0,40,22.0028,2012,5,10,3,20
1.1622831138840004,1,0,1,3,13.94,17.425,100,7.0015,2011,3,11,4,1
1.6551961525056738,3,0,1,3,26.24,28.03,94,23.9994,2011,9,8,3,18
1.8928641420201489,3,0,1,1,32.8,37.12,52,11.0014,2012,8,1,2,13
1.026672031199051,4,0,1,2,18.86,22.725,94,7.0015,2011,11,16,2,3
1.9904693499688613,1,0,0,1,22.14,25.76,68,6.0032,2012,3,18,6,15
1.797899348601363,3,0,0,2,30.34,35.605,74,22.0028,2011,8,13,5,13
1.7047134862451474,3,0,0,1,18.04,21.97,82,16.9979,2011,9,18,6,2
0.8697416861919438,1,0,1,1,4.1,6.06,54,8.9981,2011,1,10,0,4
2.00173904729334,2,0,1,1,28.7,31.82,34,19.0012,2012,6,7,3,19
1.913173172035371,4,0,0,2,16.4,20.455,62,12.998,2011,10,2,6,12
1.8531520084405109,4,0,0,1,13.12,16.665,81,8.9981,2011,12,4,6,10
0.7412763113750153,1,0,1,2,11.48,12.88,65,23.9994,2012,1,17,1,1
1.8694605040153234,1,0,1,1,17.22,21.21,38,23.9994,2012,1,10,1,16
1.7272161148848966,2,0,1,1,21.32,25.0,100,8.9981,2011,5,18,2,6
1.9543208505321603,1,0,0,1,18.04,21.97,35,23.9994,2012,2,18,5,14
1.969559219559395,3,0,0,1,36.9,40.91,37,16.9979,2012,7,15,6,14
2.063853757456126,3,0,1,1,25.42,31.06,35,19.9995,2012,9,10,0,18
1.9307098989760174,2,0,0,2,30.34,34.09,55,7.0015,2011,6,19,6,15
1.223156202527103,4,0,0,1,17.22,21.21,94,8.9981,2011,10,8,5,4
1.7946353028541102,1,0,1,1,9.02,11.365,60,8.9981,2011,3,4,4,9
1.962640442240814,4,0,0,1,15.58,19.695,50,6.0032,2012,12,15,5,12
1.7047134862451474,2,0,1,1,18.04,21.97,72,16.9979,2011,5,9,0,6
1.7323562465403226,2,0,0,1,25.42,28.03,88,8.9981,2011,6,18,5,0
1.3105061862047918,4,0,1,1,13.12,14.395,53,23.9994,2012,11,9,4,4
1.637662762520353,3,0,0,1,26.24,28.79,83,6.0032,2012,8,11,5,7
1.4741440143630178,4,0,0,2,14.76,17.425,62,8.9981,2011,11,13,6,3
1.7843700777314968,2,0,0,1,21.32,25.0,36,12.998,2011,4,17,6,20
1.9113263030116563,2,0,1,1,15.58,19.695,54,23.9994,2012,4,2,0,9
1.940323909263275,2,0,1,1,25.42,31.06,41,7.0015,2012,4,19,3,16
1.8851357588170432,4,1,0,1,19.68,23.485,77,11.0014,2012,11,12,0,10
1.603478573504849,1,0,1,2,9.02,10.605,51,19.0012,2011,1,6,3,22
1.867527001142399,3,0,1,1,35.26,40.15,47,16.9979,2012,7,16,0,15
1.7026798402849839,1,0,1,2,10.66,14.395,56,6.0032,2012,1,9,0,11
1.8000344713048928,1,0,1,1,8.2,9.85,40,15.0013,2011,1,10,0,18
1.8574179522647456,3,0,1,1,32.8,37.12,49,7.0015,2011,8,19,4,15
1.7694345201285457,1,0,1,1,9.84,12.88,44,0.0,2012,3,6,1,10
1.7627277196400848,2,0,1,1,24.6,31.06,40,26.0027,2011,4,4,0,11
1.583340520839692,1,0,0,3,9.02,11.365,100,8.9981,2011,2,5,5,11
1.964787704766679,4,0,1,1,21.32,25.0,34,11.0014,2012,10,11,3,15
1.8744836395596192,1,0,0,2,10.66,12.88,65,12.998,2012,2,5,6,12
1.6659050929776016,1,0,0,2,16.4,20.455,30,23.9994,2012,3,4,6,0
1.836254638743768,4,0,1,1,23.78,27.275,56,19.0012,2011,10,4,1,15
1.9793897742379851,2,0,0,1,21.32,25.0,52,16.9979,2012,4,1,6,16
1.7200786095266942,4,0,1,1,9.84,10.605,65,19.0012,2011,12,1,3,6
1.4818766360989102,3,0,1,3,22.14,25.76,88,19.9995,2011,9,6,1,13
1.8346098354356497,1,0,1,1,25.42,31.06,33,15.0013,2012,2,1,2,14
1.1622831138840004,4,0,1,1,22.96,26.515,94,12.998,2011,10,14,4,4
1.4196068415100236,3,0,1,1,28.7,33.335,79,8.9981,2011,7,12,1,0
1.9899759740157912,3,0,1,1,31.16,36.365,70,15.0013,2012,9,4,1,19
2.045240561621599,4,0,1,1,18.86,22.725,38,26.0027,2012,10,12,4,17
1.2484412575662103,4,0,1,1,22.14,25.76,77,0.0,2012,10,5,4,4
1.2484412575662103,1,0,1,1,9.84,11.365,75,12.998,2011,3,15,1,5
1.4395687003478856,4,0,1,1,13.12,16.665,87,6.0032,2011,12,5,0,0
1.7340313214932865,1,0,0,1,9.02,10.605,37,16.9979,2011,1,16,6,17
1.7289490519659823,1,0,0,1,8.2,9.09,44,22.0028,2011,1,8,5,13
1.5284269505599697,2,0,0,2,20.5,24.24,77,12.998,2012,6,2,5,6
1.1622831138840004,3,0,1,1,25.42,29.545,73,6.0032,2011,9,15,3,3
1.6807250824647135,1,0,1,1,7.38,8.335,47,16.9979,2012,1,18,2,22
1.372306733580753,2,0,0,1,17.22,21.21,77,6.0032,2011,5,7,5,3
1.8141402142832723,2,0,1,1,35.26,41.665,53,0.0,2011,6,1,2,12
1.7542520263946595,2,0,1,1,36.9,42.425,42,15.0013,2011,6,9,3,11
1.9278815679894448,4,0,1,1,16.4,20.455,43,26.0027,2012,10,11,3,9
0.8697416861919438,1,0,1,1,4.1,5.305,54,16.9979,2011,1,10,0,5
1.5397794579522743,2,0,1,2,13.94,15.15,71,26.0027,2011,4,5,1,12
1.9414297785949048,3,0,1,1,28.7,31.82,45,11.0014,2011,8,11,3,8
1.987981985465796,2,0,1,1,28.7,32.575,48,27.9993,2011,5,3,1,18
1.8092629643515203,4,0,1,1,13.12,16.665,70,7.0015,2012,12,19,2,10
1.783182776049518,3,0,1,1,25.42,28.03,88,7.0015,2012,9,7,4,6
1.8581160323277108,1,0,1,1,24.6,30.305,64,11.0014,2012,3,19,0,21
1.603478573504849,1,0,1,3,6.56,11.365,93,0.0,2011,2,1,1,7
1.757131886054717,3,0,0,2,27.06,30.305,83,22.0028,2011,8,13,5,23
2.0176487313006515,4,0,1,1,9.84,12.88,87,7.0015,2012,12,19,2,8
2.0203587773573926,4,0,1,1,18.86,22.725,44,11.0014,2012,10,11,3,18
1.7144962229206409,1,0,1,1,4.92,7.575,74,8.9981,2011,1,4,1,7
1.6466671712706678,3,0,1,3,27.06,29.545,89,15.0013,2012,7,19,3,23
2.0072122107985986,3,0,1,2,35.26,37.12,30,0.0,2012,7,3,1,18
1.5555453730992024,3,0,1,1,22.96,26.515,73,6.0032,2012,9,14,4,1
1.9980992676206404,2,0,1,1,23.78,27.275,46,8.9981,2012,4,19,3,19
1.6606403793348095,3,0,0,1,27.06,30.305,78,11.0014,2011,9,4,6,8
1.503300998004841,2,0,1,2,22.96,26.515,88,8.9981,2012,5,15,1,0
1.8000344713048928,3,0,1,1,31.98,34.85,46,19.9995,2011,8,9,1,22
1.9127139332707952,4,0,0,2,13.94,17.425,76,7.0015,2012,12,1,5,17
1.9103928415548865,2,0,0,1,27.88,31.82,41,6.0032,2012,5,19,5,20
1.5996388013001026,4,0,1,1,13.12,15.91,70,11.0014,2011,12,14,2,23
1.2917246727283112,1,0,0,1,10.66,14.395,60,6.0032,2011,2,6,6,3
1.879323983956676,2,0,1,1,24.6,28.03,83,6.0032,2012,5,4,4,23
1.5996388013001026,2,0,0,1,20.5,24.24,39,16.9979,2012,4,8,6,23
1.7144962229206409,4,0,0,2,12.3,15.91,87,6.0032,2012,12,2,6,1
1.8509675611842284,3,0,1,1,30.34,34.85,70,15.0013,2012,8,6,0,10
2.0499281657844186,3,0,1,2,31.98,37.12,62,8.9981,2012,8,7,1,17
1.0804178182729878,4,0,1,1,16.4,20.455,82,7.0015,2011,10,4,1,3
1.026672031199051,4,0,0,2,18.04,21.97,62,19.9995,2011,10,1,5,5
1.9485628011601908,1,0,0,1,16.4,20.455,37,19.9995,2012,3,11,6,12
1.8879483638033878,4,0,1,2,21.32,25.0,68,8.9981,2011,11,15,1,16
1.4660765372061442,3,0,0,2,26.24,28.03,94,16.9979,2011,8,14,6,3
1.7901636276798083,4,0,0,1,13.12,17.425,76,0.0,2012,11,10,5,8
1.8601888513706977,4,0,1,1,22.96,26.515,49,6.0032,2011,10,6,3,12
1.9607696594246842,1,0,1,1,9.84,12.12,70,8.9981,2012,1,6,4,8
1.6710010327416251,1,0,1,2,9.02,11.365,87,8.9981,2011,2,1,1,20
1.9976363861196942,3,1,0,1,34.44,40.15,53,8.9981,2012,7,4,2,21
1.8234126545313947,4,0,0,1,18.04,21.97,62,8.9981,2012,10,6,5,23
1.6853704905634923,3,0,1,1,25.42,29.545,73,15.0013,2011,7,15,4,0
1.8234126545313947,4,0,1,3,23.78,27.275,83,7.0015,2012,10,2,1,6
1.6551961525056738,1,0,1,3,13.12,15.15,81,16.9979,2012,1,17,1,9
1.700619000072578,1,0,1,2,8.2,10.605,37,11.0014,2011,1,7,4,16
1.9228815367921321,3,0,1,1,31.16,36.365,66,7.0015,2012,8,2,3,9
1.8662223006181342,1,0,0,2,10.66,12.12,81,19.0012,2012,2,11,5,13
1.9089798563370792,3,0,1,1,23.78,27.275,83,0.0,2011,9,12,0,7
1.783182776049518,4,0,1,1,12.3,16.665,75,0.0,2011,12,9,4,21
1.8933991317302272,2,0,0,2,19.68,23.485,77,7.0015,2011,5,1,6,12
2.008911582783544,3,0,0,1,27.06,31.06,39,8.9981,2012,9,16,6,14
1.8449646614985311,4,0,1,1,22.96,26.515,46,6.0032,2011,10,17,0,13
1.9926648078181803,3,0,1,2,29.52,33.335,51,0.0,2012,9,14,4,16
1.827827111719085,3,0,1,1,30.34,33.335,51,19.0012,2011,9,13,1,13
1.6437209301888343,4,0,1,3,18.04,21.97,100,16.9979,2011,12,7,2,9
1.7867156538126496,1,0,0,2,13.94,16.665,61,11.0014,2012,2,4,5,16
2.009332639181276,4,0,0,1,20.5,24.24,31,12.998,2012,10,13,5,16
1.879323983956676,1,0,1,1,9.84,10.605,65,19.0012,2011,3,2,2,8
1.6985302777514544,1,0,1,2,9.84,12.88,52,6.0032,2012,1,5,3,10
1.358504720646626,2,0,0,2,21.32,25.0,100,8.9981,2011,5,15,6,6
1.5451936315479267,3,0,1,2,27.88,31.82,89,6.0032,2012,7,9,0,0
1.9094525728270801,2,0,1,1,27.88,31.82,51,7.0015,2012,5,4,4,20
1.752790725901759,1,0,1,1,5.74,7.575,69,8.9981,2011,1,14,4,9
1.7843700777314968,2,0,1,1,30.34,33.335,48,35.0008,2011,4,11,0,15
1.949941799623649,3,0,0,1,34.44,40.15,53,19.9995,2011,7,3,6,16
1.8726220769889215,3,0,1,1,31.98,37.12,62,16.9979,2011,7,5,1,21
1.4818766360989102,3,0,1,3,25.42,27.275,94,11.0014,2011,9,7,2,22
1.8538724045702297,2,0,1,2,24.6,31.06,38,0.0,2011,5,10,1,12
1.223156202527103,4,1,0,1,13.94,17.425,81,7.0015,2012,10,8,0,3
1.9894805655993109,2,0,0,1,29.52,33.335,58,7.0015,2012,5,5,5,12
1.9414297785949048,3,0,0,1,32.8,36.365,46,19.9995,2011,7,17,6,18
1.801090104041353,2,0,1,3,22.14,25.76,88,15.0013,2012,5,14,0,8
1.6313704001963978,1,0,0,1,7.38,10.605,37,6.0032,2012,1,15,6,22
0.9591348389208239,4,0,1,1,14.76,18.18,76,7.0015,2011,10,3,0,2
1.1247482629090362,2,0,0,1,16.4,20.455,40,0.0,2012,4,8,6,4
1.7289490519659823,4,0,1,1,13.12,15.91,53,12.998,2011,12,2,4,22
1.7405504459900154,3,0,0,1,27.06,29.545,89,12.998,2011,9,4,6,0
1.712589050021264,1,0,1,3,12.3,14.395,81,19.0012,2012,1,17,1,8
1.6659050929776016,1,0,0,1,9.02,9.09,32,31.0009,2011,1,9,6,14
1.777094949793928,3,0,1,1,27.88,31.82,69,8.9981,2011,9,13,1,10
1.6437209301888343,1,0,1,2,9.84,12.12,75,8.9981,2011,2,1,1,16
2.005704992338858,2,0,1,1,18.86,22.725,44,16.9979,2012,5,11,4,8
1.583340520839692,3,0,1,1,30.34,34.85,66,7.0015,2011,7,8,4,0
1.9149938977261756,2,0,1,1,26.24,28.79,83,15.0013,2011,6,16,3,18
1.8574179522647456,4,0,1,1,16.4,20.455,66,11.0014,2011,11,1,1,9
1.755698992678211,4,0,1,1,13.94,15.15,53,19.9995,2012,11,2,4,23
1.7289490519659823,3,0,1,1,31.98,37.12,62,8.9981,2012,7,6,4,0
1.9319029813181672,4,0,1,1,27.06,31.06,61,16.9979,2012,10,19,4,14
1.4818766360989102,2,0,1,1,21.32,25.0,94,7.0015,2011,5,19,3,0
1.6807250824647135,2,0,1,2,19.68,23.485,77,35.0008,2011,4,12,1,15
1.993387792889887,3,0,0,2,29.52,34.85,79,23.9994,2012,7,14,5,16
1.8545889886375557,3,0,1,1,29.52,34.85,74,19.0012,2012,8,10,4,22
1.8418611059620993,4,0,1,1,18.04,21.97,47,19.9995,2011,11,4,4,14
1.893931943123261,2,0,1,1,25.42,31.06,43,19.0012,2012,6,4,0,9
1.1247482629090362,4,0,1,1,12.3,15.91,87,7.0015,2011,12,5,0,4
1.963872033379227,3,0,1,1,31.16,36.365,66,11.0014,2012,8,6,0,20
1.9950579902465517,4,0,1,2,14.76,17.425,57,12.998,2012,11,15,3,18
1.8857031067251113,4,0,1,1,17.22,21.21,38,8.9981,2012,11,16,4,15
1.8234126545313947,3,0,1,2,27.06,30.305,83,6.0032,2012,8,14,1,7
1.503300998004841,1,0,1,2,8.2,11.365,44,7.0015,2012,1,4,2,23
0.5265890341390445,3,0,1,1,27.06,29.545,89,0.0,2011,8,8,0,3
1.8243068483519838,3,0,1,1,20.5,24.24,72,8.9981,2012,9,10,0,6
1.977759899174307,2,0,1,1,24.6,28.03,83,19.9995,2012,6,13,2,7
1.9392082175256102,2,0,1,1,33.62,40.15,59,8.9981,2011,6,8,2,19
1.887390630978784,4,0,1,1,27.06,31.06,41,0.0,2011,10,7,4,15
1.9659980865692606,3,0,1,1,26.24,30.305,69,15.0013,2012,8,16,3,7
1.8062533133730014,4,0,1,1,19.68,23.485,48,11.0014,2011,11,2,2,13
1.4298455472897516,1,0,1,1,15.58,19.695,66,16.9979,2011,3,17,3,0
1.5099182003836584,2,0,0,1,17.22,21.21,67,6.0032,2012,5,12,5,6
1.801090104041353,3,0,1,1,30.34,35.605,74,0.0,2011,7,19,1,22
1.8553017984487439,4,0,0,2,13.94,15.15,49,19.9995,2012,11,3,5,9
1.8949910974525486,2,0,1,1,29.52,33.335,51,30.0026,2011,4,11,0,19
1.7585509609170316,2,1,0,1,28.7,31.82,45,19.9995,2012,4,16,0,23
1.8642411184013048,4,0,1,1,18.04,21.97,41,19.0012,2012,12,5,2,12
1.8553017984487439,1,0,0,1,9.02,10.605,41,16.9979,2012,1,14,5,12
1.2711498482847257,3,0,0,1,28.7,32.575,70,0.0,2012,9,1,5,4
1.8960417361485307,2,0,1,1,22.96,26.515,46,16.9979,2011,4,18,0,19
1.8799167926221376,4,0,1,1,13.12,15.15,53,15.0013,2012,12,11,1,20
1.6248263889219656,3,0,1,1,28.7,33.335,84,0.0,2012,8,8,2,0
1.8494914839851704,4,0,1,2,17.22,21.21,94,7.0015,2011,11,10,3,9
0.5265890341390445,2,0,1,3,17.22,21.21,88,35.0008,2011,5,4,2,3
1.1947055233182955,1,0,0,3,9.84,11.365,87,15.0013,2012,2,11,5,3
2.01626986472143,3,0,1,2,33.62,40.15,59,16.9979,2012,8,3,4,18
1.5604997616108318,1,0,0,1,9.84,12.12,70,8.9981,2012,2,5,6,23
1.9704335632072707,4,0,0,2,14.76,18.94,71,0.0,2012,12,1,5,14
1.7218947624700471,3,0,1,1,27.06,31.06,69,16.9979,2011,8,15,0,22
1.8538724045702297,4,0,1,1,18.04,21.97,54,16.9979,2012,11,19,0,14
1.8487473895449305,2,0,1,1,21.32,25.0,36,22.0028,2012,5,11,4,10
1.8726220769889215,3,0,1,1,26.24,29.545,78,11.0014,2011,9,13,1,21
1.9172340894587216,1,0,1,1,24.6,30.305,64,15.0013,2012,3,19,0,20
1.8216068302034107,4,0,1,1,13.94,15.91,31,15.0013,2011,11,18,4,13
1.9406936156614254,3,0,1,1,31.16,37.12,75,12.998,2011,7,19,1,19
1.3973634811730353,3,0,1,2,27.88,31.82,89,0.0,2011,8,4,3,5
1.583340520839692,2,0,1,2,30.34,35.605,79,8.9981,2011,6,9,3,0
1.4298455472897516,3,0,1,1,24.6,29.545,73,8.9981,2011,7,15,4,5
0.9591348389208239,4,0,1,1,9.02,12.12,64,7.0015,2012,11,6,1,3
1.8787285104503608,2,0,1,1,24.6,31.06,46,8.9981,2012,5,18,4,10
1.5653166550596793,1,0,0,1,10.66,13.635,70,7.0015,2012,2,4,5,1
1.860872764634446,3,0,1,1,30.34,34.09,58,8.9981,2011,7,5,1,9
1.7467966996992919,1,0,1,2,13.94,15.15,49,19.9995,2011,3,11,4,16
1.712589050021264,4,0,1,1,13.12,15.15,53,19.9995,2011,12,1,3,10
1.96108343429015,1,0,1,1,8.2,10.605,59,11.0014,2012,2,10,4,8
1.7901636276798083,4,0,1,1,9.84,11.365,65,12.998,2012,11,14,2,6
0.9591348389208239,2,0,1,1,27.06,30.305,78,11.0014,2011,6,10,4,4
1.9919374395287388,3,0,0,1,32.8,37.88,55,11.0014,2012,7,14,5,15
1.8449646614985311,1,0,1,3,14.76,18.94,93,0.0,2012,2,2,3,7
1.5504460211620947,3,0,1,2,29.52,33.335,51,0.0,2012,7,2,0,5
1.579009137828587,2,0,1,1,18.86,22.725,51,8.9981,2012,5,11,4,1
1.8781303494314965,3,0,1,1,32.8,37.12,52,15.0013,2011,8,2,1,21
1.8434216945775423,3,0,1,2,22.14,25.76,45,15.0013,2011,9,16,4,15
1.5996388013001026,3,0,1,1,24.6,28.79,78,7.0015,2011,9,1,3,0
1.8160445966634724,3,0,0,1,28.7,32.575,70,11.0014,2012,9,2,6,21
0.7412763113750153,4,0,1,1,13.12,17.425,93,0.0,2011,11,7,0,2
2.026327070858668,4,0,0,1,22.96,26.515,37,15.0013,2012,11,11,6,15
1.9718770561383445,1,0,1,1,8.2,9.85,64,16.9979,2012,2,9,3,8
1.7924169706841675,3,0,1,1,29.52,32.575,37,15.0013,2011,7,14,3,11
1.77073964639405,2,0,1,2,17.22,21.21,82,19.0012,2011,4,12,1,19
1.2484412575662103,3,0,1,1,28.7,33.335,79,16.9979,2011,7,8,4,4
1.4298455472897516,2,0,0,1,21.32,25.0,72,7.0015,2012,6,17,6,6
1.7855476541684288,4,0,1,1,13.94,15.15,49,22.0028,2011,12,19,0,13
1.777094949793928,4,0,0,1,16.4,20.455,54,19.0012,2011,11,13,6,9
1.223156202527103,3,0,1,1,20.5,24.24,63,0.0,2012,9,11,1,1
1.7356879059276584,4,0,1,2,18.04,21.97,88,8.9981,2011,12,5,0,22
1.9461122540537437,3,0,0,1,25.42,31.06,50,8.9981,2012,9,16,6,19
1.775845981748474,2,0,0,1,27.88,31.82,44,23.9994,2012,4,15,6,22
1.8197772781208725,3,1,0,3,27.06,29.545,94,7.0015,2011,9,5,0,19
1.4660765372061442,4,0,1,1,12.3,14.395,56,12.998,2012,11,9,4,5
1.749824041026481,2,0,0,1,20.5,24.24,88,6.0032,2011,5,8,6,22
1.0804178182729878,4,0,1,1,9.02,13.635,80,0.0,2011,12,9,4,3
1.9831097569663099,4,0,0,1,17.22,21.21,38,16.9979,2012,11,17,5,13
1.6551961525056738,3,0,1,3,27.06,29.545,89,16.9979,2012,7,19,3,22
1.7373263784001205,2,0,1,1,25.42,31.06,53,0.0,2011,6,15,2,23
1.6734888160092363,4,0,0,1,11.48,15.91,75,0.0,2011,11,6,6,0
1.9569408357672031,3,0,1,1,30.34,34.09,58,19.0012,2011,8,2,1,8
1.8502315274246866,2,0,1,1,34.44,37.88,44,7.0015,2011,6,10,4,15
1.8719957290222062,4,0,1,1,9.02,10.605,60,15.0013,2011,12,8,3,7
1.9604550845697712,4,0,1,1,17.22,21.21,77,0.0,2011,12,5,0,17
1.4818766360989102,4,0,1,2,23.78,27.275,64,26.0027,2012,10,15,0,1
1.7513148227387971,3,0,0,1,27.06,31.06,74,15.0013,2012,8,11,5,1
1.8150956430032537,4,0,0,2,15.58,19.695,94,0.0,2012,12,8,5,9
1.6551961525056738,2,0,0,3,20.5,24.24,63,7.0015,2012,4,1,6,22
1.9704335632072707,2,0,1,1,21.32,25.0,20,23.9994,2012,4,10,1,19
1.928696117898278,3,1,0,1,30.34,34.85,70,11.0014,2011,9,5,0,14
1.3437034446606386,3,0,1,1,27.06,29.545,89,12.998,2011,7,7,3,1
1.7389471062414084,3,0,0,1,25.42,28.03,88,0.0,2011,9,11,6,0
1.7627277196400848,4,0,1,1,21.32,25.0,63,22.0028,2011,12,15,3,22
1.6437209301888343,1,0,1,2,14.76,18.18,57,6.0032,2011,2,7,0,13
1.6495606454510718,4,0,1,1,19.68,23.485,77,8.9981,2011,10,4,1,23
1.5397794579522743,1,0,1,3,14.76,16.665,0,22.0028,2011,3,10,3,20
1.4892992254175486,1,0,0,1,10.66,12.12,56,16.9979,2012,1,8,6,23
1.2484412575662103,1,0,1,1,18.86,22.725,63,26.0027,2012,3,8,3,2
1.6579414149579819,4,1,0,2,16.4,20.455,71,15.0013,2012,10,8,0,23
2.0254144100795135,2,0,1,1,24.6,30.305,64,22.0028,2012,6,14,3,8
1.801090104041353,1,0,1,1,17.22,21.21,77,11.0014,2012,1,12,3,14
1.977486115075459,2,0,1,1,22.14,25.76,77,16.9979,2012,5,2,2,19
1.7667886546960463,3,0,1,1,33.62,40.15,59,0.0,2011,7,19,1,11
0.9591348389208239,2,0,1,1,13.94,15.91,66,16.9979,2011,5,5,3,3
1.755698992678211,3,0,0,1,27.06,31.06,54,15.0013,2012,8,12,6,8
1.9006676027900098,1,0,1,1,13.12,16.665,33,7.0015,2012,2,9,3,19
1.765447506801529,4,0,1,2,20.5,24.24,82,15.0013,2012,12,10,0,22
1.6807250824647135,4,0,0,1,9.84,11.365,70,12.998,2012,11,17,5,7
1.9113263030116563,3,0,0,1,21.32,25.0,68,15.0013,2011,9,18,6,11
1.5163019408528369,2,0,0,1,19.68,23.485,59,0.0,2012,5,12,5,3
1.5397794579522743,4,0,1,1,13.94,17.425,93,6.0032,2012,12,3,0,5
1.4741440143630178,1,0,1,1,12.3,13.635,52,31.0009,2011,1,19,2,23
1.945758217792441,2,0,1,1,20.5,24.24,31,12.998,2012,4,5,3,16
1.9380825371667785,3,0,1,1,33.62,34.85,21,16.9979,2011,7,1,4,15
1.8553017984487439,4,0,1,1,18.04,21.97,77,0.0,2011,11,9,2,20
1.92030598439472,3,0,0,1,30.34,34.85,70,11.0014,2011,9,4,6,11
1.9417962470942867,2,0,1,1,22.96,26.515,30,27.9993,2012,4,9,0,16
1.712589050021264,1,0,1,3,13.12,15.15,93,15.0013,2012,1,11,2,19
1.7946353028541102,4,0,1,1,12.3,16.665,81,0.0,2011,12,9,4,20
1.7878742218230284,4,0,1,2,13.94,15.15,42,19.9995,2011,12,16,4,11
1.8370697219086884,4,0,1,1,23.78,27.275,43,6.0032,2011,10,6,3,14
1.8955174731725755,4,0,0,1,20.5,24.24,34,16.9979,2011,11,12,5,17
1.8516996259697707,3,0,1,1,30.34,33.335,48,11.0014,2012,7,12,3,10
0.5265890341390445,1,0,0,3,7.38,9.85,55,11.0014,2011,1,8,5,4
1.9189984754722385,2,0,1,1,25.42,30.305,23,15.0013,2012,5,11,4,14
1.2711498482847257,1,0,1,2,10.66,11.365,70,22.0028,2012,1,17,1,0
0.8697416861919438,1,1,0,2,7.38,9.85,43,8.9981,2011,1,17,0,4
1.8965639023210192,3,0,1,1,29.52,32.575,42,15.0013,2011,8,12,4,20
1.8225126721028055,4,0,1,1,20.5,24.24,45,12.998,2011,10,14,4,21
0.5265890341390445,1,0,1,3,9.02,11.365,93,8.9981,2011,2,2,2,3
1.9207388662156095,1,0,1,1,15.58,19.695,43,15.0013,2012,2,7,1,19
1.448822238365871,1,0,0,2,6.56,6.82,48,26.0027,2012,1,15,6,3
1.8072636887169242,1,0,1,1,25.42,31.06,29,39.0007,2011,2,18,4,19
1.6606403793348095,2,0,0,2,22.14,25.76,94,8.9981,2011,5,15,6,8
1.2484412575662103,4,0,1,2,11.48,12.88,52,22.0028,2012,11,7,2,3
1.9061066457543656,4,0,0,3,17.22,21.21,77,8.9981,2012,10,7,6,15
1.9377050613615177,3,0,0,2,29.52,34.09,66,11.0014,2011,9,3,5,14
1.2711498482847257,1,0,1,3,18.86,22.725,94,7.0015,2012,3,1,3,1
1.8622302516766631,4,0,0,3,14.76,17.425,93,8.9981,2012,12,9,6,17
1.1247482629090362,2,0,1,1,13.94,15.91,66,16.9979,2011,5,5,3,4
1.9601397058579975,1,0,1,3,16.4,20.455,87,0.0,2012,2,2,3,8
1.7694345201285457,3,0,1,1,30.34,34.85,66,16.9979,2011,8,18,3,10
1.827827111719085,1,0,1,1,18.04,21.97,38,16.9979,2012,2,7,1,13
0.8697416861919438,1,0,0,2,12.3,15.15,100,8.9981,2011,3,5,5,5
0.7412763113750153,2,0,1,1,10.66,13.635,60,8.9981,2011,4,6,2,1
1.8295542650992236,3,0,1,1,33.62,37.12,41,12.998,2011,7,13,2,9
1.5996388013001026,4,0,0,3,14.76,18.18,100,6.0032,2012,12,9,6,23
1.970142808832862,3,0,1,1,28.7,32.575,54,19.0012,2012,8,9,3,20
1.3105061862047918,3,0,1,1,26.24,28.79,89,0.0,2012,7,11,2,1
1.1247482629090362,4,0,1,2,15.58,19.695,87,6.0032,2011,11,4,4,4
1.8810945047250232,2,0,1,1,18.86,22.725,41,30.0026,2012,4,12,3,12
1.7087018253879918,2,0,1,1,13.94,15.91,46,19.0012,2011,4,5,1,20
1.8649047698246697,4,0,1,2,19.68,23.485,88,12.998,2011,11,16,2,17
0.5265890341390445,1,0,0,1,6.56,11.365,59,0.0,2011,1,15,5,5
1.964787704766679,3,0,0,1,30.34,34.09,55,15.0013,2011,9,10,5,17
1.893931943123261,2,0,1,1,26.24,31.06,41,30.0026,2012,6,4,0,12
1.6144954397020792,1,0,0,1,5.74,6.06,39,19.9995,2011,1,8,5,18
1.92030598439472,2,0,1,1,28.7,31.82,24,12.998,2011,6,2,3,20
1.4298455472897516,3,0,1,1,29.52,34.85,79,0.0,2012,8,8,2,1
1.0804178182729878,2,0,1,1,20.5,24.24,77,12.998,2012,5,7,0,2
1.5745651437258248,2,0,0,2,21.32,25.0,59,8.9981,2012,4,15,6,3
1.6759380249901916,1,0,0,1,17.22,21.21,44,31.0009,2011,3,19,5,9
1.7163798514467992,4,0,1,1,13.12,15.15,53,19.0012,2011,12,2,4,23
1.7946353028541102,4,0,1,1,20.5,24.24,48,16.9979,2011,11,1,1,14
0.7412763113750153,1,0,1,1,10.66,13.635,52,8.9981,2011,3,9,2,2
1.5163019408528369,2,0,1,1,18.86,22.725,77,7.0015,2012,5,18,4,5
1.4892992254175486,1,0,0,1,5.74,7.575,86,8.9981,2011,2,12,5,8
1.9031681972312866,4,0,1,2,18.86,22.725,77,0.0,2012,12,3,0,20
1.7218947624700471,1,0,1,2,15.58,19.695,25,7.0015,2011,3,8,1,13
1.4087998161504007,4,0,1,1,5.74,8.335,93,7.0015,2011,12,19,0,5
1.742136743805324,4,0,0,1,14.76,16.665,66,16.9979,2012,11,18,6,21
1.748318097194945,3,0,1,2,28.7,33.335,74,8.9981,2011,8,18,3,23
1.881679452127038,1,0,1,2,18.86,22.725,77,6.0032,2012,3,16,4,13
1.7467966996992919,2,0,1,1,27.06,31.06,39,8.9981,2011,6,2,3,6
1.7585509609170316,2,0,0,2,22.14,25.76,83,15.0013,2012,5,6,6,1
1.9744331191949223,2,0,0,1,24.6,31.06,53,19.9995,2012,6,2,5,10
1.8062533133730014,2,0,1,1,25.42,31.06,33,16.9979,2011,6,3,4,10
1.7613486395430595,4,0,1,2,24.6,29.545,73,11.0014,2011,10,11,1,11
1.9495984779180693,4,0,0,1,16.4,20.455,50,8.9981,2012,12,15,5,16
1.3105061862047918,2,0,0,2,18.04,21.97,94,0.0,2011,4,16,5,21
1.8642411184013048,2,0,0,1,28.7,32.575,70,12.998,2011,6,19,6,20
2.04242795526296,3,0,1,3,28.7,33.335,74,15.0013,2012,7,10,1,18
1.6281310150671582,1,0,0,1,13.94,15.15,29,23.9994,2011,2,19,5,19
1.7218947624700471,3,0,1,2,26.24,28.03,94,15.0013,2011,9,8,3,11
1.7681175901689328,3,0,0,1,22.14,25.76,64,11.0014,2012,9,16,6,8
0.5265890341390445,1,0,0,1,3.28,4.545,53,12.998,2011,1,9,6,4
1.3973634811730353,2,0,1,2,21.32,25.0,72,19.0012,2012,5,8,1,5
1.8457296531480492,3,0,1,1,28.7,32.575,48,6.0032,2011,8,11,3,21
1.5397794579522743,3,0,1,1,27.88,31.82,74,6.0032,2012,7,17,1,5
1.5451936315479267,4,0,1,1,9.02,11.365,69,12.998,2012,11,14,2,5
1.503300998004841,2,0,0,3,19.68,23.485,100,0.0,2011,5,14,5,7
1.5224670302876946,3,0,1,1,28.7,32.575,65,12.998,2011,7,11,0,0
1.8354346948604652,4,0,0,2,10.66,12.12,93,16.9979,2012,12,1,5,9
1.8092629643515203,3,0,1,1,29.52,34.09,66,11.0014,2011,9,14,2,11
1.8810945047250232,4,0,1,2,22.14,25.76,88,26.0027,2011,10,12,2,7
1.6759380249901916,1,0,1,1,13.12,15.15,49,19.0012,2011,3,2,2,10
1.7867156538126496,2,0,1,1,31.16,33.335,23,36.9974,2011,4,4,0,15
1.92030598439472,2,0,1,1,17.22,21.21,35,19.9995,2012,4,6,4,12
1.991205637405506,2,0,1,2,21.32,25.0,94,19.0012,2012,5,1,1,8
1.4395687003478856,4,0,1,2,13.12,15.15,70,19.0012,2011,12,15,3,5
1.9089798563370792,3,0,1,2,29.52,34.85,79,0.0,2011,7,6,2,7
1.7681175901689328,3,0,1,1,33.62,39.395,56,19.9995,2011,7,11,0,11
1.8457296531480492,1,0,1,1,13.12,15.15,22,15.0013,2011,2,15,1,17
1.5555453730992024,4,0,1,2,14.76,18.94,81,0.0,2012,10,17,2,5
1.9176774696931478,2,0,1,1,21.32,25.0,25,0.0,2012,4,3,1,12
1.8304098214920528,2,0,1,1,26.24,31.06,41,31.0009,2012,6,4,0,10
1.8472468792313919,4,0,1,1,18.86,22.725,63,12.998,2011,10,6,3,9
1.8021379316915813,4,0,1,2,18.86,22.725,59,32.9975,2011,12,15,3,12
1.8991438268879295,3,0,1,1,30.34,33.335,51,15.0013,2011,9,13,1,16
1.4298455472897516,3,0,0,2,25.42,28.03,88,7.0015,2012,8,11,5,6
1.0804178182729878,2,0,1,1,22.96,26.515,94,7.0015,2011,6,17,4,3
1.712589050021264,1,0,0,2,9.84,11.365,56,16.9979,2012,2,19,6,9
1.2917246727283112,1,0,0,1,16.4,20.455,50,22.0028,2011,3,19,5,7
1.8386855209387276,1,0,1,1,14.76,16.665,57,22.0028,2011,1,19,2,17
1.9149938977261756,4,0,1,1,11.48,13.635,52,16.9979,2012,12,13,3,9
1.7901636276798083,1,0,1,2,13.12,16.665,39,6.0032,2012,2,10,4,14
1.828693382742085,2,0,1,1,26.24,31.06,57,0.0,2011,5,16,0,11
1.1947055233182955,4,0,0,2,10.66,12.88,60,12.998,2011,12,17,5,5
1.7585509609170316,3,0,1,1,27.88,31.82,74,12.998,2011,7,11,0,6
1.8394863420693595,3,0,1,1,31.16,35.605,58,12.998,2012,7,19,3,10
1.7720331658588133,3,0,1,1,31.16,35.605,58,6.0032,2012,7,18,2,23
1.879323983956676,4,0,1,1,25.42,31.06,50,0.0,2011,10,7,4,14
1.8304098214920528,2,0,1,1,17.22,21.21,35,8.9981,2012,4,12,3,21
1.1622831138840004,4,0,1,1,10.66,15.15,75,0.0,2011,12,14,2,1
1.5451936315479267,1,1,0,1,16.4,20.455,40,31.0009,2012,1,2,0,0
0.7412763113750153,1,0,1,3,13.12,15.15,66,22.0028,2012,1,17,1,4
1.847999202156157,2,0,1,1,26.24,31.06,44,15.0013,2011,6,14,1,13
1.7890235001604364,1,0,0,1,17.22,21.21,54,11.0014,2011,3,12,5,18
1.866876239930001,3,0,1,1,29.52,34.09,66,6.0032,2012,8,1,2,10
1.8726220769889215,4,0,1,2,18.86,22.725,94,12.998,2012,12,10,0,21
1.7867156538126496,1,0,1,1,16.4,20.455,58,11.0014,2012,2,1,2,11
1.7599564649868773,4,0,1,2,12.3,14.395,52,15.0013,2012,12,12,2,22
1.923305787045047,1,0,1,1,10.66,11.365,65,26.0027,2012,3,7,2,7
1.8169871572575529,2,0,0,2,18.86,22.725,31,0.0,2011,4,3,6,18
1.8216068302034107,2,0,1,1,22.96,26.515,52,8.9981,2012,6,7,3,23
1.6281310150671582,2,0,0,1,22.14,25.76,56,12.998,2011,6,4,5,2
1.9882330476146732,3,0,1,1,33.62,37.88,46,7.0015,2011,7,5,1,17
1.7694345201285457,2,0,1,1,19.68,23.485,51,27.9993,2011,5,4,2,15
1.8197772781208725,3,0,0,1,26.24,29.545,78,0.0,2011,9,10,5,22
1.9758303417089067,3,1,0,1,30.34,34.85,70,8.9981,2012,9,3,0,17
1.6214540309583532,1,0,1,1,18.04,21.97,77,16.9979,2012,3,16,4,0
1.8206950566924849,2,0,1,2,24.6,31.06,43,12.998,2011,4,18,0,15
1.68988188256892,4,0,0,1,12.3,16.665,65,0.0,2011,11,5,5,22
1.5504460211620947,4,0,1,1,13.94,16.665,66,8.9981,2012,11,1,3,5
1.96779157969034,3,0,1,1,32.8,37.88,55,19.0012,2012,9,7,4,16
1.9414297785949048,2,0,0,1,30.34,33.335,51,0.0,2011,6,5,6,17
1.8965639023210192,4,0,1,2,21.32,25.0,59,19.0012,2011,12,15,3,19
1.6248263889219656,2,0,0,1,17.22,21.21,82,7.0015,2011,5,7,5,1
1.9785775703622708,1,0,1,2,9.84,11.365,70,15.0013,2012,2,8,2,8
1.3437034446606386,1,0,1,3,13.94,17.425,93,6.0032,2012,1,12,3,5
2.0207408598923613,2,0,1,2,26.24,28.79,89,12.998,2012,6,1,4,8
1.9741517421386063,3,0,0,1,36.08,39.395,37,19.9995,2012,8,4,5,17
1.9158946735023363,1,0,0,1,13.94,15.15,42,23.9994,2012,3,4,6,12
1.7640939343176614,2,0,1,2,24.6,29.545,73,0.0,2011,5,2,0,22
1.026672031199051,2,0,1,2,22.96,26.515,78,16.9979,2011,5,3,1,2
1.496434016604423,4,0,1,3,17.22,21.21,88,8.9981,2011,11,16,2,23
1.6942663054703442,3,0,0,1,29.52,35.605,84,8.9981,2012,8,4,5,2
1.9588700741253928,4,0,1,2,12.3,14.395,75,12.998,2012,12,7,4,8
1.780778386075876,3,0,1,1,27.88,31.82,61,8.9981,2011,9,1,3,10
2.01626986472143,2,0,1,1,28.7,31.82,34,26.0027,2012,6,13,2,19
1.9485628011601908,4,0,1,2,12.3,15.91,100,6.0032,2011,11,7,0,8
2.0103787647456652,2,0,0,1,27.06,31.06,36,0.0,2012,5,19,5,12
1.7047134862451474,1,0,0,1,9.84,11.365,48,15.0013,2011,1,15,5,12
1.7323562465403226,3,0,0,2,28.7,33.335,84,11.0014,2012,9,2,6,20
1.7272161148848966,3,0,1,1,29.52,33.335,64,0.0,2011,8,9,1,6
1.940323909263275,4,0,1,2,22.96,26.515,68,16.9979,2012,10,18,3,20
1.9755521762697152,4,0,1,1,28.7,32.575,65,0.0,2012,10,3,2,20
1.026672031199051,3,0,0,1,18.86,22.725,72,8.9981,2011,9,17,5,4
1.026672031199051,3,0,1,1,28.7,33.335,79,6.0032,2011,7,6,2,2
1.7783332269022314,2,0,1,2,18.86,22.725,88,11.0014,2012,5,3,3,6
1.4196068415100236,4,0,1,3,13.94,15.15,71,22.0028,2011,11,17,3,5
1.8197772781208725,4,0,1,2,18.86,22.725,88,6.0032,2012,10,10,2,6
1.4087998161504007,3,0,0,1,31.98,38.635,70,8.9981,2012,7,8,6,6
0.7412763113750153,1,0,1,2,6.56,11.365,69,0.0,2011,2,1,1,2
1.9546513926697417,4,0,0,1,22.14,25.76,56,12.998,2012,10,14,6,10
1.5224670302876946,1,0,1,1,5.74,6.06,33,19.9995,2011,3,3,3,6
0.9591348389208239,1,0,0,2,10.66,12.12,70,16.9979,2012,2,5,6,6
1.8574179522647456,2,0,1,1,25.42,31.06,53,16.9979,2012,6,15,4,23
1.6109034750189168,1,0,1,3,12.3,15.91,61,7.0015,2012,2,8,2,15
1.3105061862047918,4,0,1,1,9.84,14.395,65,0.0,2011,12,9,4,1
1.8160445966634724,3,0,0,3,23.78,27.275,83,12.998,2012,9,8,5,17
1.8031780619573843,2,0,1,1,27.06,31.06,61,16.9979,2011,4,11,0,21
1.8955174731725755,3,0,1,1,35.26,38.635,39,19.9995,2011,8,9,1,16
1.6466671712706678,4,0,0,3,14.76,17.425,93,15.0013,2011,10,1,5,23
1.2484412575662103,2,0,1,1,23.78,27.275,83,8.9981,2012,5,4,4,2
1.9464652902368638,4,0,1,2,22.14,25.76,88,26.0027,2011,10,12,2,8
1.9136307769773249,3,0,0,1,35.26,40.15,47,12.998,2011,8,7,6,14
1.5604997616108318,2,0,1,3,14.76,16.665,76,19.0012,2011,4,8,4,13
1.7667886546960463,4,0,1,1,10.66,12.12,65,16.9979,2011,12,19,0,11
1.8907020599217577,1,0,0,2,13.12,15.15,66,15.0013,2012,2,4,5,14
1.8649047698246697,1,0,1,1,11.48,12.12,30,31.0009,2012,1,13,4,16
1.9282894962939565,2,0,1,1,21.32,25.0,32,30.0026,2011,4,6,2,17
1.9536571131560738,3,0,0,2,27.88,31.82,69,0.0,2012,8,19,6,10
1.712589050021264,4,0,0,1,15.58,19.695,62,15.0013,2011,11,19,5,23
1.9713017025076618,3,1,0,1,30.34,34.85,66,11.0014,2012,9,3,0,18
1.947168383637879,2,0,1,2,16.4,20.455,82,8.9981,2012,4,19,3,7
0.5265890341390445,1,0,0,1,3.28,4.545,53,12.998,2011,1,9,6,5
2.0226327759016205,2,0,1,1,22.14,25.76,22,27.9993,2012,4,10,1,18
1.8494914839851704,4,0,1,2,17.22,21.21,88,0.0,2012,12,17,0,15
1.6466671712706678,3,0,1,1,26.24,31.06,53,11.0014,2011,8,12,4,0
1.8234126545313947,3,0,1,1,30.34,34.85,70,19.0012,2012,9,4,1,22
1.4298455472897516,2,0,0,1,22.14,25.76,68,7.0015,2012,6,16,5,5
1.6579414149579819,1,0,1,1,8.2,9.09,40,23.9994,2011,2,3,3,12
1.961396413006317,3,0,1,1,32.8,37.12,49,16.9979,2011,7,13,2,8
1.1622831138840004,2,0,1,2,21.32,25.0,72,6.0032,2012,5,1,1,4
1.9016736242907473,2,1,0,1,25.42,30.305,69,15.0013,2012,4,16,0,9
1.8346098354356497,3,0,1,1,31.16,34.09,48,19.9995,2011,8,16,1,13
1.026672031199051,2,0,1,1,18.04,21.97,58,8.9981,2011,5,10,1,2
1.7437063358613225,4,0,1,2,13.12,16.665,53,8.9981,2011,12,12,0,14
1.757131886054717,2,0,1,1,18.04,21.97,82,8.9981,2011,5,6,4,23
1.8269553882413483,3,0,1,1,36.9,42.425,42,0.0,2012,7,18,2,11
0.8697416861919438,3,0,1,2,22.14,25.76,64,22.0028,2012,9,19,2,2
1.712589050021264,3,0,0,1,28.7,33.335,74,8.9981,2011,7,17,6,23
1.9001616577562157,4,0,1,1,16.4,20.455,43,23.9994,2012,11,2,4,13
1.9373264503987613,1,0,0,1,13.94,15.91,27,19.0012,2012,3,10,5,14
1.7783332269022314,3,0,1,1,35.26,40.15,47,15.0013,2011,7,12,1,13
1.5745651437258248,4,0,1,3,22.14,25.76,94,16.9979,2011,10,12,2,15
1.9103928415548865,1,0,1,1,19.68,23.485,77,6.0032,2012,3,15,3,9
0.8697416861919438,3,0,1,1,27.88,31.82,79,0.0,2012,7,10,1,3
1.8112342343546721,1,0,1,2,8.2,9.85,34,16.9979,2011,2,9,2,17
1.999248679540891,2,0,0,2,28.7,31.82,21,12.998,2012,5,12,5,16
1.503300998004841,1,0,0,2,16.4,20.455,82,19.0012,2011,3,6,6,2
1.7306622908306295,2,0,1,2,22.14,25.76,77,12.998,2011,5,12,3,23
1.5224670302876946,2,0,1,2,20.5,24.24,59,12.998,2012,5,1,1,0
1.9051345487873121,1,0,0,1,19.68,23.485,39,22.0028,2011,3,13,6,15
1.9282894962939565,4,0,0,2,15.58,19.695,76,12.998,2012,12,16,6,13
1.6606403793348095,3,0,0,1,22.14,25.76,73,11.0014,2012,9,9,6,7
1.8021379316915813,1,0,1,2,12.3,16.665,70,0.0,2011,3,15,1,9
0.7412763113750153,1,0,0,3,9.02,11.365,93,11.0014,2012,2,11,5,5
1.8524277618844993,3,0,0,3,23.78,27.275,88,7.0015,2012,9,8,5,19
1.6830650011356274,1,0,1,2,8.2,12.88,93,0.0,2012,1,9,0,21
1.6281310150671582,1,0,0,1,6.56,6.82,47,22.0028,2012,1,15,6,0
1.903662587911754,4,0,1,2,12.3,15.15,81,8.9981,2012,12,7,4,9
1.9623306102568445,2,0,1,1,30.34,34.09,58,8.9981,2011,6,10,4,8
1.6551961525056738,1,0,1,1,9.84,12.12,38,11.0014,2011,1,14,4,15
1.4087998161504007,4,1,0,1,18.86,22.725,94,0.0,2011,10,10,0,5
1.7585509609170316,1,0,0,1,13.12,16.665,33,8.9981,2012,3,10,5,20
1.8822618226261445,4,0,1,1,21.32,25.0,68,15.0013,2011,10,4,1,20
1.8991438268879295,2,0,0,2,18.86,22.725,33,0.0,2011,4,3,6,15
1.1947055233182955,2,0,1,1,14.76,18.18,71,7.0015,2011,5,6,4,3
1.7901636276798083,2,0,1,1,29.52,34.85,74,11.0014,2011,6,10,4,23
1.8933991317302272,3,0,1,2,24.6,27.275,88,11.0014,2012,9,18,1,18
1.5745651437258248,4,0,0,1,18.86,22.725,82,0.0,2011,10,8,5,2
1.4395687003478856,1,0,1,1,12.3,16.665,70,0.0,2012,3,2,4,5
1.8986319116885528,1,0,1,1,14.76,16.665,43,16.9979,2012,2,6,0,19
1.4298455472897516,1,0,1,2,12.3,15.15,70,8.9981,2012,2,16,3,0
1.6144954397020792,2,0,1,3,19.68,23.485,82,12.998,2012,5,9,2,23
0.9591348389208239,1,0,1,1,8.2,11.365,51,6.0032,2012,1,5,3,2
1.0804178182729878,2,0,1,1,18.86,22.725,88,7.0015,2012,6,7,3,4
1.9046457503503968,3,0,1,1,32.8,35.605,41,15.0013,2011,8,16,1,16
1.8072636887169242,4,0,1,1,21.32,25.0,52,11.0014,2011,11,3,3,15
0.9591348389208239,1,0,1,1,12.3,16.665,61,0.0,2012,2,7,1,2
1.5099182003836584,2,0,1,1,22.14,25.76,90,8.9981,2012,5,2,2,5
1.887390630978784,3,0,1,1,31.98,37.12,62,31.0009,2012,8,2,3,15
1.9258220450052628,2,0,0,3,27.88,31.82,83,19.0012,2011,6,12,6,16
1.8763195102948889,2,0,0,2,25.42,29.545,73,6.0032,2011,6,5,6,10
1.847999202156157,2,0,1,1,22.14,25.76,77,19.0012,2011,5,19,3,21
1.6807250824647135,1,0,1,1,16.4,20.455,62,19.0012,2011,1,19,2,13
1.7843700777314968,1,0,1,2,9.84,12.12,87,11.0014,2011,3,9,2,7
0.8697416861919438,3,0,1,1,29.52,34.09,62,0.0,2011,8,9,1,3
1.8933991317302272,3,0,0,2,28.7,33.335,74,19.0012,2011,8,13,5,16
1.9733036949652514,2,0,1,1,24.6,29.545,73,15.0013,2011,5,18,2,18
1.7599564649868773,4,0,0,1,13.12,16.665,76,6.0032,2012,11,10,5,0
1.795731656444039,3,0,1,1,30.34,34.09,55,6.0032,2011,8,15,0,14
1.7694345201285457,3,0,1,2,22.96,26.515,68,11.0014,2011,9,19,0,22
1.358504720646626,3,0,0,1,27.06,31.06,74,0.0,2011,7,10,6,5
1.8346098354356497,4,0,0,1,13.12,15.15,57,16.9979,2011,12,10,5,10
1.7218947624700471,1,0,1,2,9.84,14.395,70,0.0,2012,2,8,2,6
1.026672031199051,3,0,1,2,20.5,24.24,77,8.9981,2011,9,19,0,3
1.8169871572575529,4,0,1,1,12.3,15.15,75,11.0014,2012,12,14,4,21
1.83126011355907,1,0,0,1,8.2,9.09,32,23.9994,2012,1,15,6,14
1.974713848326716,2,0,1,1,20.5,24.24,27,16.9979,2012,4,2,0,19
1.7340313214932865,4,0,0,1,9.02,11.365,55,12.998,2011,12,11,6,19
1.9070714954756425,1,0,1,2,18.86,22.725,82,19.0012,2012,3,13,1,7
0.5265890341390445,4,0,1,1,13.12,17.425,87,0.0,2011,11,8,1,2
1.5284269505599697,2,0,1,3,19.68,23.485,82,11.0014,2012,6,5,1,5
0.8697416861919438,1,0,1,3,13.94,15.91,0,16.9979,2011,3,10,3,0
1.8494914839851704,2,0,1,1,28.7,31.82,34,15.0013,2011,6,15,2,12
2.022820294384796,3,0,1,2,28.7,32.575,70,11.0014,2012,8,7,1,8
1.8251953231790878,2,0,1,1,18.86,22.725,47,11.0014,2012,4,10,1,10
1.860872764634446,3,0,0,1,27.06,31.06,74,0.0,2011,9,11,6,9
1.749824041026481,3,0,1,1,18.04,21.97,67,19.0012,2011,9,15,3,22
1.6407200993500939,4,0,0,2,9.84,12.12,87,8.9981,2012,12,1,5,7
1.6920895459931111,1,0,0,2,18.04,21.97,62,19.9995,2012,1,1,6,20
1.6632944814375767,1,0,1,1,11.48,12.88,30,19.9995,2011,1,5,2,13
1.9220287795310242,3,0,0,1,28.7,31.82,45,7.0015,2012,8,18,5,20
1.7878742218230284,4,0,1,2,14.76,18.18,57,6.0032,2011,12,14,2,12
1.6180113091810355,1,0,1,1,10.66,11.365,48,22.0028,2012,1,19,3,23
1.4298455472897516,2,0,0,2,18.86,22.725,82,0.0,2011,5,8,6,7
1.9346438389440457,2,0,1,1,26.24,31.06,27,15.0013,2012,4,4,2,20
1.223156202527103,1,0,1,1,10.66,14.395,48,6.0032,2011,3,8,1,0
1.928696117898278,2,0,1,1,25.42,30.305,61,15.0013,2012,6,14,3,9
1.6710010327416251,4,0,1,1,13.94,17.425,66,7.0015,2012,11,19,0,23
1.2484412575662103,3,0,1,1,28.7,33.335,74,7.0015,2011,8,1,0,2
1.8216068302034107,3,0,1,1,27.88,31.82,79,12.998,2012,7,3,1,22
1.6684735252826461,4,0,0,1,11.48,14.395,81,7.0015,2012,11,18,6,2
1.6684735252826461,3,0,0,3,26.24,28.79,89,15.0013,2011,8,14,6,1
0.9591348389208239,2,0,1,2,17.22,21.21,77,0.0,2012,4,19,3,3
1.8062533133730014,4,0,1,1,16.4,20.455,87,0.0,2011,11,9,2,21
1.97884890904261,1,0,0,1,20.5,24.24,31,23.9994,2012,3,11,6,16
1.8928641420201489,2,0,0,1,25.42,31.06,53,19.9995,2012,6,16,5,22
1.7627277196400848,3,0,1,1,32.8,37.12,52,26.0027,2011,8,8,0,10
1.503300998004841,1,0,1,2,16.4,20.455,87,15.0013,2012,3,16,4,5
1.7640939343176614,2,0,0,2,14.76,18.18,76,6.0032,2012,4,1,6,8
0.8697416861919438,1,0,0,1,5.74,7.575,50,8.9981,2012,1,14,5,4
1.3973634811730353,2,0,1,1,21.32,25.0,83,11.0014,2011,5,13,4,1
1.7901636276798083,2,0,0,1,18.86,22.725,77,12.998,2011,5,1,6,23
1.804210600378433,2,0,0,2,18.86,22.725,82,6.0032,2011,5,1,6,18
1.583340520839692,1,0,1,1,8.2,10.605,59,8.9981,2011,2,11,4,21
0.9591348389208239,2,0,1,2,22.96,26.515,88,8.9981,2012,5,15,1,2
1.7272161148848966,1,0,1,3,14.76,18.18,87,6.0032,2012,3,2,4,21
1.358504720646626,3,0,1,2,27.06,31.06,61,6.0032,2012,7,13,4,2
1.749824041026481,2,0,1,1,18.86,22.725,41,12.998,2011,5,5,3,23
1.7599564649868773,2,0,1,2,18.86,22.725,55,0.0,2011,4,7,3,11
2.0218796785726947,2,0,1,1,23.78,27.275,60,6.0032,2012,6,8,4,8
1.223156202527103,4,0,1,2,22.14,25.76,88,0.0,2012,10,19,4,2
1.9741517421386063,3,0,0,2,32.8,37.88,55,15.0013,2012,9,1,5,11
1.827827111719085,3,0,1,1,29.52,33.335,51,12.998,2011,9,12,0,12
1.6579414149579819,1,0,0,1,6.56,6.06,37,36.9974,2011,1,8,5,17
1.4741440143630178,1,0,1,3,14.76,17.425,0,15.0013,2011,3,10,3,21
1.9089798563370792,3,0,1,1,29.52,34.85,74,16.9979,2011,7,6,2,20
0.7412763113750153,1,0,1,1,6.56,9.09,59,7.0015,2011,1,4,1,1
1.026672031199051,4,0,1,2,21.32,25.0,94,8.9981,2011,10,11,1,2
1.7935304491330344,4,0,0,1,12.3,15.15,56,8.9981,2012,11,4,6,8
1.913173172035371,1,0,0,2,18.04,21.97,88,6.0032,2012,3,17,5,9
0.9591348389208239,2,0,1,1,13.12,15.15,61,19.0012,2012,4,12,3,2
1.8234126545313947,3,0,1,1,33.62,37.12,48,23.9994,2011,8,8,0,11
1.4196068415100236,4,0,1,1,22.96,26.515,64,23.9994,2011,11,15,1,0
1.223156202527103,4,0,1,1,10.66,13.635,60,8.9981,2012,12,12,2,3
1.907551234358238,2,0,1,1,18.86,22.725,67,19.9995,2011,4,13,2,17
1.7026798402849839,1,0,1,1,15.58,19.695,54,12.998,2011,2,17,3,10
1.8234126545313947,4,0,1,1,20.5,24.24,51,12.998,2011,11,3,3,12
1.8615532204780585,1,0,1,1,16.4,20.455,43,16.9979,2012,2,6,0,16
1.7356879059276584,1,0,1,1,14.76,16.665,40,19.9995,2011,3,4,4,15
1.603478573504849,3,0,0,1,26.24,31.06,53,0.0,2011,7,2,5,2
1.9001616577562157,3,0,0,1,41.0,43.18,19,11.0014,2012,7,7,5,16
1.8601888513706977,3,0,1,1,29.52,33.335,58,7.0015,2011,8,5,4,9
1.795731656444039,4,0,0,1,15.58,19.695,76,12.998,2011,11,6,6,19
1.9799282401219198,2,0,0,1,26.24,31.06,53,12.998,2012,6,17,6,18
1.637662762520353,2,0,1,1,16.4,20.455,71,8.9981,2011,4,13,2,23
1.9373264503987613,2,0,1,1,29.52,31.82,23,19.9995,2011,6,2,3,19
1.3973634811730353,4,0,0,1,18.04,21.97,88,0.0,2011,10,8,5,3
2.0318311119735313,3,0,1,3,31.16,36.365,66,39.0007,2012,7,16,0,17
1.7218947624700471,4,0,1,2,25.42,27.275,94,0.0,2012,10,2,1,23
1.5451936315479267,3,0,1,1,28.7,32.575,65,7.0015,2011,7,5,1,1
1.6109034750189168,1,0,1,1,11.48,13.635,61,15.0013,2012,3,6,1,23
1.9938673724294378,4,0,1,1,22.96,26.515,52,8.9981,2011,10,6,3,17
0.9591348389208239,3,0,1,1,25.42,29.545,73,15.0013,2011,8,16,1,2
1.8781303494314965,4,0,1,1,13.94,16.665,76,12.998,2011,11,1,1,7
1.8912459334298568,3,0,1,1,27.88,31.82,74,15.0013,2011,7,18,0,7
1.9080291992562277,4,0,0,2,20.5,24.24,42,22.0028,2011,11,13,6,15
1.9926648078181803,3,0,1,1,31.16,35.605,62,12.998,2011,7,6,2,18
1.3105061862047918,2,0,0,2,14.76,17.425,87,11.0014,2011,4,16,5,3
1.8197772781208725,2,0,1,1,18.04,21.97,62,16.9979,2011,4,13,2,19
1.4741440143630178,2,0,0,2,22.14,25.76,83,12.998,2012,5,6,6,3
1.9176774696931478,3,0,0,1,35.26,36.365,19,11.0014,2011,7,2,5,15
1.6144954397020792,2,0,0,1,12.3,15.91,70,7.0015,2011,4,2,5,8
1.7694345201285457,1,0,0,2,13.12,15.91,36,12.998,2011,1,15,5,15
1.8744836395596192,4,0,1,1,22.14,25.76,39,22.0028,2011,10,14,4,19
1.9334764565955942,3,0,1,1,37.72,40.91,29,7.0015,2012,7,6,4,16
1.9011715868708958,1,0,1,2,18.86,22.725,88,0.0,2012,3,16,4,19
2.0166654812837916,2,0,1,1,24.6,31.06,43,15.0013,2012,4,17,1,8
2.0078523377987656,2,0,1,1,18.86,22.725,67,23.9994,2012,5,10,3,8
1.9964712752393343,2,0,1,1,28.7,32.575,48,16.9979,2012,6,14,3,19
1.8329451460953283,2,0,0,1,26.24,31.06,57,15.0013,2011,6,4,5,22
1.5224670302876946,2,0,1,2,23.78,27.275,83,12.998,2012,5,9,2,0
1.700619000072578,3,0,1,1,22.96,26.515,73,6.0032,2012,9,14,4,0
1.9224558706047865,3,0,0,1,29.52,33.335,58,19.0012,2011,9,11,6,14
1.795731656444039,1,0,1,2,16.4,20.455,76,11.0014,2011,3,16,2,16
1.7694345201285457,4,0,1,1,13.94,17.425,61,6.0032,2012,12,19,2,22
1.81792340526738,3,0,1,2,28.7,33.335,84,11.0014,2012,8,8,2,6
1.7745861482661287,4,0,1,2,18.04,21.97,94,15.0013,2012,12,10,0,10
1.223156202527103,3,0,1,1,26.24,31.06,57,19.9995,2011,7,14,3,2
1.791294740218941,3,0,1,2,31.16,35.605,58,15.0013,2011,8,3,2,14
1.795731656444039,4,0,1,1,21.32,25.0,45,15.0013,2011,11,9,2,15
2.0455488552886543,3,0,1,1,31.16,37.12,75,15.0013,2012,9,4,1,18
1.3852268599316875,3,0,1,1,26.24,29.545,78,6.0032,2011,8,5,4,1
1.1947055233182955,3,0,1,1,26.24,12.12,73,11.0014,2012,8,17,4,4
1.2917246727283112,4,0,1,1,18.04,21.97,67,12.998,2012,10,16,1,1
1.8234126545313947,2,0,0,1,18.04,21.97,26,15.0013,2012,4,8,6,9
1.8402825130491083,4,0,1,1,9.02,12.88,75,6.0032,2011,12,9,4,7
1.956291014386414,3,0,1,1,37.72,41.665,33,16.9979,2012,7,5,3,16
1.8857031067251113,1,0,1,2,26.24,31.06,29,0.0,2012,3,14,2,12
1.9831097569663099,1,0,1,1,22.14,25.76,34,23.9994,2012,3,1,3,18
1.9103928415548865,3,0,1,2,30.34,34.85,66,23.9994,2012,8,10,4,12
2.0455488552886543,4,0,1,1,20.5,24.24,77,11.0014,2012,10,10,2,8
1.8269553882413483,3,0,1,1,31.16,34.85,55,26.0027,2011,8,8,0,9
1.870734136494135,4,0,1,1,17.22,21.21,94,0.0,2011,10,7,4,7
1.752790725901759,2,0,1,1,21.32,25.0,32,22.0028,2011,4,6,2,15
1.7733152706473527,4,0,0,3,15.58,19.695,82,22.0028,2011,10,1,5,11
1.828693382742085,2,0,1,2,22.96,26.515,88,19.0012,2012,5,14,0,12
1.4892992254175486,1,0,1,1,5.74,6.06,46,22.0028,2011,1,13,3,22
1.8160445966634724,3,0,0,3,29.52,35.605,84,16.9979,2011,8,6,5,19
1.8601888513706977,3,0,1,1,28.7,32.575,48,8.9981,2011,8,12,4,21
1.358504720646626,1,0,1,1,9.84,11.365,52,15.0013,2012,2,10,4,5
1.9211702864987459,1,0,0,1,18.04,21.97,51,19.0012,2012,3,3,5,13
1.5745651437258248,3,0,1,1,22.14,25.76,68,11.0014,2012,9,17,0,0
1.919871631657153,3,0,1,2,28.7,32.575,58,11.0014,2012,8,9,3,21
0.5265890341390445,1,0,1,1,8.2,9.85,51,12.998,2011,2,16,2,4
1.856716243803005,4,0,1,1,13.12,16.665,61,8.9981,2012,12,14,4,20
2.0122387494454657,1,0,0,1,22.96,26.515,68,11.0014,2012,3,17,5,12
1.881679452127038,3,0,1,2,27.06,31.06,69,15.0013,2011,9,2,4,12
1.5451936315479267,1,0,1,1,10.66,11.365,70,22.0028,2011,2,8,1,6
0.7412763113750153,1,0,1,1,13.12,15.15,53,19.0012,2011,2,14,0,4
1.9556377660352045,3,0,0,1,30.34,34.09,55,12.998,2011,9,10,5,16
2.040995375522574,4,0,1,1,28.7,32.575,65,0.0,2012,10,3,2,18
1.83126011355907,3,0,1,1,28.7,32.575,65,15.0013,2011,8,5,4,22
1.7340313214932865,1,0,1,3,16.4,20.455,82,16.9979,2012,2,2,3,11
0.9591348389208239,2,0,1,2,20.5,24.24,88,8.9981,2011,5,13,4,3
1.8615532204780585,1,0,1,1,7.38,9.85,74,8.9981,2011,3,4,4,8
1.8615532204780585,1,0,1,2,14.76,16.665,50,16.9979,2011,3,4,4,17
1.0804178182729878,1,0,0,1,4.92,6.82,50,12.998,2011,1,9,6,23
1.5163019408528369,3,0,0,2,27.06,29.545,89,19.0012,2012,9,8,5,6
2.0347421241127095,3,0,1,1,31.98,37.12,59,22.0028,2012,9,7,4,17
1.4196068415100236,4,0,1,1,10.66,15.15,75,0.0,2011,12,14,2,0
1.6437209301888343,4,0,1,1,12.3,14.395,52,15.0013,2012,12,11,1,23
1.8949910974525486,4,0,1,3,24.6,28.79,78,22.0028,2012,10,15,0,12
1.4576463830228739,1,0,0,2,14.76,17.425,43,8.9981,2012,3,4,6,3
1.7513148227387971,1,0,1,1,13.94,15.91,71,19.0012,2012,2,17,4,10
1.8329451460953283,4,0,1,1,16.4,20.455,54,12.998,2012,10,12,4,21
1.8122095959040794,4,0,1,2,17.22,21.21,67,23.9994,2011,11,10,3,12
1.9311088435575234,3,0,0,1,33.62,37.12,43,19.0012,2011,7,10,6,18
1.7026798402849839,3,0,1,1,26.24,30.305,69,15.0013,2011,8,15,0,23
1.223156202527103,3,0,1,1,24.6,29.545,73,11.0014,2011,7,15,4,4
1.8402825130491083,4,0,1,1,13.94,18.18,61,0.0,2011,12,9,4,19
1.8418611059620993,1,0,1,1,18.86,22.725,23,32.9975,2011,3,2,2,18
1.836254638743768,3,0,0,2,23.78,27.275,78,19.9995,2012,9,8,5,22
1.026672031199051,1,0,1,1,12.3,13.635,61,19.9995,2012,3,7,2,1
1.7047134862451474,3,0,1,3,22.14,25.76,94,26.0027,2011,9,6,1,15
1.9495984779180693,3,0,1,1,30.34,33.335,51,15.0013,2011,8,1,0,19
1.7272161148848966,1,0,1,1,6.56,6.06,40,31.0009,2011,2,8,1,19
1.9741517421386063,3,0,1,2,27.06,31.06,69,12.998,2012,8,15,2,7
1.8862680216940895,1,0,1,1,20.5,24.24,23,19.0012,2011,3,2,2,17
1.8426436266120914,2,0,1,1,24.6,30.305,26,7.0015,2011,4,14,3,16
1.7289490519659823,1,0,1,1,10.66,13.635,56,7.0015,2012,2,13,0,22
1.8574179522647456,3,0,0,1,31.16,36.365,66,19.9995,2012,8,4,5,23
1.827827111719085,2,0,1,1,18.86,22.725,44,19.0012,2011,5,5,3,9
1.6180113091810355,3,0,0,2,25.42,29.545,78,11.0014,2012,8,19,6,22
1.8502315274246866,3,0,1,1,26.24,31.06,61,6.0032,2012,9,13,3,10
1.026672031199051,1,0,1,1,9.02,10.605,69,15.0013,2011,3,2,2,5
1.2484412575662103,1,0,1,2,17.22,21.21,94,0.0,2012,3,1,3,0
1.8112342343546721,2,0,1,1,27.88,31.82,57,35.0008,2011,4,11,0,20
1.8744836395596192,2,0,0,3,21.32,25.0,100,6.0032,2011,5,14,5,13
1.6437209301888343,1,0,1,1,12.3,15.15,52,11.0014,2011,3,11,4,22
1.8160445966634724,1,0,0,1,18.04,21.97,16,50.0021,2011,2,19,5,15
1.6632944814375767,4,0,1,1,9.02,10.605,55,19.0012,2011,12,8,3,6
1.7890235001604364,2,0,1,1,22.14,25.76,42,8.9981,2011,4,14,3,12
1.879323983956676,2,0,0,1,28.7,33.335,74,11.0014,2011,6,12,6,18
1.1247482629090362,1,0,1,1,14.76,16.665,87,16.9979,2012,1,13,4,3
1.2484412575662103,4,0,0,1,12.3,15.15,65,11.0014,2012,10,13,5,4
1.8885037407137346,1,0,1,2,17.22,21.21,77,12.998,2011,2,18,4,8
1.8354346948604652,2,0,1,1,15.58,19.695,66,0.0,2011,4,14,3,7
1.875710366758475,1,0,1,1,14.76,16.665,32,19.0012,2012,3,6,1,16
1.223156202527103,3,0,1,2,27.06,29.545,89,6.0032,2012,9,4,1,3
0.8697416861919438,2,1,0,1,15.58,19.695,82,6.0032,2011,4,15,4,4
1.8092629643515203,1,0,1,1,12.3,15.15,39,8.9981,2012,3,6,1,13
1.8615532204780585,4,0,1,1,12.3,14.395,61,15.0013,2012,11,6,1,20
1.4892992254175486,2,0,1,1,14.76,17.425,46,12.998,2012,4,13,4,1
1.928696117898278,3,0,0,1,32.8,35.605,36,6.0032,2011,7,2,5,11
1.9820585083321114,1,0,0,2,20.5,24.24,77,6.0032,2012,3,18,6,14
1.448822238365871,2,0,0,1,16.4,20.455,66,8.9981,2011,4,17,6,3
1.6144954397020792,3,0,1,1,28.7,33.335,79,8.9981,2011,7,11,0,23
1.4660765372061442,2,0,0,1,25.42,28.79,83,7.0015,2011,6,18,5,6
1.607232291151654,4,0,1,1,10.66,13.635,60,8.9981,2012,11,5,0,23
0.8697416861919438,1,0,1,1,13.94,16.665,61,12.998,2012,3,12,0,4
1.7047134862451474,2,0,1,1,24.6,28.79,78,22.0028,2012,5,4,4,0
1.496434016604423,1,0,1,1,9.02,9.09,37,39.0007,2012,3,5,0,23
1.9228815367921321,4,0,0,1,14.76,18.94,46,0.0,2011,12,3,5,14
1.223156202527103,4,0,1,1,9.84,14.395,75,0.0,2011,12,2,4,2
1.0804178182729878,4,0,0,1,9.84,14.395,87,0.0,2011,11,6,6,4
1.4741440143630178,2,0,1,2,22.96,26.515,88,8.9981,2012,5,9,2,5
1.9108604173712915,2,0,1,1,29.52,34.09,70,19.9995,2012,6,1,4,13
1.81792340526738,4,0,1,1,22.96,26.515,56,19.9995,2011,10,4,1,13
1.8531520084405109,3,0,1,1,31.16,34.85,52,16.9979,2011,8,5,4,12
1.5099182003836584,1,0,0,1,6.56,9.09,64,8.9981,2011,1,15,5,9
1.9070714954756425,4,1,0,2,16.4,20.455,62,6.0032,2012,10,8,0,11
1.9350305802211858,2,0,0,1,24.6,31.06,40,12.998,2011,5,7,5,12
1.8112342343546721,3,0,1,2,27.06,31.06,61,11.0014,2011,7,15,4,10
1.9761078731375774,4,0,1,1,21.32,25.0,43,11.0014,2011,11,8,1,17
1.83126011355907,2,0,1,3,22.96,26.515,78,11.0014,2011,6,16,3,7
1.9665988343400544,4,0,0,1,16.4,20.455,58,7.0015,2012,11,10,5,11
1.8269553882413483,2,0,1,2,33.62,37.12,41,22.0028,2011,6,7,1,15
1.6684735252826461,1,0,1,2,8.2,9.09,37,19.0012,2011,1,7,4,13
1.4741440143630178,4,0,0,1,12.3,14.395,61,12.998,2012,10,13,5,6
1.223156202527103,2,0,1,2,24.6,28.79,78,8.9981,2012,6,19,1,4
1.9461122540537437,2,0,1,1,28.7,31.82,45,11.0014,2012,6,15,4,12
1.912253049635755,4,0,1,2,22.14,25.76,68,11.0014,2011,11,15,1,7
1.9485628011601908,4,0,1,2,12.3,14.395,65,12.998,2012,11,15,3,7
1.8531520084405109,1,0,1,2,13.12,16.665,87,8.9981,2012,2,16,3,20
1.3973634811730353,3,0,1,1,25.42,29.545,73,12.998,2011,7,15,4,1
1.4741440143630178,1,1,0,3,10.66,11.365,70,19.9995,2012,1,16,0,23
1.9872256448383663,1,0,0,1,22.14,25.76,73,6.0032,2012,3,18,6,16
1.9828477995680995,2,0,1,1,25.42,31.06,38,19.9995,2011,5,9,0,18
1.7542520263946595,4,0,1,2,10.66,12.12,56,19.0012,2012,11,7,2,6
1.8225126721028055,1,0,1,1,4.1,3.79,49,22.0028,2011,2,10,3,8
1.913173172035371,4,0,1,1,23.78,27.275,56,6.0032,2012,12,3,0,13
2.0527088541217777,4,0,1,1,27.06,31.06,57,7.0015,2012,10,4,3,18
1.6313704001963978,1,0,1,2,14.76,18.18,57,6.0032,2011,2,7,0,14
1.868819104784765,3,0,1,1,35.26,42.425,56,26.0027,2011,7,11,0,16
1.223156202527103,3,0,0,2,26.24,28.03,94,11.0014,2011,8,14,6,5
1.358504720646626,1,0,0,3,9.84,12.88,87,6.0032,2012,2,5,6,3
1.9099235639500813,3,0,0,1,31.16,35.605,58,15.0013,2011,7,9,5,20
1.6876424851132221,4,0,1,1,18.86,22.725,63,15.0013,2012,10,15,0,23
1.6985302777514544,2,0,0,2,22.96,26.515,83,8.9981,2012,6,2,5,0
1.8629038905519502,3,0,1,3,27.06,30.305,83,15.0013,2012,7,9,0,7
2.0192049927391618,1,0,0,1,24.6,30.305,60,7.0015,2012,3,17,5,13
1.8329451460953283,1,0,1,1,27.06,31.06,44,8.9981,2011,3,18,4,19
1.7047134862451474,4,0,1,1,14.76,16.665,53,19.0012,2011,11,10,3,22
1.8141402142832723,2,0,0,2,27.88,31.82,74,7.0015,2011,6,19,6,9
1.9031681972312866,3,0,1,1,33.62,37.12,43,15.0013,2011,8,17,2,16
1.6407200993500939,1,0,0,2,13.12,15.15,93,15.0013,2011,3,5,5,9
1.8896075013631948,1,0,1,2,23.78,27.275,32,19.9995,2011,2,17,3,17
1.2917246727283112,3,0,1,1,27.06,31.06,74,6.0032,2011,7,5,1,2
1.9282894962939565,1,0,1,1,29.52,31.82,25,12.998,2012,3,14,2,16
1.9228815367921321,3,0,0,3,30.34,35.605,79,11.0014,2011,8,6,5,16
1.8260781474077188,2,0,1,1,18.04,21.97,77,8.9981,2012,5,18,4,6
1.6495606454510718,3,0,0,2,30.34,34.09,58,8.9981,2012,9,1,5,7
1.1622831138840004,1,0,0,2,22.14,25.76,39,22.0028,2011,3,19,5,3
2.0021862991048716,4,0,1,2,24.6,28.79,78,16.9979,2011,10,11,1,17
1.026672031199051,1,0,1,1,4.92,6.06,50,19.0012,2011,1,10,0,0
1.1622831138840004,4,0,1,1,17.22,21.21,88,6.0032,2012,12,4,1,2
1.8538724045702297,2,0,1,2,27.88,31.82,61,32.9975,2011,5,3,1,12
1.844195357303668,4,0,0,1,13.12,15.15,70,16.9979,2012,11,18,6,9
1.710657776180059,1,1,0,2,7.38,8.335,55,16.9979,2011,1,17,0,18
1.9245701304885587,3,0,1,1,31.16,34.85,55,15.0013,2011,8,17,2,19
1.9980992676206404,3,0,1,1,29.52,34.09,62,11.0014,2011,9,14,2,18
1.8965639023210192,3,0,1,1,27.06,31.06,69,8.9981,2011,9,2,4,19
1.5555453730992024,1,0,1,1,11.48,13.635,61,12.998,2011,3,8,1,23
1.4892992254175486,2,0,0,1,25.42,29.545,73,0.0,2012,6,10,6,6
1.583340520839692,3,0,1,1,27.88,31.82,79,11.0014,2012,8,1,2,0
1.9432515053140835,4,0,1,3,25.42,27.275,94,0.0,2012,10,2,1,19
1.9629494968760168,3,0,1,1,32.8,38.635,59,8.9981,2012,7,16,0,20
1.8965639023210192,3,0,1,1,31.16,36.365,70,19.0012,2012,9,4,1,12
1.607232291151654,1,0,1,1,7.38,12.12,69,0.0,2011,2,11,4,23
1.223156202527103,3,0,1,1,27.06,30.305,83,15.0013,2011,7,18,0,2
0.8697416861919438,1,0,0,2,9.84,10.605,56,19.9995,2011,1,16,6,7
2.01626986472143,2,0,1,1,22.14,25.76,26,8.9981,2012,4,13,4,18
1.3105061862047918,2,0,1,1,22.14,25.76,77,15.0013,2012,6,18,0,1
1.8131782269605679,3,0,0,2,27.88,31.82,89,8.9981,2012,7,15,6,1
1.844195357303668,1,0,0,2,19.68,23.485,59,19.9995,2011,3,5,5,16
1.63454690370149,1,0,0,2,7.38,9.85,80,11.0014,2011,1,8,5,10
1.9056215095903026,4,0,1,1,24.6,31.06,46,0.0,2011,10,7,4,13
1.7924169706841675,1,0,0,2,10.66,12.12,65,19.0012,2012,2,5,6,10
1.9436126948827355,2,0,1,1,17.22,21.21,67,16.9979,2011,5,4,2,18
1.2484412575662103,3,0,1,1,27.06,30.305,83,6.0032,2012,8,2,3,2
1.999477239130146,4,0,1,3,22.14,25.76,77,8.9981,2012,10,15,0,18
1.8112342343546721,4,0,1,1,22.96,26.515,43,0.0,2011,10,17,0,11
1.8502315274246866,1,0,0,2,13.12,15.15,45,19.0012,2012,2,19,6,16
1.8622302516766631,2,0,0,1,25.42,31.06,57,16.9979,2012,4,15,6,21
1.3437034446606386,2,0,1,1,26.24,30.305,73,15.0013,2011,6,13,0,1
1.983631976212856,3,0,0,1,36.08,40.91,42,19.9995,2012,8,4,5,13
1.780778386075876,3,0,1,1,36.9,42.425,42,12.998,2012,7,18,2,10
1.496434016604423,1,0,0,2,17.22,21.21,100,19.9995,2011,3,6,6,10
1.9354161398973209,4,0,1,1,17.22,21.21,32,31.0009,2011,11,4,4,18
1.3105061862047918,2,0,1,1,22.96,26.515,83,11.0014,2012,6,15,4,4
1.914541129043442,3,0,1,1,32.8,37.12,52,30.0026,2012,8,10,4,15
1.832105201899316,2,0,1,1,20.5,24.24,36,0.0,2012,4,13,4,21
1.7467966996992919,2,0,1,2,22.14,25.76,45,12.998,2012,5,7,0,23
1.026672031199051,1,0,1,1,19.68,23.485,88,12.998,2012,3,1,3,4
1.9136307769773249,4,0,0,1,22.14,25.76,45,30.0026,2011,10,15,5,10
1.7254630513334037,1,0,1,2,16.4,20.455,76,15.0013,2011,3,16,2,14
1.5555453730992024,4,0,0,1,11.48,15.91,75,0.0,2011,12,4,6,3
1.7218947624700471,2,0,0,2,13.94,17.425,87,7.0015,2011,4,9,5,9
1.7067206012930416,1,0,1,2,9.84,12.88,92,7.0015,2011,1,19,2,7
1.9254061069071156,2,0,1,1,29.52,31.82,26,22.0028,2011,6,3,4,16
1.2711498482847257,1,0,0,2,9.02,11.365,64,12.998,2011,2,13,6,8
1.875710366758475,4,0,1,1,14.76,17.425,62,8.9981,2011,12,9,4,16
1.579009137828587,4,0,1,2,18.04,21.97,88,0.0,2012,12,4,1,5
2.0393824002626744,2,0,1,2,32.8,35.605,41,23.9994,2012,6,11,0,17
1.9769366905751646,4,0,1,1,17.22,21.21,88,8.9981,2012,12,4,1,7
1.927472325029152,4,0,0,2,21.32,25.0,29,27.9993,2011,11,13,6,12
1.798970923559588,2,0,1,2,28.7,32.575,58,30.0026,2011,5,3,1,15
1.7356879059276584,1,0,0,3,18.86,22.725,59,16.9979,2012,1,1,6,18
1.8102520538839093,2,0,1,2,22.14,25.76,49,22.0028,2011,5,6,4,11
1.8449646614985311,1,0,1,2,9.84,14.395,65,0.0,2012,1,6,4,7
1.804210600378433,3,0,1,1,32.8,35.605,41,19.9995,2011,8,16,1,15
1.863574168980396,3,0,1,2,22.96,26.515,68,8.9981,2011,9,19,0,20
1.8581160323277108,3,0,1,1,27.06,31.06,57,15.0013,2011,7,15,4,22
1.798970923559588,4,0,1,2,24.6,27.275,88,8.9981,2012,10,2,1,13
1.8763195102948889,2,0,0,1,22.14,25.76,56,15.0013,2012,4,15,6,9
1.5224670302876946,1,0,1,1,10.66,12.88,48,11.0014,2011,3,7,0,22
1.947867540121006,2,0,1,1,17.22,21.21,38,6.0032,2012,4,3,1,9
1.3973634811730353,1,0,0,2,8.2,11.365,75,6.0032,2011,2,13,6,2
1.7389471062414084,1,0,1,1,15.58,19.695,27,11.0014,2011,3,8,1,16
1.8822618226261445,3,0,1,1,27.06,31.06,54,7.0015,2011,7,15,4,21
1.887390630978784,1,0,1,1,9.84,11.365,65,12.998,2012,2,3,4,9
1.8329451460953283,4,0,1,1,26.24,31.06,41,19.0012,2011,10,5,2,14
1.583340520839692,3,0,0,1,26.24,30.305,69,15.0013,2011,7,17,6,3
1.8960417361485307,2,0,1,1,18.86,22.725,31,23.9994,2012,4,9,0,9
1.9094525728270801,4,0,1,1,17.22,21.21,58,6.0032,2011,11,1,1,19
1.3105061862047918,3,0,1,1,23.78,27.275,78,6.0032,2011,9,1,3,3
1.801090104041353,2,0,0,1,22.96,26.515,64,11.0014,2012,5,13,6,8
1.904155101148327,1,0,1,2,24.6,31.06,43,26.0027,2012,3,8,3,20
1.4892992254175486,1,0,0,1,6.56,9.85,69,6.0032,2011,2,12,5,0
1.372306733580753,1,0,0,1,11.48,14.395,65,7.0015,2012,2,18,5,3
1.4660765372061442,1,0,1,1,21.32,25.0,63,6.0032,2012,3,14,2,1
1.9735870328878404,2,0,0,1,33.62,36.365,38,15.0013,2012,6,10,6,18
1.579009137828587,3,0,1,1,28.7,31.82,45,7.0015,2011,8,11,3,0
0.7412763113750153,2,0,1,2,18.86,22.725,88,16.9979,2012,5,3,3,4
1.5397794579522743,3,0,1,1,24.6,28.79,78,11.0014,2011,7,15,4,2
1.4818766360989102,3,0,1,1,27.06,31.06,74,0.0,2011,8,2,1,0
1.8150956430032537,1,0,1,1,22.96,26.515,60,6.0032,2012,3,13,1,22
1.9117905099724466,4,0,1,1,13.94,18.18,61,0.0,2011,12,9,4,18
0.9591348389208239,1,0,1,2,7.38,9.09,64,12.998,2011,3,4,4,1
1.8131782269605679,1,0,1,2,9.84,12.88,81,7.0015,2011,2,1,1,18
2.029377654835695,3,0,1,2,34.44,40.15,53,19.0012,2012,8,3,4,17
0.7412763113750153,1,0,1,3,13.94,15.91,0,16.9979,2011,3,10,3,1
1.987730399007307,3,0,1,1,31.98,34.85,43,12.998,2011,8,1,0,18
1.7389471062414084,4,0,0,1,10.66,15.15,81,0.0,2012,12,1,5,0
1.8434216945775423,4,0,1,1,15.58,19.695,46,26.0027,2012,11,13,1,14
1.0804178182729878,4,0,1,1,18.86,22.725,82,7.0015,2011,10,5,2,3
1.8538724045702297,4,0,0,1,13.12,16.665,53,0.0,2012,11,4,6,9
1.818853419699573,4,0,1,1,21.32,25.0,68,6.0032,2011,10,7,4,10
1.7667886546960463,2,0,1,1,16.4,20.455,37,32.9975,2012,4,10,1,22
1.8976020071415636,3,0,0,1,32.8,38.635,59,16.9979,2012,8,4,5,21
1.9245701304885587,4,0,0,1,16.4,20.455,43,0.0,2012,10,13,5,10
0.9591348389208239,1,1,0,1,11.48,12.88,45,22.0028,2012,1,2,0,5
1.372306733580753,3,0,1,2,28.7,33.335,84,0.0,2012,9,6,3,1
1.8955174731725755,3,0,1,1,30.34,34.85,66,8.9981,2011,9,9,4,16
1.818853419699573,1,0,1,3,14.76,17.425,87,12.998,2012,3,2,4,19
1.977486115075459,3,0,0,2,33.62,38.635,52,6.0032,2012,9,1,5,13
1.7720331658588133,3,0,0,1,26.24,30.305,65,0.0,2012,8,19,6,1
1.1622831138840004,4,0,0,1,10.66,11.365,48,22.0028,2011,11,19,5,4
1.603478573504849,1,0,1,2,8.2,11.365,47,6.0032,2012,1,4,2,22
1.2917246727283112,2,0,1,1,17.22,21.21,47,8.9981,2011,4,7,3,1
1.7182404735813999,1,0,0,1,6.56,6.06,40,31.0009,2012,2,12,6,18
1.9194357985353954,4,0,0,1,16.4,20.455,40,15.0013,2011,11,5,5,16
2.0144729267566395,1,0,1,1,18.04,21.97,82,0.0,2012,3,14,2,8
1.3437034446606386,4,0,0,2,9.84,12.12,93,8.9981,2012,12,2,6,6
0.9591348389208239,3,0,1,1,26.24,28.79,89,7.0015,2011,7,7,3,4
1.6214540309583532,4,0,1,1,14.76,18.18,76,6.0032,2011,11,2,2,23
1.1622831138840004,1,0,1,2,9.84,12.12,81,8.9981,2011,3,9,2,5
1.0804178182729878,2,0,0,2,18.04,21.97,82,0.0,2011,5,8,6,6
1.3973634811730353,2,0,1,2,20.5,24.24,59,7.0015,2011,5,11,2,1
1.026672031199051,4,0,1,1,18.04,21.97,94,6.0032,2011,10,18,1,2
1.3437034446606386,1,0,0,2,7.38,12.12,55,0.0,2011,1,8,5,2
1.5163019408528369,1,0,0,2,16.4,20.455,87,12.998,2011,1,1,5,21
1.358504720646626,1,0,1,2,18.86,22.725,77,22.0028,2012,1,18,2,0
1.9127139332707952,4,0,0,1,18.86,22.725,55,12.998,2011,11,6,6,14
1.8857031067251113,2,0,1,1,29.52,34.09,66,7.0015,2011,6,10,4,7
1.8538724045702297,3,0,0,1,28.7,32.575,48,15.0013,2012,8,12,6,9
1.919871631657153,3,0,1,1,35.26,38.635,39,7.0015,2012,7,6,4,20
1.777094949793928,4,0,1,2,16.4,20.455,62,27.9993,2011,12,15,3,11
1.7627277196400848,1,0,1,1,8.2,8.335,40,27.9993,2012,1,18,2,21
1.6734888160092363,4,0,1,3,14.76,17.425,57,15.0013,2011,11,17,3,6
1.8160445966634724,1,0,0,1,18.04,21.97,47,15.0013,2012,3,11,6,20
1.7047134862451474,2,0,1,1,20.5,24.24,51,12.998,2011,4,14,3,10
1.8494914839851704,1,0,1,1,12.3,16.665,24,0.0,2011,2,11,4,17
1.5653166550596793,3,0,0,1,26.24,28.79,89,12.998,2011,9,4,6,3
1.8545889886375557,4,0,1,1,17.22,21.21,50,12.998,2012,12,19,2,14
1.7745861482661287,1,0,1,1,21.32,25.0,55,11.0014,2012,3,1,3,10
1.5996388013001026,1,0,1,1,13.12,16.665,57,8.9981,2012,2,7,1,23
1.8986319116885528,4,0,1,1,22.14,25.76,52,12.998,2012,10,10,2,11
1.7855476541684288,1,0,1,1,20.5,24.24,48,19.0012,2011,3,17,3,16
1.9140867590359603,3,0,1,1,26.24,31.06,38,15.0013,2012,9,10,0,13
1.847999202156157,4,0,1,1,16.4,20.455,71,0.0,2011,11,1,1,20
1.798970923559588,2,0,0,2,14.76,17.425,57,11.0014,2011,4,2,5,10
1.1622831138840004,3,0,1,1,22.96,26.515,88,0.0,2011,9,13,1,4
1.9311088435575234,2,0,1,2,19.68,23.485,55,8.9981,2012,4,4,2,9
2.0246791008299514,4,0,1,3,25.42,28.03,88,7.0015,2012,10,2,1,17
1.8545889886375557,1,0,0,1,13.12,15.15,49,19.0012,2012,3,11,6,10
1.223156202527103,4,0,1,1,20.5,24.24,63,30.0026,2012,12,5,2,4
1.223156202527103,4,0,1,1,13.94,18.18,87,0.0,2011,11,9,2,1
1.9492542075910286,4,0,0,1,25.42,31.06,35,26.0027,2011,10,16,6,15
1.8082668738615209,3,0,1,1,27.06,30.305,83,15.0013,2012,8,3,4,6
1.8896075013631948,3,0,1,3,31.16,34.85,55,16.9979,2011,8,18,3,18
1.712589050021264,2,0,1,1,17.22,21.21,38,26.0027,2011,4,6,2,11
1.8062533133730014,4,0,1,1,22.96,26.515,46,7.0015,2011,11,8,1,14
1.5996388013001026,1,0,1,3,6.56,11.365,93,0.0,2011,1,11,1,19
1.999248679540891,3,0,0,2,31.16,35.605,62,6.0032,2012,7,14,5,13
1.6248263889219656,4,0,0,1,19.68,23.485,67,22.0028,2011,10,1,5,1
1.7585509609170316,3,0,0,2,27.06,30.305,83,8.9981,2011,7,9,5,0
1.4087998161504007,2,0,1,2,23.78,27.275,88,8.9981,2012,5,16,2,1
1.85601087126303,1,0,1,1,5.74,7.575,74,8.9981,2011,2,4,4,8
1.8472468792313919,4,0,1,1,13.12,15.91,45,12.998,2011,12,8,3,16
1.0804178182729878,4,0,1,2,18.86,22.725,88,7.0015,2012,10,10,2,4
2.050371758177416,3,0,1,1,27.06,31.06,34,22.0028,2012,9,10,0,17
1.7356879059276584,1,0,1,1,8.2,9.85,40,16.9979,2011,3,3,3,19
1.752790725901759,1,0,1,1,13.94,15.91,39,19.0012,2012,1,5,3,14
1.583340520839692,3,0,1,1,27.06,31.06,65,7.0015,2012,8,13,0,0
1.5163019408528369,2,0,1,3,15.58,19.695,94,15.0013,2011,4,13,2,6
1.1622831138840004,4,0,0,2,10.66,15.15,93,0.0,2012,12,2,6,5
1.6579414149579819,1,0,0,1,12.3,14.395,87,16.9979,2011,2,5,5,20
1.6807250824647135,1,0,1,1,9.84,12.88,21,7.0015,2011,3,3,3,14
1.866876239930001,3,0,1,1,29.52,34.85,74,27.9993,2011,7,11,0,20
1.5397794579522743,1,0,0,1,15.58,19.695,62,7.0015,2011,3,13,6,0
1.963872033379227,1,0,1,1,13.94,15.15,42,22.0028,2012,3,6,1,18
1.7047134862451474,4,0,0,1,9.02,13.635,64,0.0,2011,12,18,6,21
1.637662762520353,1,0,0,1,10.66,15.15,60,0.0,2011,2,6,6,22
1.9181193208376597,4,0,1,1,25.42,31.06,53,23.9994,2012,10,18,3,13
1.993387792889887,4,0,1,1,24.6,31.06,40,15.0013,2012,10,10,2,16
1.0804178182729878,3,0,0,1,26.24,28.79,89,6.0032,2011,8,6,5,5
1.8251953231790878,1,0,0,1,18.04,21.97,41,27.9993,2011,3,13,6,11
1.9718770561383445,2,0,1,1,20.5,24.24,22,31.0009,2012,4,6,4,18
1.9291014406875389,3,0,1,1,24.6,31.06,49,0.0,2012,9,11,1,9
1.781985597277665,1,0,1,1,5.74,6.06,50,22.0028,2011,1,13,3,9
1.8260781474077188,2,0,0,1,19.68,23.485,20,12.998,2012,4,7,5,22
1.3437034446606386,1,1,0,1,9.84,10.605,32,26.0027,2012,1,2,0,7
1.8112342343546721,3,0,1,1,30.34,35.605,74,6.0032,2012,7,16,0,23
1.6783497616208911,3,0,0,2,27.88,31.82,57,6.0032,2011,8,13,5,1
1.223156202527103,4,0,1,1,16.4,20.455,87,0.0,2011,10,7,4,3
1.9569408357672031,4,0,0,1,16.4,20.455,40,22.0028,2012,11,4,6,16
1.4892992254175486,2,0,1,1,16.4,20.455,82,0.0,2012,4,19,3,5
1.9641780151827253,2,0,1,2,26.24,30.305,69,19.0012,2012,5,8,1,19
1.6830650011356274,4,0,0,1,13.94,17.425,66,6.0032,2011,11,13,6,8
1.8885037407137346,3,0,1,1,32.8,35.605,41,8.9981,2012,7,10,1,12
1.7585509609170316,2,0,0,2,18.86,22.725,82,0.0,2011,5,1,6,20
1.780778386075876,1,0,1,1,17.22,21.21,62,15.0013,2011,3,17,3,21
2.006353291328953,2,0,0,1,28.7,31.82,42,22.0028,2012,4,15,6,17
1.8923269571335788,4,0,1,2,28.7,33.335,74,7.0015,2012,10,3,2,13
1.83126011355907,4,0,0,2,9.84,11.365,60,15.0013,2011,12,18,6,11
1.327761429538331,2,0,1,1,18.86,22.725,59,6.0032,2011,5,10,1,1
1.8545889886375557,4,0,1,2,21.32,25.0,68,15.0013,2012,10,18,3,10
1.8464903775306214,3,0,0,1,24.6,28.03,83,7.0015,2012,9,15,5,0
1.9859544370585949,2,0,0,1,23.78,27.275,46,19.0012,2012,6,2,5,11
1.4576463830228739,3,0,1,1,30.34,34.09,58,12.998,2011,7,13,2,5
1.798970923559588,4,0,1,1,14.76,16.665,57,22.0028,2012,12,11,1,10
1.8346098354356497,4,0,0,1,18.04,21.97,54,0.0,2012,11,10,5,20
1.777094949793928,4,0,1,2,15.58,19.695,87,6.0032,2012,12,17,0,10
1.4395687003478856,2,0,1,1,18.86,22.725,72,19.9995,2012,5,10,3,5
1.952989808340929,4,0,1,1,22.14,25.76,39,19.0012,2011,10,14,4,18
1.956291014386414,3,0,0,1,30.34,33.335,45,19.9995,2011,7,16,5,14
1.1247482629090362,1,0,0,1,10.66,13.635,75,7.0015,2012,1,7,5,6
1.8851357588170432,4,0,0,1,12.3,16.665,26,0.0,2011,12,11,6,15
1.903662587911754,2,0,1,1,22.96,26.515,73,8.9981,2012,5,3,3,12
1.7783332269022314,4,0,1,1,18.04,21.97,77,8.9981,2012,12,3,0,10
1.9258220450052628,2,0,1,2,20.5,24.24,82,15.0013,2012,5,7,0,9
1.945758217792441,2,0,1,2,26.24,28.79,89,12.998,2012,6,1,4,7
1.7026798402849839,3,0,1,3,27.88,31.82,83,30.0026,2012,9,18,1,12
1.8955174731725755,2,0,1,1,33.62,39.395,56,19.9995,2011,6,10,4,16
1.8949910974525486,2,0,1,2,28.7,33.335,79,11.0014,2011,6,1,2,7
1.5504460211620947,2,0,1,1,18.86,22.725,41,19.9995,2011,4,6,2,23
1.860872764634446,2,0,1,1,31.16,35.605,58,7.0015,2012,6,19,1,14
1.8354346948604652,2,0,1,1,27.88,31.82,51,0.0,2011,5,16,0,14
1.9650914196353428,2,0,0,2,28.7,31.82,42,12.998,2012,6,16,5,19
1.965696607064784,3,0,0,1,31.16,34.09,43,19.0012,2011,7,16,5,12
1.579009137828587,4,0,1,3,17.22,21.21,88,15.0013,2011,11,16,2,22
1.8700988387609099,4,0,1,1,19.68,23.485,77,0.0,2011,10,7,4,9
1.6407200993500939,1,0,0,1,4.1,4.545,49,19.9995,2012,2,12,6,9
1.7795609835022244,2,0,1,1,22.96,26.515,35,6.0032,2011,4,14,3,14
0.5265890341390445,1,0,1,1,0.82,0.76,34,19.0012,2012,1,4,2,2
1.9738697143211963,2,0,1,1,27.88,31.82,83,12.998,2012,6,12,1,19
1.8449646614985311,1,0,1,1,20.5,24.24,34,27.9993,2012,3,7,2,13
1.9307098989760174,3,0,1,1,22.14,25.76,60,16.9979,2012,9,19,2,9
1.8394863420693595,1,0,0,1,21.32,25.0,77,8.9981,2012,3,18,6,20
1.7306622908306295,2,0,1,2,22.14,25.76,64,6.0032,2011,4,19,1,12
1.7946353028541102,4,0,1,1,16.4,20.455,40,15.0013,2011,12,1,3,14
1.5341940066777084,3,0,0,2,18.86,22.725,77,12.998,2011,9,17,5,7
1.6180113091810355,1,0,1,3,18.04,21.97,0,39.0007,2011,3,10,3,19
1.8150956430032537,2,0,1,2,25.42,30.305,69,12.998,2011,5,2,0,13
1.940323909263275,4,0,1,2,20.5,24.24,77,11.0014,2012,10,18,3,9
1.7640939343176614,2,0,1,2,22.96,26.515,43,8.9981,2011,5,10,1,11
1.4298455472897516,4,0,0,1,18.04,21.97,62,12.998,2011,10,15,5,3
1.6579414149579819,2,0,0,1,16.4,20.455,28,16.9979,2012,4,7,5,1
1.607232291151654,1,0,1,3,13.94,18.18,76,0.0,2012,2,16,3,15
1.8150956430032537,3,0,1,1,23.78,27.275,73,7.0015,2012,9,13,3,23
1.6524030880939045,1,0,1,2,8.2,9.85,40,15.0013,2011,1,7,4,11
1.2484412575662103,4,1,0,1,13.12,14.395,57,19.0012,2011,11,11,4,2
1.6606403793348095,4,0,0,1,13.12,16.665,87,7.0015,2012,11,11,6,2
1.8304098214920528,3,0,1,1,31.16,33.335,35,16.9979,2011,8,11,3,11
1.780778386075876,1,0,1,1,14.76,16.665,53,19.0012,2012,2,15,2,11
1.9395812163258002,1,0,1,2,10.66,11.365,44,22.0028,2012,1,19,3,17
1.893931943123261,2,0,1,1,22.14,25.76,77,19.0012,2011,5,19,3,20
1.9733036949652514,4,0,1,1,22.96,26.515,56,19.0012,2011,11,14,0,18
1.780778386075876,2,0,1,2,23.78,27.275,78,19.0012,2011,5,18,2,14
0.8697416861919438,4,0,1,2,17.22,21.21,77,22.0028,2011,11,17,3,3
0.7412763113750153,1,0,1,1,9.02,13.635,64,0.0,2011,3,8,1,4
1.2917246727283112,1,1,0,2,6.56,9.09,50,8.9981,2011,1,17,0,7
1.9641780151827253,3,0,1,1,33.62,37.12,43,15.0013,2012,8,14,1,16
1.026672031199051,3,0,1,1,27.06,31.06,69,11.0014,2011,7,5,1,4
1.7667886546960463,1,0,1,2,6.56,9.09,80,8.9981,2011,2,4,4,9
1.5099182003836584,1,0,1,2,9.02,12.88,93,6.0032,2011,1,18,1,22
1.865565153838859,1,0,1,1,16.4,20.455,43,11.0014,2012,3,2,4,12
1.9016736242907473,1,0,0,1,14.76,18.18,21,6.0032,2012,3,10,5,18
1.7890235001604364,1,0,1,2,13.94,17.425,81,7.0015,2012,2,16,3,21
1.9807314840803059,4,0,1,1,20.5,24.24,72,12.998,2012,10,17,2,19
1.748318097194945,1,0,1,1,12.3,13.635,42,26.0027,2012,1,18,2,11
1.783182776049518,2,0,0,1,27.06,30.305,83,7.0015,2011,6,12,6,21
1.96108343429015,2,0,1,1,27.88,31.82,36,27.9993,2012,6,13,2,20
1.6281310150671582,4,0,0,2,13.12,15.15,49,16.9979,2012,11,3,5,7
1.9094525728270801,2,0,0,1,18.04,21.97,38,19.0012,2011,4,3,6,12
1.7513148227387971,1,0,1,1,10.66,12.88,65,12.998,2012,1,6,4,10
1.8681746132307353,3,0,1,1,28.7,32.575,48,12.998,2011,7,15,4,12
2.0028540398346517,2,0,1,1,29.52,32.575,32,8.9981,2011,6,15,2,18
1.3852268599316875,4,1,0,1,13.94,15.91,76,15.0013,2012,10,8,0,5
1.8418611059620993,1,0,1,1,22.96,26.515,68,11.0014,2012,3,19,0,11
1.856716243803005,4,0,1,1,17.22,21.21,41,27.9993,2012,11,2,4,11
1.3852268599316875,1,0,1,3,6.56,9.85,93,6.0032,2011,1,11,1,23
1.932298189261516,3,0,0,1,32.8,36.365,46,16.9979,2011,7,9,5,12
1.6214540309583532,1,0,1,1,10.66,12.12,25,16.9979,2011,2,15,1,11
1.570002974208493,1,0,0,1,12.3,12.88,28,32.9975,2011,2,19,5,22
1.781985597277665,3,0,1,1,27.88,31.82,69,15.0013,2011,8,5,4,23
1.8329451460953283,1,0,0,2,18.86,22.725,67,19.0012,2011,3,5,5,13
1.9026719155555414,1,0,0,1,14.76,16.665,43,19.0012,2012,3,11,6,11
1.7968196318819551,3,0,1,2,28.7,32.575,58,16.9979,2012,7,11,2,23
1.026672031199051,3,0,1,1,25.42,31.06,53,8.9981,2011,8,12,4,4
1.923305787045047,2,0,1,1,24.6,31.06,40,16.9979,2011,5,6,4,16
1.4395687003478856,1,0,1,1,15.58,19.695,54,12.998,2012,3,12,0,0
1.7405504459900154,4,1,0,1,13.12,15.91,39,12.998,2011,11,11,4,20
1.844195357303668,3,0,1,2,27.06,30.305,83,16.9979,2011,7,8,4,21
1.9929062873912258,2,0,0,1,29.52,32.575,42,16.9979,2012,5,13,6,16
1.1622831138840004,2,0,1,1,22.14,25.76,64,6.0032,2012,6,4,0,4
1.9595065212563594,1,0,0,2,20.5,24.24,77,6.0032,2012,3,17,5,10
1.775845981748474,1,0,1,1,9.02,9.09,64,31.0009,2011,3,7,0,9
1.6734888160092363,4,0,1,2,12.3,15.15,49,8.9981,2011,12,16,4,23
1.7087018253879918,1,0,1,1,7.38,9.85,59,8.9981,2012,3,5,0,6
1.7745861482661287,3,0,0,2,28.7,33.335,84,8.9981,2012,7,15,6,8
1.9051345487873121,1,0,1,2,18.04,21.97,94,8.9981,2012,3,1,3,7
0.9591348389208239,4,0,1,2,22.96,26.515,73,16.9979,2012,10,15,0,3
1.8991438268879295,2,0,1,1,28.7,32.575,65,6.0032,2012,6,19,1,12
1.9980992676206404,2,0,0,1,26.24,31.06,36,0.0,2012,6,2,5,17
1.8472468792313919,2,0,1,1,26.24,29.545,78,6.0032,2011,6,17,4,21
1.8216068302034107,1,0,1,1,12.3,15.91,52,6.0032,2012,2,9,3,21
1.7627277196400848,1,0,0,2,12.3,13.635,61,19.9995,2012,2,11,5,15
1.783182776049518,1,0,0,1,18.04,21.97,38,27.9993,2011,3,19,5,10
1.68988188256892,4,0,1,2,18.04,21.97,33,19.9995,2011,12,16,4,6
1.9964712752393343,1,0,1,1,18.86,22.725,88,7.0015,2012,3,19,0,8
1.607232291151654,4,0,1,3,18.86,22.725,100,11.0014,2011,12,6,1,23
1.8601888513706977,3,0,0,1,25.42,29.545,73,7.0015,2011,9,11,6,20
1.8329451460953283,2,0,1,2,21.32,25.0,77,12.998,2012,5,7,0,10
1.8649047698246697,1,0,1,1,9.02,13.635,47,0.0,2012,3,6,1,9
1.5397794579522743,1,0,1,1,13.12,14.395,53,26.0027,2012,2,3,4,0
1.932298189261516,4,0,1,1,22.14,25.76,60,19.0012,2012,10,10,2,9
1.7067206012930416,1,0,1,2,10.66,11.365,44,27.9993,2012,1,19,3,22
1.7640939343176614,1,0,0,1,17.22,21.21,28,22.0028,2011,2,13,6,17
1.1947055233182955,4,0,0,1,9.84,14.395,87,0.0,2011,11,6,6,3
0.8697416861919438,1,0,0,1,16.4,20.455,15,22.0028,2011,2,19,5,4
1.3105061862047918,1,0,1,2,9.02,12.12,87,7.0015,2012,1,10,1,0
1.749824041026481,4,0,0,1,14.76,16.665,76,23.9994,2011,10,2,6,9
1.7182404735813999,2,0,0,2,26.24,31.06,61,11.0014,2011,6,5,6,1
1.637662762520353,2,0,1,3,13.12,15.15,93,16.9979,2011,4,8,4,18
1.1247482629090362,4,0,0,1,9.02,11.365,75,11.0014,2011,11,12,5,6
1.832105201899316,2,0,1,2,22.14,25.76,68,15.0013,2011,4,12,1,7
1.9354161398973209,3,0,0,1,29.52,34.09,70,12.998,2011,9,3,5,16
1.8769258727448193,3,0,0,1,28.7,32.575,58,15.0013,2011,7,16,5,21
1.7306622908306295,3,0,1,2,26.24,29.545,78,16.9979,2011,8,18,3,6
2.037911144193943,3,0,1,1,33.62,12.12,36,22.0028,2012,8,17,4,17
1.6734888160092363,1,0,1,2,14.76,17.425,81,8.9981,2011,3,16,2,11
1.7200786095266942,1,0,1,1,19.68,23.485,72,12.998,2012,3,15,3,23
1.9158946735023363,2,0,1,1,25.42,28.79,83,19.0012,2011,6,16,3,19
1.780778386075876,1,0,1,1,20.5,24.24,68,31.0009,2012,3,8,3,10
1.8629038905519502,1,0,1,1,8.2,10.605,59,11.0014,2012,2,10,4,7
1.5284269505599697,1,0,1,1,4.92,7.575,74,7.0015,2011,1,4,1,6
1.2484412575662103,2,0,0,3,21.32,25.0,83,11.0014,2012,5,6,6,5
1.9730196976615502,3,0,1,1,30.34,33.335,51,11.0014,2012,7,13,4,19
1.7867156538126496,4,0,1,2,15.58,19.695,82,16.9979,2012,10,9,1,6
1.372306733580753,4,0,1,1,13.12,15.91,81,12.998,2011,11,1,1,5
1.372306733580753,1,0,1,1,16.4,20.455,50,11.0014,2012,2,1,2,5
2.0003871212614466,3,0,0,1,31.16,33.335,37,15.0013,2012,8,18,5,15
1.9220287795310242,2,0,0,2,30.34,32.575,30,11.0014,2011,6,4,5,18
1.7694345201285457,2,0,1,2,22.14,25.76,68,15.0013,2011,4,19,1,13
1.804210600378433,2,0,1,2,28.7,32.575,61,19.9995,2011,6,16,3,15
1.988733607234547,2,0,1,1,20.5,24.24,72,0.0,2012,6,6,2,7
1.9546513926697417,2,0,0,3,28.7,32.575,61,19.9995,2012,5,5,5,14
1.1247482629090362,4,0,1,1,17.22,21.21,67,11.0014,2012,10,16,1,4
1.8494914839851704,2,0,1,1,26.24,30.305,65,0.0,2012,5,1,1,22
1.1247482629090362,1,0,0,1,17.22,21.21,14,19.9995,2011,2,19,5,3
1.372306733580753,2,0,0,2,13.94,17.425,81,6.0032,2012,4,1,6,5
1.7946353028541102,2,0,0,2,26.24,31.06,57,0.0,2011,6,4,5,23
1.8581160323277108,1,0,0,1,22.14,25.76,68,11.0014,2012,3,17,5,21
0.9591348389208239,1,0,1,1,5.74,6.06,50,16.9979,2011,1,13,3,4
1.8960417361485307,4,0,1,1,20.5,24.24,42,19.0012,2012,12,18,1,13
1.8206950566924849,3,0,1,1,26.24,31.06,57,6.0032,2011,7,14,3,22
1.7047134862451474,4,0,1,1,13.12,15.15,49,22.0028,2011,11,4,4,23
1.8386855209387276,3,0,1,1,35.26,39.395,44,6.0032,2012,7,19,3,14
1.6437209301888343,3,0,0,1,24.6,28.03,83,15.0013,2012,8,18,5,7
2.044931435874979,3,0,1,1,29.52,34.09,70,16.9979,2012,9,6,3,18
1.8642411184013048,4,0,0,2,15.58,19.695,87,12.998,2012,12,9,6,14
1.6495606454510718,1,0,0,1,11.48,14.395,56,7.0015,2012,2,5,6,21
1.8642411184013048,4,0,1,1,10.66,13.635,56,7.0015,2011,12,8,3,19
1.8828416375415338,1,0,1,2,10.66,14.395,56,6.0032,2012,2,14,1,9
1.8719957290222062,3,1,0,2,28.7,32.575,70,11.0014,2011,9,5,0,10
1.7437063358613225,1,0,1,2,21.32,25.0,42,6.0032,2011,3,17,3,13
1.7405504459900154,4,0,1,2,16.4,20.455,58,19.9995,2011,12,15,3,10
1.827827111719085,3,0,1,1,27.88,31.82,83,12.998,2011,7,13,2,22
1.4741440143630178,4,0,1,1,12.3,16.665,87,0.0,2011,11,9,2,5
1.9831097569663099,4,0,1,1,17.22,21.21,67,6.0032,2012,10,16,1,7
1.4298455472897516,1,0,1,1,16.4,20.455,47,15.0013,2012,1,10,1,5
1.9741517421386063,3,0,1,2,35.26,39.395,41,15.0013,2012,8,3,4,16
1.8885037407137346,2,0,1,1,21.32,25.0,48,27.9993,2012,5,10,3,12
1.4087998161504007,3,0,1,1,24.6,29.545,73,6.0032,2011,9,1,3,1
1.9862097525467475,2,0,1,1,24.6,30.305,26,16.9979,2012,4,17,1,19
1.5224670302876946,3,0,0,1,28.7,32.575,70,7.0015,2012,9,1,5,3
1.9103928415548865,2,0,1,2,22.96,26.515,88,0.0,2012,5,2,2,9
1.3437034446606386,1,0,1,3,8.2,9.85,93,12.998,2011,2,1,1,23
1.8426436266120914,2,0,0,2,16.4,20.455,87,8.9981,2011,4,10,6,11
1.8169871572575529,3,0,1,1,26.24,29.545,78,7.0015,2012,8,15,2,6
1.68988188256892,3,0,0,1,27.06,29.545,89,19.0012,2012,9,8,5,7
1.6551961525056738,2,0,1,1,25.42,31.06,38,19.0012,2011,6,3,4,0
2.0473813789722657,3,0,1,1,30.34,34.09,55,19.0012,2012,8,15,2,17
1.5555453730992024,3,0,1,1,22.14,25.76,83,0.0,2012,9,14,4,5
1.7289490519659823,4,0,1,1,22.96,26.515,73,0.0,2012,10,5,4,0
1.6466671712706678,1,0,1,1,7.38,9.09,47,12.998,2012,1,13,4,23
1.757131886054717,1,0,1,1,18.86,22.725,88,8.9981,2012,3,19,0,6
1.8553017984487439,4,0,1,1,26.24,31.06,41,15.0013,2011,10,5,2,13
1.9575872640248104,1,0,1,1,15.58,19.695,43,15.0013,2012,2,6,0,18
1.637662762520353,4,0,0,1,10.66,15.15,81,0.0,2011,12,4,6,2
1.6759380249901916,1,0,1,1,8.2,9.09,75,19.0012,2012,2,9,3,6
1.9730196976615502,1,0,1,1,16.4,20.455,37,6.0032,2012,2,3,4,17
1.223156202527103,3,0,0,1,27.88,31.82,79,7.0015,2012,7,1,6,5
1.9031681972312866,2,1,0,1,18.04,21.97,62,19.9995,2011,4,15,4,8
1.8052356503890232,3,0,1,3,27.88,31.82,79,43.0006,2012,9,18,1,10
1.797899348601363,2,0,1,3,22.96,26.515,83,27.9993,2011,5,17,1,12
1.358504720646626,4,0,1,1,18.86,22.725,63,23.9994,2011,11,14,0,2
1.7289490519659823,2,0,0,1,21.32,25.0,77,12.998,2012,5,6,6,23
1.7026798402849839,1,0,1,2,13.94,15.91,71,19.0012,2011,3,15,1,20
1.8588105191644075,2,1,0,1,25.42,30.305,69,16.9979,2012,4,16,0,10
1.9519820823132483,3,0,1,1,27.06,31.06,74,19.0012,2011,8,18,3,8
1.4196068415100236,1,0,1,1,12.3,13.635,56,22.0028,2012,2,3,4,1
1.8346098354356497,1,0,1,2,12.3,15.91,42,6.0032,2012,2,10,4,13
1.6214540309583532,1,0,1,1,6.56,6.82,55,22.0028,2011,1,12,2,21
1.9579092161758105,2,0,1,1,26.24,30.305,73,6.0032,2011,6,6,0,8
1.9384588842298294,4,1,0,1,22.96,26.515,64,16.9979,2012,11,12,0,15
1.1247482629090362,1,0,0,1,9.84,11.365,65,16.9979,2011,3,12,5,3
0.9591348389208239,2,0,1,2,21.32,25.0,83,15.0013,2012,6,18,0,3
0.8697416861919438,1,0,1,1,13.94,16.665,71,12.998,2011,3,17,3,4
0.7412763113750153,1,0,0,2,17.22,21.21,94,0.0,2012,3,17,5,4
1.9738697143211963,3,0,1,1,29.52,32.575,39,6.0032,2012,9,13,3,16
1.7542520263946595,1,0,0,1,12.3,13.635,49,30.0026,2012,3,4,6,9
1.8072636887169242,4,0,1,2,19.68,23.485,77,6.0032,2012,10,9,1,22
1.7200786095266942,1,0,1,1,9.02,10.605,51,15.0013,2012,2,9,3,10
1.963257777844227,4,0,1,1,14.76,17.425,46,8.9981,2012,12,14,4,18
1.7163798514467992,1,0,1,1,6.56,8.335,47,11.0014,2011,1,10,0,19
1.8243068483519838,2,0,1,1,31.98,34.09,35,0.0,2011,6,6,0,13
1.9346438389440457,2,0,1,3,21.32,25.0,77,39.0007,2012,5,9,2,18
0.8697416861919438,1,0,1,2,6.56,9.09,69,7.0015,2011,2,1,1,1
0.9591348389208239,1,0,1,2,9.02,11.365,87,11.0014,2012,1,10,1,2
1.5451936315479267,2,0,1,1,18.86,22.725,47,6.0032,2011,4,18,0,0
1.448822238365871,4,0,0,2,10.66,15.15,93,0.0,2012,12,2,6,3
0.8697416861919438,4,0,1,3,14.76,16.665,87,19.0012,2012,10,9,1,3
1.8031780619573843,2,0,1,2,20.5,24.24,51,26.0027,2011,4,4,0,9
1.6313704001963978,4,0,0,2,11.48,15.15,61,6.0032,2011,12,10,5,2
1.7542520263946595,4,0,0,1,13.12,17.425,66,0.0,2011,11,5,5,21
1.952989808340929,4,0,0,1,15.58,19.695,43,12.998,2012,11,17,5,11
1.6710010327416251,4,0,0,2,12.3,16.665,87,0.0,2012,12,2,6,2
1.8862680216940895,3,0,1,1,30.34,35.605,74,16.9979,2012,9,4,1,21
1.68988188256892,3,0,1,3,26.24,28.03,94,7.0015,2011,9,8,3,21
0.8697416861919438,2,0,1,1,15.58,19.695,46,0.0,2012,4,3,1,3
1.8787285104503608,2,0,1,1,23.78,27.275,28,36.9974,2012,4,9,0,15
1.8750984179960517,3,0,1,2,32.8,37.12,52,12.998,2012,8,3,4,10
1.9149938977261756,4,0,1,2,21.32,25.0,45,22.0028,2012,10,16,1,12
1.893931943123261,1,0,1,1,24.6,30.305,64,16.9979,2012,3,19,0,12
1.3105061862047918,2,0,1,1,21.32,25.0,94,8.9981,2011,5,16,0,1
1.5957092304038698,4,0,0,2,10.66,15.15,81,0.0,2012,12,1,5,2
1.781985597277665,2,0,1,1,21.32,25.0,68,6.0032,2012,6,8,4,6
1.358504720646626,1,0,1,1,4.1,6.06,58,8.9981,2012,2,13,0,5
1.0804178182729878,4,0,0,2,14.76,17.425,62,8.9981,2011,11,13,6,4
1.1622831138840004,3,0,1,2,28.7,33.335,84,6.0032,2012,9,6,3,4
1.8907020599217577,3,0,1,1,36.9,40.91,35,23.9994,2012,7,5,3,12
1.8449646614985311,4,0,1,1,12.3,14.395,56,15.0013,2012,11,6,1,23
2.0015147895115666,2,0,1,1,28.7,31.82,39,22.0028,2011,6,13,0,17
1.1622831138840004,3,0,1,1,29.52,34.85,79,0.0,2012,9,6,3,2
1.9585506171458116,2,0,1,1,17.22,21.21,50,16.9979,2011,5,5,3,8
1.9724497132493741,2,0,1,1,35.26,40.15,47,19.9995,2011,6,1,2,17
1.8531520084405109,4,0,1,1,13.12,16.665,45,8.9981,2012,11,6,1,11
1.4196068415100236,4,0,1,1,9.02,11.365,44,8.9981,2011,11,18,4,5
1.1622831138840004,3,0,1,1,25.42,29.545,78,6.0032,2011,9,14,2,1
1.7236894193081456,1,0,1,2,6.56,11.365,55,0.0,2011,1,11,1,7
1.4298455472897516,4,0,1,2,12.3,14.395,56,12.998,2012,11,5,0,0
1.887390630978784,3,0,0,1,31.98,37.12,59,0.0,2012,7,8,6,17
1.327761429538331,1,0,0,2,12.3,13.635,100,19.9995,2011,3,5,5,7
1.3105061862047918,3,0,1,1,28.7,33.335,79,6.0032,2011,7,12,1,1
1.942889271495996,2,0,1,1,22.96,26.515,73,19.9995,2011,5,16,0,8
1.6684735252826461,3,0,0,2,28.7,33.335,84,16.9979,2011,8,7,6,1
1.6524030880939045,3,0,1,1,29.52,34.85,74,12.998,2012,8,9,3,0
1.2711498482847257,3,0,1,1,27.06,31.06,74,7.0015,2011,8,2,1,1
1.358504720646626,1,0,0,2,9.84,12.12,75,11.0014,2011,2,5,5,2
1.9410622367698473,3,0,1,1,30.34,33.335,48,8.9981,2012,7,13,4,20
1.9334764565955942,3,0,1,2,32.8,35.605,38,0.0,2012,7,13,4,14
1.6180113091810355,4,0,0,1,18.86,22.725,59,12.998,2011,10,15,5,2
1.496434016604423,1,0,1,2,5.74,6.06,50,19.9995,2011,1,10,0,10
1.970142808832862,4,0,1,2,29.52,33.335,58,0.0,2012,10,3,2,16
1.8713664243280277,2,0,1,1,31.98,34.85,43,15.0013,2011,6,17,4,15
1.5957092304038698,1,0,0,1,11.48,13.635,56,12.998,2012,2,5,6,20
1.6109034750189168,3,0,0,1,22.14,25.76,68,12.998,2011,9,18,6,23
1.1247482629090362,3,0,1,1,26.24,28.79,89,8.9981,2012,7,11,2,4
1.7067206012930416,1,0,0,1,10.66,12.88,60,15.0013,2012,3,11,6,9
0.7412763113750153,2,0,1,3,16.4,20.455,94,22.0028,2011,4,13,2,3
1.781985597277665,1,0,1,1,8.2,12.88,47,0.0,2011,1,14,4,18
1.026672031199051,4,0,1,2,14.76,16.665,66,16.9979,2012,11,19,0,2
1.6684735252826461,3,0,1,1,30.34,34.85,66,11.0014,2011,7,5,1,23
1.8732454942989716,4,0,0,1,16.4,20.455,87,0.0,2012,12,8,5,19
1.7878742218230284,1,0,0,1,9.84,11.365,41,16.9979,2012,1,14,5,17
1.4576463830228739,2,0,1,1,17.22,21.21,47,11.0014,2012,5,11,4,5
1.8234126545313947,3,0,1,2,27.06,31.06,69,19.9995,2011,9,15,3,12
1.6853704905634923,2,1,0,2,15.58,19.695,82,26.0027,2011,4,15,4,22
1.9439728458782473,3,0,1,1,28.7,32.575,65,0.0,2011,8,15,0,19
2.023939126544891,4,0,1,2,13.12,16.665,57,8.9981,2012,11,16,4,8
1.8329451460953283,3,0,1,1,30.34,33.335,51,22.0028,2011,9,13,1,14
1.8122095959040794,3,0,0,2,27.88,31.82,83,26.0027,2011,8,13,5,21
1.8092629643515203,2,0,1,2,29.52,33.335,58,12.998,2012,6,11,0,22
1.6942663054703442,3,0,1,3,26.24,28.79,83,15.0013,2012,7,10,1,20
1.6830650011356274,1,0,1,1,13.12,16.665,36,8.9981,2011,3,1,1,14
1.68988188256892,1,0,1,1,13.12,15.15,21,15.0013,2011,2,15,1,13
1.8112342343546721,1,0,1,1,13.94,15.15,36,19.9995,2012,3,6,1,15
1.2917246727283112,2,0,0,2,12.3,14.395,93,12.998,2011,4,9,5,6
1.856716243803005,3,0,1,1,37.72,40.91,31,12.998,2012,7,17,1,13
1.8744836395596192,4,0,0,2,14.76,16.665,71,19.0012,2011,10,2,6,10
1.5341940066777084,1,0,0,1,4.92,5.305,39,23.9994,2011,1,8,5,21
1.8991438268879295,4,0,0,2,15.58,19.695,66,16.9979,2011,10,2,6,11
1.9671966564317944,4,0,1,1,29.52,32.575,42,11.0014,2012,10,5,4,12
2.0008394705357913,2,0,1,1,25.42,31.06,38,16.9979,2011,5,9,0,17
1.752790725901759,4,0,1,1,18.86,22.725,63,7.0015,2011,11,1,1,11
1.9094525728270801,2,0,1,1,25.42,31.06,41,22.0028,2012,6,7,3,21
1.7437063358613225,4,0,0,1,16.4,20.455,71,16.9979,2012,10,14,6,0
1.757131886054717,1,0,0,1,12.3,13.635,39,31.0009,2011,2,12,5,12
1.7067206012930416,3,0,0,3,27.06,30.305,83,19.9995,2011,8,14,6,0
1.8457296531480492,1,0,1,1,10.66,12.12,38,19.0012,2012,1,13,4,19
1.026672031199051,2,0,1,1,9.84,12.12,70,8.9981,2011,4,6,2,2
1.1247482629090362,2,0,1,1,26.24,29.545,78,8.9981,2012,6,11,0,4
1.3852268599316875,4,1,0,1,19.68,23.485,88,0.0,2011,10,10,0,2
0.8697416861919438,1,0,1,1,5.74,6.06,50,19.9995,2011,1,13,3,5
1.2711498482847257,1,0,1,2,12.3,15.91,93,7.0015,2012,2,17,4,2
2.0478349582905495,3,0,1,1,31.16,35.605,62,19.0012,2012,8,14,1,18
1.7144962229206409,1,0,1,2,5.74,6.06,50,16.9979,2011,1,10,0,9
1.9089798563370792,3,0,0,1,29.52,35.605,84,15.0013,2012,7,15,6,19
1.748318097194945,4,0,1,1,16.4,20.455,66,12.998,2011,10,6,3,6
1.8122095959040794,2,0,1,2,22.14,25.76,45,8.9981,2012,4,4,2,10
1.9421616481775266,2,0,1,1,29.52,32.575,30,32.9975,2012,6,13,2,16
1.9585506171458116,2,0,1,1,31.16,34.09,48,11.0014,2012,5,4,4,16
1.9897285248560848,3,1,0,1,35.26,40.15,47,15.0013,2012,7,4,2,20
1.8524277618844993,1,0,1,1,18.04,21.97,38,26.0027,2012,3,7,2,12
1.7306622908306295,1,0,1,1,14.76,16.665,71,19.9995,2011,2,2,2,16
0.5265890341390445,1,0,0,1,4.1,4.545,49,19.0012,2011,1,9,6,6
1.0804178182729878,4,0,1,1,22.96,26.515,94,11.0014,2011,10,14,4,2
1.9598235193944304,4,1,0,1,23.78,27.275,60,19.0012,2012,11,12,0,14
1.6281310150671582,2,0,0,1,19.68,23.485,63,0.0,2011,5,8,6,2
1.1247482629090362,2,0,1,1,17.22,21.21,62,7.0015,2011,4,18,0,3
1.327761429538331,4,1,0,1,13.94,16.665,81,12.998,2012,10,8,0,2
1.7067206012930416,1,0,1,2,18.04,21.97,44,16.9979,2011,2,17,3,11
1.9338667840812656,3,0,0,1,36.9,42.425,42,19.9995,2011,8,7,6,12
1.7585509609170316,1,0,1,1,10.66,11.365,44,23.9994,2012,1,19,3,21
2.0061375852863423,4,0,1,1,13.94,16.665,57,11.0014,2012,12,14,4,17
1.873866006687491,3,0,1,1,28.7,32.575,54,12.998,2011,7,15,4,13
1.5875644833216505,4,0,0,2,9.84,12.88,75,6.0032,2012,12,15,5,7
1.2484412575662103,3,0,1,1,26.24,31.06,53,0.0,2011,7,1,4,3
1.8160445966634724,3,0,1,1,28.7,32.575,65,12.998,2011,8,17,2,22
1.223156202527103,1,0,1,2,18.86,22.725,77,22.0028,2012,1,18,2,1
1.372306733580753,2,0,1,1,19.68,23.485,63,0.0,2011,5,10,1,0
2.0091222983932866,4,0,1,1,8.2,11.365,69,6.0032,2012,12,14,4,8
1.6920895459931111,4,1,0,1,12.3,15.15,45,11.0014,2011,11,11,4,21
1.9733036949652514,1,0,1,1,12.3,13.635,52,27.9993,2012,1,18,2,8
1.223156202527103,3,0,0,1,25.42,28.79,83,7.0015,2012,8,11,5,4
1.5163019408528369,1,0,0,1,16.4,20.455,50,19.9995,2011,3,13,6,8
1.9978680511276934,3,0,1,1,32.8,37.88,55,12.998,2011,8,9,1,18
1.9799282401219198,2,0,1,1,24.6,31.06,55,11.0014,2011,5,19,3,18
1.9326921663167214,2,0,0,1,31.98,36.365,55,7.0015,2011,6,12,6,11
1.9807314840803059,3,0,1,2,31.16,35.605,62,7.0015,2012,7,18,2,19
1.7585509609170316,1,0,0,1,13.94,18.18,46,0.0,2011,2,6,6,17
1.4660765372061442,2,0,0,2,24.6,29.545,73,16.9979,2011,6,5,6,7
2.00307578946493,4,0,1,1,13.94,15.15,49,23.9994,2012,11,13,1,17
1.2711498482847257,4,0,0,1,17.22,21.21,77,19.0012,2012,10,14,6,4
1.1247482629090362,1,0,1,2,6.56,9.85,86,6.0032,2011,1,12,2,0
1.8986319116885528,2,0,1,3,18.04,21.97,77,15.0013,2011,4,12,1,17
1.9395812163258002,2,0,0,1,28.7,32.575,58,11.0014,2011,6,5,6,14
1.3105061862047918,3,0,1,3,24.6,25.0,100,12.998,2011,9,8,3,0
1.8681746132307353,4,0,1,2,13.94,18.18,42,0.0,2012,12,12,2,13
1.5163019408528369,4,0,0,1,10.66,12.12,60,19.0012,2011,11,5,5,7
1.8991438268879295,2,0,0,1,22.96,26.515,43,11.0014,2012,5,19,5,9
0.7412763113750153,1,0,0,2,14.76,18.18,93,6.0032,2012,3,3,5,5
1.1622831138840004,1,0,0,2,6.56,11.365,59,0.0,2011,1,15,5,3
1.8896075013631948,2,0,1,1,23.78,27.275,88,15.0013,2011,5,16,0,17
1.883418917934741,1,0,1,1,25.42,30.305,61,16.9979,2012,3,19,0,13
1.791294740218941,2,0,1,2,22.14,25.76,68,15.0013,2011,5,12,3,10
0.9591348389208239,2,0,1,1,22.96,26.515,88,12.998,2012,5,4,4,4
1.8615532204780585,4,0,0,1,12.3,13.635,49,19.9995,2011,12,18,6,13
1.777094949793928,3,0,1,2,24.6,29.545,69,27.9993,2011,9,15,3,15
1.9303096939764732,1,0,1,2,10.66,11.365,44,22.0028,2012,1,19,3,18
1.8251953231790878,4,0,1,2,24.6,29.545,73,11.0014,2011,10,11,1,12
1.775845981748474,4,0,1,3,18.86,22.725,94,15.0013,2012,12,10,0,11
0.9591348389208239,1,0,0,3,10.66,12.88,81,12.998,2012,2,5,6,5
1.6248263889219656,1,0,1,1,13.94,17.425,53,6.0032,2012,2,15,2,23
1.81792340526738,2,0,1,1,13.12,14.395,70,23.9994,2011,4,1,4,9
1.3852268599316875,4,1,0,1,13.12,15.15,57,22.0028,2011,11,11,4,1
1.0804178182729878,2,0,1,2,17.22,21.21,77,0.0,2012,4,19,3,2
1.9136307769773249,3,0,0,1,29.52,33.335,54,12.998,2011,7,16,5,10
1.795731656444039,3,0,0,1,22.14,25.76,64,0.0,2012,9,16,6,0
1.9189984754722385,3,0,1,1,25.42,31.06,53,16.9979,2011,7,14,3,7
1.9031681972312866,2,0,1,2,23.78,27.275,83,0.0,2012,5,14,0,18
1.9588700741253928,3,0,0,2,32.8,38.635,59,22.0028,2011,8,6,5,13
1.4298455472897516,2,0,1,3,24.6,27.275,88,8.9981,2012,6,1,4,22
1.818853419699573,2,0,1,1,25.42,29.545,78,16.9979,2012,5,1,1,10
1.8879483638033878,3,0,1,1,32.8,35.605,36,12.998,2012,7,12,3,15
1.7968196318819551,1,0,1,2,18.04,21.97,94,0.0,2012,3,16,4,21
1.8763195102948889,4,0,1,1,16.4,20.455,47,19.9995,2012,11,9,4,11
1.4576463830228739,4,0,1,3,13.94,14.395,87,43.0006,2011,12,7,2,20
1.9176774696931478,4,0,1,1,13.12,17.425,42,0.0,2012,12,6,3,16
1.95596482071691,2,0,0,1,28.7,31.82,39,8.9981,2012,5,19,5,19
1.7323562465403226,3,0,0,3,26.24,28.79,89,0.0,2012,9,1,5,21
1.9817942637290324,4,0,0,2,13.94,16.665,81,11.0014,2012,12,2,6,12
1.8251953231790878,4,0,1,2,13.12,15.15,53,16.9979,2012,11,7,2,13
1.6281310150671582,2,0,0,3,22.14,25.76,94,15.0013,2011,5,14,5,21
1.8629038905519502,3,0,0,1,26.24,29.545,78,6.0032,2011,9,10,5,21
1.8595014474498321,3,0,0,1,28.7,33.335,79,12.998,2012,7,14,5,22
1.4395687003478856,2,0,1,3,22.96,26.515,94,15.0013,2012,5,15,1,6
1.503300998004841,1,0,1,3,6.56,7.575,93,12.998,2011,1,11,1,20
1.0804178182729878,1,0,0,2,18.86,22.725,94,12.998,2011,1,2,6,3
1.026672031199051,2,0,1,2,22.14,25.76,73,22.0028,2011,4,5,1,2
1.7783332269022314,3,0,1,1,29.52,34.09,70,8.9981,2012,8,8,2,23
1.7681175901689328,4,0,1,2,10.66,12.12,60,16.9979,2012,12,12,2,6
2.0105868828871887,3,0,1,2,31.16,35.605,62,8.9981,2012,7,18,2,18
1.4741440143630178,2,0,0,1,22.14,25.76,64,7.0015,2012,6,17,6,3
1.9539894255178158,1,0,1,1,29.52,32.575,37,26.0027,2012,3,15,3,16
1.8744836395596192,4,0,0,1,22.14,25.76,68,8.9981,2011,10,8,5,19
1.4298455472897516,4,0,1,2,11.48,12.88,52,19.0012,2012,12,13,3,1
1.8588105191644075,2,0,1,1,22.14,25.76,24,12.998,2012,4,10,1,14
1.6759380249901916,3,0,0,2,25.42,29.545,78,12.998,2011,9,11,6,2
1.6144954397020792,1,0,1,3,12.3,16.665,81,0.0,2012,1,11,2,12
1.8649047698246697,3,0,1,1,34.44,36.365,32,6.0032,2012,7,6,4,11
1.847999202156157,3,0,1,1,33.62,37.12,43,15.0013,2012,7,3,1,10
1.3105061862047918,2,0,1,1,24.6,28.03,83,8.9981,2011,6,6,0,1
1.8160445966634724,3,0,1,1,27.06,30.305,83,0.0,2012,7,3,1,23
0.9591348389208239,2,0,1,1,20.5,24.24,63,19.0012,2011,6,15,2,4
1.9051345487873121,2,0,1,1,26.24,31.06,38,15.0013,2011,5,9,0,16
1.8472468792313919,3,0,1,1,28.7,33.335,79,7.0015,2012,8,14,1,10
1.7340313214932865,4,0,1,1,13.12,14.395,45,26.0027,2012,12,5,2,22
1.3105061862047918,3,0,1,1,26.24,30.305,73,11.0014,2011,8,17,2,1
1.781985597277665,4,0,1,2,14.76,16.665,66,16.9979,2012,11,19,0,10
2.004397667757527,3,0,0,2,26.24,31.06,36,19.0012,2012,9,15,5,18
2.0028540398346517,3,0,1,2,36.9,41.665,39,22.0028,2012,7,5,3,18
1.6437209301888343,4,0,1,3,14.76,16.665,87,19.0012,2011,11,10,3,14
1.916789170111494,4,0,1,2,25.42,31.06,43,8.9981,2012,10,1,0,15
1.2711498482847257,4,0,1,1,9.84,14.395,70,0.0,2011,12,9,4,2
1.5653166550596793,4,0,0,2,12.3,14.395,52,16.9979,2011,12,17,5,1
2.0274129059095127,3,0,1,1,22.96,26.515,60,19.0012,2012,9,10,0,8
1.9181193208376597,2,0,0,2,20.5,24.24,63,11.0014,2011,5,1,6,13
1.2484412575662103,1,0,1,1,15.58,19.695,37,23.9994,2011,2,14,0,0
1.3973634811730353,2,0,1,1,18.86,22.725,88,8.9981,2011,5,11,2,5
1.8763195102948889,4,0,1,1,17.22,21.21,35,7.0015,2012,11,16,4,14
1.8206950566924849,3,0,1,1,31.98,35.605,49,16.9979,2011,9,14,2,15
1.7405504459900154,3,0,1,1,22.96,26.515,83,0.0,2011,9,12,0,6
1.7405504459900154,4,0,0,2,12.3,15.91,61,6.0032,2011,12,3,5,21
2.023007512366952,3,0,0,1,27.06,31.06,36,23.9994,2012,9,15,5,12
1.8574179522647456,3,0,1,1,28.7,31.82,42,0.0,2011,7,1,4,22
0.5265890341390445,1,0,1,2,8.2,9.85,69,15.0013,2011,1,7,4,2
1.8052356503890232,1,0,1,1,6.56,9.09,28,8.9981,2011,2,10,3,18
1.2484412575662103,4,0,1,2,10.66,13.635,70,8.9981,2012,12,7,4,2
1.6466671712706678,2,0,1,3,27.06,30.305,83,23.9994,2012,6,12,1,11
1.8828416375415338,1,0,1,2,13.12,17.425,57,0.0,2012,2,10,4,19
1.8595014474498321,4,0,1,2,19.68,23.485,77,8.9981,2012,10,9,1,21
1.8206950566924849,3,0,1,1,32.8,35.605,41,12.998,2011,8,17,2,13
1.742136743805324,1,0,1,1,9.02,10.605,64,16.9979,2011,3,2,2,7
1.026672031199051,2,0,0,2,14.76,17.425,87,15.0013,2011,4,16,5,4
1.0804178182729878,3,0,0,1,26.24,28.79,83,8.9981,2011,9,4,6,5
1.8531520084405109,1,0,1,1,13.94,16.665,46,8.9981,2012,2,3,4,12
1.9421616481775266,4,0,1,1,14.76,18.18,81,6.0032,2012,10,12,4,7
1.757131886054717,2,0,1,3,22.96,26.515,84,0.0,2012,5,2,2,6
1.893931943123261,3,0,1,1,30.34,34.09,62,0.0,2011,8,1,0,7
1.7087018253879918,1,0,0,1,11.48,13.635,36,16.9979,2011,1,16,6,14
1.827827111719085,1,0,1,1,21.32,25.0,72,8.9981,2012,3,19,0,10
1.7467966996992919,2,0,1,1,17.22,21.21,30,19.0012,2012,4,6,4,23
2.011415706438327,3,0,0,1,29.52,32.575,30,19.0012,2012,9,9,6,14
1.8150956430032537,4,0,1,2,16.4,20.455,87,6.0032,2012,12,17,0,11
1.8862680216940895,4,0,1,2,22.96,26.515,56,15.0013,2012,10,18,3,11
1.8092629643515203,1,0,0,1,8.2,8.335,34,31.0009,2012,2,12,6,16
1.9588700741253928,4,0,1,2,20.5,24.24,72,19.0012,2011,11,15,1,18
1.867527001142399,1,0,1,2,18.04,21.97,54,15.0013,2011,3,16,2,18
1.9117905099724466,2,0,1,1,22.14,25.76,39,30.0026,2012,5,10,3,13
1.9519820823132483,1,0,1,2,9.02,12.88,55,6.0032,2012,1,9,0,8
1.1247482629090362,2,0,0,1,13.12,15.91,36,11.0014,2012,4,7,5,4
1.755698992678211,3,0,1,1,25.42,29.545,73,22.0028,2011,8,16,1,6
1.9016736242907473,2,0,1,1,18.86,22.725,63,0.0,2011,4,18,0,8
1.0804178182729878,3,0,1,2,22.14,25.76,94,15.0013,2011,9,7,2,2
1.9006676027900098,3,0,0,1,28.7,33.335,74,8.9981,2011,9,3,5,19
1.5341940066777084,2,0,1,1,26.24,29.545,78,8.9981,2012,6,11,0,5
1.9224558706047865,3,0,0,1,24.6,31.06,43,27.9993,2012,9,15,5,9
0.8697416861919438,4,0,1,1,7.38,12.12,74,0.0,2011,12,12,0,4
1.2917246727283112,2,0,1,1,18.86,22.725,67,19.0012,2011,4,19,1,2
1.7613486395430595,4,0,1,1,21.32,25.0,83,6.0032,2011,10,11,1,6
2.02225683376326,2,0,0,1,26.24,31.06,38,16.9979,2012,6,2,5,15
2.0188178593196615,2,0,0,1,27.06,31.06,39,19.9995,2012,6,3,6,12
1.8449646614985311,1,0,1,1,16.4,20.455,43,23.9994,2012,2,17,4,13
1.780778386075876,1,0,0,1,9.02,12.12,80,7.0015,2012,2,18,5,9
1.9154450757061625,4,0,1,1,18.86,22.725,36,0.0,2012,10,11,3,12
1.8949910974525486,3,1,0,2,27.88,31.82,79,19.0012,2011,9,5,0,16
1.77073964639405,3,0,1,1,24.6,30.305,60,15.0013,2011,7,14,3,6
1.8810945047250232,2,0,1,2,26.24,31.06,53,7.0015,2012,5,9,2,15
1.947867540121006,3,0,1,1,24.6,28.79,78,6.0032,2011,9,12,0,8
1.8996537373231852,2,0,1,1,26.24,31.06,29,11.0014,2011,6,3,4,20
1.5916858743493758,4,0,1,1,20.5,24.24,59,19.0012,2012,12,5,2,5
1.5653166550596793,1,0,1,2,11.48,15.15,65,6.0032,2012,2,10,4,0
1.860872764634446,4,0,0,1,13.12,15.15,53,16.9979,2011,11,5,5,10
1.6524030880939045,1,0,0,2,18.04,21.97,82,19.0012,2011,1,1,5,17
1.8354346948604652,3,0,0,3,29.52,34.85,74,19.9995,2011,8,7,6,16
1.4298455472897516,4,0,0,1,13.94,16.665,66,8.9981,2011,11,13,6,6
1.893931943123261,1,0,1,1,15.58,19.695,37,15.0013,2012,2,17,4,19
1.991205637405506,3,0,0,1,26.24,31.06,41,11.0014,2012,9,16,6,15
1.9653943859068015,4,0,1,1,19.68,23.485,55,8.9981,2011,11,8,1,18
1.4576463830228739,4,0,1,2,10.66,13.635,81,7.0015,2012,12,7,4,5
0.8697416861919438,4,0,1,1,7.38,12.12,80,0.0,2011,12,13,1,3
1.607232291151654,1,0,0,2,14.76,17.425,81,15.0013,2011,1,2,6,10
1.8662223006181342,4,0,1,1,11.48,15.91,41,0.0,2012,12,6,3,12
1.749824041026481,3,0,0,2,27.88,31.82,89,11.0014,2012,7,15,6,2
1.8141402142832723,4,0,1,1,12.3,14.395,42,19.0012,2011,11,17,3,20
1.7924169706841675,3,0,1,1,29.52,34.85,74,6.0032,2011,9,9,4,14
1.5957092304038698,4,0,0,1,13.94,17.425,87,6.0032,2011,11,6,6,23
1.867527001142399,4,0,0,1,11.48,12.88,45,23.9994,2011,12,17,5,14
1.8862680216940895,3,0,0,1,31.16,34.85,55,8.9981,2011,7,10,6,10
1.8434216945775423,1,0,0,1,11.48,15.15,75,6.0032,2012,1,7,5,10
1.9031681972312866,2,0,0,1,24.6,31.06,46,12.998,2012,6,3,6,9
1.8354346948604652,3,0,1,1,27.06,29.545,89,7.0015,2012,8,10,4,10
1.9796593058335408,1,0,0,1,20.5,24.24,42,19.0012,2012,1,7,5,14
1.7087018253879918,2,0,1,3,22.14,25.76,88,7.0015,2012,6,18,0,10
1.7843700777314968,3,0,1,3,24.6,27.275,88,19.9995,2012,9,18,1,16
1.7968196318819551,3,0,1,1,28.7,32.575,61,0.0,2011,8,16,1,22
1.757131886054717,1,0,1,1,12.3,14.395,49,16.9979,2012,1,5,3,12
1.5341940066777084,4,0,0,1,8.2,11.365,75,7.0015,2011,12,18,6,23
1.7843700777314968,1,0,1,1,15.58,19.695,40,15.0013,2012,2,6,0,13
1.8449646614985311,4,0,1,1,9.02,12.88,87,6.0032,2011,12,2,4,7
1.9662988278566547,3,0,1,1,31.16,34.09,40,19.9995,2011,8,12,4,18
1.886830523322648,2,0,1,1,23.78,27.275,24,27.9993,2011,5,5,3,16
1.8996537373231852,3,1,0,1,31.16,34.85,52,0.0,2012,7,4,2,9
1.8394863420693595,2,0,0,2,16.4,20.455,47,11.0014,2011,4,2,5,11
1.7067206012930416,3,0,1,1,24.6,27.275,88,16.9979,2011,8,15,0,6
1.6407200993500939,2,0,0,3,18.86,22.725,72,0.0,2012,4,1,6,23
2.0065686055580243,2,0,1,1,13.12,15.15,66,22.0028,2012,4,12,3,8
1.6180113091810355,1,0,1,1,7.38,9.09,29,12.998,2011,3,3,3,10
1.9713017025076618,3,0,1,2,28.7,33.335,84,7.0015,2012,9,6,3,7
1.883418917934741,3,0,1,1,32.8,34.85,26,0.0,2011,7,1,4,12
1.372306733580753,1,0,1,1,4.1,3.79,46,26.0027,2012,1,3,1,23
1.8225126721028055,3,0,1,1,31.16,34.85,55,16.9979,2011,9,14,2,13
1.81792340526738,4,0,0,3,14.76,16.665,81,16.9979,2011,10,2,6,15
1.9809980539999918,4,0,1,2,13.12,14.395,53,26.0027,2012,11,7,2,17
1.7306622908306295,1,0,0,1,8.2,9.85,44,16.9979,2012,1,14,5,20
1.7163798514467992,3,0,1,1,29.52,34.85,74,19.9995,2012,9,4,1,23
1.5957092304038698,2,0,0,2,21.32,25.0,100,8.9981,2011,5,15,6,2
1.8457296531480492,4,0,0,3,14.76,17.425,87,12.998,2011,10,2,6,16
1.026672031199051,3,0,1,1,26.24,30.305,73,7.0015,2012,7,12,3,4
1.223156202527103,4,0,1,1,16.4,20.455,50,16.9979,2012,10,11,3,4
1.8216068302034107,2,0,1,1,25.42,31.06,53,6.0032,2011,5,11,2,14
1.9464652902368638,2,0,0,2,30.34,32.575,27,27.9993,2011,6,4,5,15
1.6734888160092363,2,0,1,2,27.88,31.82,36,31.0009,2011,4,4,0,22
1.68988188256892,1,0,1,3,18.04,21.97,0,23.9994,2011,3,10,3,18
0.5265890341390445,1,0,1,2,7.38,9.09,74,12.998,2011,3,4,4,4
0.7412763113750153,2,0,1,1,15.58,19.695,66,16.9979,2011,4,4,0,2
1.3105061862047918,2,0,1,2,22.96,26.515,78,16.9979,2011,5,3,1,1
1.9172340894587216,3,0,1,1,32.8,37.12,49,16.9979,2011,8,5,4,16
1.9127139332707952,3,0,1,1,29.52,34.09,70,8.9981,2012,8,1,2,21
1.448822238365871,3,0,1,1,27.06,31.06,61,16.9979,2011,7,14,3,1
1.8464903775306214,4,0,1,3,22.14,25.76,77,6.0032,2012,10,1,0,22
1.6579414149579819,2,0,1,3,28.7,32.575,65,15.0013,2011,6,10,4,0
1.5341940066777084,1,0,0,3,17.22,21.21,88,16.9979,2011,1,1,5,19
0.8697416861919438,1,0,0,1,8.2,12.88,86,0.0,2011,1,1,5,7
1.9882330476146732,3,0,1,1,21.32,25.0,63,15.0013,2012,9,19,2,7
1.7236894193081456,4,0,1,2,11.48,15.91,93,0.0,2011,11,7,0,6
1.1947055233182955,1,0,0,1,9.84,10.605,44,19.9995,2011,1,2,6,22
1.9319029813181672,2,0,1,1,22.96,26.515,52,27.9993,2011,6,14,1,7
1.372306733580753,3,0,1,1,28.7,33.335,84,8.9981,2012,8,7,1,1
1.9194357985353954,1,0,1,1,22.14,25.76,52,19.0012,2012,2,1,2,19
1.7613486395430595,3,0,1,1,19.68,23.485,67,6.0032,2012,9,19,2,23
1.827827111719085,4,0,0,1,14.76,17.425,62,8.9981,2012,12,15,5,21
1.8545889886375557,2,0,1,1,22.96,26.515,28,36.9974,2012,4,9,0,14
2.0254144100795135,3,0,1,1,27.06,30.305,83,7.0015,2012,9,7,4,8
1.448822238365871,3,0,1,1,28.7,33.335,74,15.0013,2011,7,18,0,1
1.9623306102568445,2,0,1,1,28.7,32.575,51,8.9981,2012,5,4,4,19
1.9572644719401497,3,0,0,1,32.8,38.635,59,32.9975,2012,7,15,6,17
1.9439728458782473,4,1,0,1,18.04,21.97,88,7.0015,2012,11,12,0,9
1.7946353028541102,3,0,1,1,28.7,33.335,84,6.0032,2012,9,5,2,23
1.801090104041353,1,0,1,2,12.3,14.395,61,19.0012,2011,3,11,4,9
1.945047123513961,4,0,0,2,14.76,16.665,46,22.0028,2012,11,3,5,16
1.9127139332707952,2,0,1,2,29.52,32.575,37,27.9993,2012,6,13,2,14
1.748318097194945,4,1,0,1,18.86,22.725,88,0.0,2011,10,10,0,7
1.742136743805324,1,0,0,1,6.56,8.335,37,11.0014,2012,1,15,6,19
1.8629038905519502,4,0,1,1,12.3,14.395,49,12.998,2012,11,6,1,10
1.712589050021264,4,0,1,1,9.84,12.12,65,11.0014,2012,12,6,3,23
1.85601087126303,2,0,0,1,27.06,31.06,74,15.0013,2011,6,11,5,21
1.6734888160092363,4,1,0,2,22.14,25.76,88,7.0015,2011,10,10,0,23
1.583340520839692,1,0,0,1,16.4,20.455,35,22.0028,2011,2,13,6,20
1.7855476541684288,4,0,0,1,11.48,12.88,52,19.9995,2011,11,19,5,9
1.026672031199051,2,0,1,3,22.96,26.515,94,0.0,2012,5,15,1,4
1.8857031067251113,1,0,1,1,8.2,9.85,69,16.9979,2012,2,9,3,7
1.984669696731773,3,0,1,1,29.52,33.335,54,15.0013,2011,9,1,3,18
1.570002974208493,1,0,1,1,7.38,9.09,55,12.998,2011,1,14,4,10
0.9591348389208239,3,0,1,1,27.06,31.06,74,15.0013,2011,7,11,0,4
1.2917246727283112,2,0,1,3,13.94,16.665,76,11.0014,2011,4,8,4,2
1.1622831138840004,3,0,1,3,26.24,28.79,83,0.0,2011,8,19,4,2
1.879323983956676,4,0,0,1,18.04,21.97,62,11.0014,2011,11,6,6,17
1.9536571131560738,4,0,1,3,25.42,30.305,69,23.9994,2012,10,19,4,17
1.8601888513706977,2,0,1,3,24.6,28.79,78,16.9979,2011,5,16,0,16
1.2711498482847257,1,0,0,2,8.2,11.365,69,7.0015,2011,2,13,6,3
1.5996388013001026,2,0,1,3,18.04,21.97,72,7.0015,2012,4,18,2,14
1.0804178182729878,2,0,1,1,16.4,20.455,50,15.0013,2011,4,4,0,0
1.1947055233182955,3,0,1,1,28.7,33.335,79,7.0015,2011,7,12,1,2
1.6437209301888343,3,0,1,3,26.24,28.79,83,12.998,2012,8,14,1,6
1.026672031199051,3,0,1,2,27.88,31.82,83,12.998,2012,8,14,1,4
1.5451936315479267,2,0,1,2,23.78,27.275,88,0.0,2012,5,16,2,0
1.775845981748474,2,0,1,3,25.42,29.545,73,16.9979,2012,5,8,1,15
1.8062533133730014,4,0,1,2,13.12,14.395,53,23.9994,2012,11,7,2,14
1.8102520538839093,1,0,1,1,7.38,9.09,26,12.998,2011,2,10,3,17
1.5341940066777084,2,0,1,3,21.32,25.0,88,8.9981,2012,6,18,0,6
1.2484412575662103,4,0,0,2,13.94,18.18,87,0.0,2012,12,16,6,4
1.8744836395596192,2,0,1,1,27.88,31.06,26,16.9979,2011,6,3,4,13
1.5996388013001026,1,0,1,2,7.38,12.12,86,0.0,2011,2,1,1,11
2.008064946667584,3,0,1,1,30.34,34.09,55,11.0014,2012,7,9,0,19
1.9523188996492962,2,0,1,2,22.14,25.76,64,8.9981,2011,4,19,1,18
1.7163798514467992,1,0,0,1,8.2,8.335,32,32.9975,2011,1,8,5,14
1.7694345201285457,1,0,1,1,18.04,21.97,62,32.9975,2012,1,17,1,15
1.7340313214932865,1,0,1,1,20.5,24.24,45,15.0013,2011,3,17,3,12
2.0099614252030538,3,0,1,1,31.98,37.12,59,12.998,2012,8,6,0,19
1.6710010327416251,3,0,0,2,26.24,30.305,69,16.9979,2011,9,3,5,1
1.5745651437258248,3,0,0,2,25.42,29.545,78,6.0032,2011,9,11,6,3
1.1947055233182955,2,0,0,1,18.04,21.97,67,7.0015,2012,5,12,5,4
1.8885037407137346,3,0,1,1,27.06,31.06,74,12.998,2011,9,13,1,20
0.9591348389208239,3,0,1,3,25.42,27.275,94,7.0015,2011,9,8,3,1
1.9149938977261756,2,0,1,1,13.12,15.15,61,15.0013,2011,4,6,2,8
1.9061066457543656,3,0,0,1,31.16,34.85,55,11.0014,2011,7,9,5,19
1.9443319639317302,3,0,1,2,28.7,32.575,82,23.9994,2011,8,4,3,8
1.9464652902368638,3,0,0,1,29.52,34.09,62,15.0013,2011,9,10,5,12
1.881679452127038,1,0,1,2,26.24,31.06,57,12.998,2012,3,19,0,14
1.4818766360989102,3,0,1,1,25.42,28.03,88,7.0015,2012,9,7,4,1
1.742136743805324,3,0,0,1,27.88,31.82,61,0.0,2012,8,12,6,23
1.752790725901759,2,0,0,1,22.96,26.515,83,0.0,2011,5,15,6,22
1.6942663054703442,1,0,0,1,9.02,10.605,41,16.9979,2011,2,12,5,10
1.898117976801967,3,0,0,2,30.34,34.85,70,19.0012,2011,8,6,5,10
1.696412959743625,2,0,0,1,18.04,21.97,24,15.0013,2012,4,8,6,0
1.6830650011356274,4,0,0,1,12.3,14.395,52,19.0012,2012,11,4,6,22
1.9113263030116563,3,0,1,1,30.34,34.85,70,12.998,2012,8,6,0,21
1.81792340526738,2,0,1,1,27.06,31.06,61,6.0032,2011,6,6,0,22
1.765447506801529,4,0,1,1,20.5,24.24,59,19.0012,2012,10,15,0,22
1.358504720646626,4,0,1,1,22.96,26.515,54,26.0027,2011,10,17,0,1
1.8933991317302272,4,0,1,1,21.32,25.0,48,12.998,2011,11,9,2,16
1.9523188996492962,3,0,0,1,32.8,38.635,59,15.0013,2011,7,3,6,13
1.9519820823132483,3,0,0,1,31.16,34.85,55,19.0012,2011,7,17,6,12
1.1622831138840004,4,0,1,1,13.94,18.18,87,0.0,2011,11,7,0,1
1.7306622908306295,3,0,0,1,28.7,33.335,89,12.998,2011,8,7,6,22
1.1247482629090362,3,0,1,1,28.7,33.335,84,0.0,2012,8,8,2,4
1.7783332269022314,2,0,1,1,36.9,40.91,37,6.0032,2011,6,9,3,13
1.9220287795310242,4,1,0,2,17.22,21.21,63,11.0014,2012,10,8,0,12
1.5451936315479267,4,0,1,1,23.78,27.275,94,6.0032,2011,10,14,4,0
1.8996537373231852,4,0,1,1,13.94,15.15,46,26.0027,2012,12,5,2,20
1.9245701304885587,2,0,1,2,21.32,25.0,94,19.9995,2011,5,17,1,8
1.6659050929776016,4,0,0,1,14.76,18.18,81,7.0015,2011,12,4,6,21
1.6632944814375767,3,0,0,1,27.06,30.305,78,12.998,2011,7,9,5,7
1.6407200993500939,1,0,1,1,9.02,11.365,55,8.9981,2011,2,11,4,20
1.0804178182729878,1,0,0,1,9.84,12.88,81,6.0032,2012,2,4,5,4
0.5265890341390445,1,0,0,1,10.66,12.88,60,15.0013,2011,2,6,6,5
1.942889271495996,2,0,1,2,30.34,33.335,48,15.0013,2012,6,11,0,20
1.6214540309583532,3,0,1,2,25.42,25.76,100,8.9981,2011,9,9,4,6
1.8169871572575529,2,0,1,2,20.5,24.24,77,19.0012,2011,5,2,0,9
1.8131782269605679,2,0,1,2,21.32,25.0,77,0.0,2012,5,3,3,10
1.6579414149579819,3,0,0,1,18.86,22.725,72,16.9979,2011,9,18,6,8
1.8615532204780585,2,0,1,2,23.78,27.275,78,12.998,2012,5,2,2,13
1.9224558706047865,3,0,1,1,24.6,28.79,78,0.0,2011,9,1,3,7
1.945047123513961,4,0,1,1,8.2,11.365,69,7.0015,2011,12,13,1,8
1.6180113091810355,4,0,1,2,18.86,22.725,94,6.0032,2011,11,16,2,6
1.832105201899316,3,0,0,1,23.78,27.275,49,16.9979,2012,9,9,6,22
1.827827111719085,2,0,1,2,23.78,27.275,81,8.9981,2012,5,2,2,11
1.8337800047354695,3,0,1,2,29.52,34.85,79,7.0015,2012,9,6,3,13
1.9519820823132483,2,0,1,1,26.24,30.305,73,12.998,2012,5,3,3,20
1.9872256448383663,2,0,0,3,27.06,31.06,74,12.998,2012,5,5,5,15
1.8464903775306214,4,0,0,1,21.32,25.0,48,19.9995,2011,10,15,5,9
1.927472325029152,1,0,1,1,6.56,6.82,55,19.0012,2012,1,3,1,8
1.637662762520353,4,0,1,3,22.14,25.76,88,22.0028,2011,10,12,2,12
1.8885037407137346,2,0,1,2,24.6,31.06,53,22.0028,2012,5,7,0,13
1.7585509609170316,2,0,1,2,27.06,31.06,61,16.9979,2011,6,16,3,10
1.8928641420201489,2,0,1,1,32.8,39.395,63,8.9981,2011,6,8,2,20
1.7373263784001205,2,0,0,1,24.6,28.03,83,0.0,2012,5,5,5,1
2.0046165576255577,4,0,0,1,20.5,24.24,36,12.998,2012,10,13,5,15
1.865565153838859,4,0,1,2,20.5,24.24,51,6.0032,2012,10,17,2,11
1.9392082175256102,2,0,1,1,13.94,17.425,71,7.0015,2012,4,10,1,7
1.9369466978095553,2,0,0,2,31.16,34.09,48,0.0,2011,6,19,6,16
1.4576463830228739,4,0,1,1,12.3,16.665,93,0.0,2011,11,7,0,5
1.358504720646626,1,0,0,1,18.04,21.97,13,26.0027,2011,2,19,5,2
1.9303096939764732,1,0,1,1,22.14,25.76,42,23.9994,2012,3,7,2,19
1.8502315274246866,1,0,1,1,26.24,31.06,53,22.0028,2012,3,13,1,14
1.8346098354356497,3,0,1,1,33.62,36.365,36,11.0014,2011,8,17,2,14
1.9674944787514983,4,0,0,1,16.4,20.455,40,15.0013,2012,11,17,5,16
1.223156202527103,2,0,1,1,24.6,31.06,49,19.0012,2011,6,14,1,2
0.5265890341390445,3,0,0,3,25.42,28.79,83,12.998,2011,7,3,6,5
1.873866006687491,3,0,1,1,24.6,31.06,43,16.9979,2012,9,19,2,11
1.8960417361485307,1,0,1,2,22.96,26.515,49,15.0013,2012,3,12,0,20
1.742136743805324,1,0,1,1,9.84,11.365,35,12.998,2011,2,11,4,13
1.9733036949652514,3,0,0,1,36.08,40.91,42,27.9993,2012,8,4,5,15
1.7467966996992919,1,0,1,1,25.42,31.06,46,7.0015,2011,3,18,4,21
1.8112342343546721,4,0,1,2,12.3,15.91,52,7.0015,2011,12,12,0,13
1.5397794579522743,3,0,0,1,25.42,29.545,73,12.998,2011,9,3,5,7
1.5504460211620947,1,0,0,1,9.02,13.635,80,0.0,2011,1,1,5,1
1.327761429538331,4,0,1,2,15.58,19.695,87,7.0015,2012,12,17,0,1
1.828693382742085,1,0,1,1,26.24,31.06,38,46.0022,2012,3,8,3,15
1.6579414149579819,3,0,1,1,25.42,28.79,83,7.0015,2011,9,12,0,23
1.7236894193081456,4,0,1,1,18.86,22.725,88,15.0013,2012,10,17,2,23
1.9485628011601908,3,0,1,1,28.7,33.335,79,12.998,2011,9,9,4,18
1.7694345201285457,4,0,0,1,18.86,22.725,88,6.0032,2011,10,9,6,0
1.6710010327416251,1,0,1,1,6.56,8.335,50,11.0014,2011,1,10,0,20
1.6579414149579819,3,0,1,2,25.42,25.76,100,16.9979,2011,9,8,3,9
1.818853419699573,2,0,1,1,21.32,25.0,55,0.0,2012,5,18,4,23
1.8810945047250232,2,0,0,1,26.24,31.06,50,0.0,2012,5,19,5,21
1.1947055233182955,2,0,1,1,21.32,25.0,100,15.0013,2011,5,18,2,5
1.9172340894587216,2,0,1,1,28.7,32.575,54,12.998,2012,5,16,2,12
1.327761429538331,2,0,1,2,16.4,20.455,100,19.9995,2011,4,13,2,0
1.8251953231790878,1,1,0,1,10.66,11.365,52,22.0028,2012,1,16,0,18
1.6551961525056738,4,0,1,3,21.32,25.0,77,16.9979,2011,10,19,2,7
1.7783332269022314,1,0,1,1,9.84,12.12,41,11.0014,2012,1,13,4,20
1.8260781474077188,4,0,1,1,16.4,20.455,66,8.9981,2011,11,2,2,20
1.583340520839692,2,0,0,1,22.14,25.76,68,12.998,2012,6,16,5,6
1.8122095959040794,4,0,1,1,14.76,16.665,43,23.9994,2011,12,13,1,12
1.775845981748474,4,0,1,3,24.6,27.275,88,0.0,2012,10,2,1,8
1.026672031199051,1,0,0,2,12.3,13.635,52,19.9995,2012,3,4,6,6
1.95596482071691,3,0,1,1,30.34,34.09,62,15.0013,2012,8,13,0,20
2.003518051589582,4,0,0,1,22.14,25.76,49,26.0027,2012,10,6,5,17
1.9662988278566547,4,0,0,1,25.42,31.06,50,6.0032,2011,10,8,5,14
1.9282894962939565,3,0,0,1,25.42,31.06,41,19.0012,2012,9,9,6,20
1.8062533133730014,1,0,1,1,13.94,15.91,53,15.0013,2011,2,16,2,19
1.9439728458782473,4,0,0,1,23.78,27.275,56,0.0,2011,10,8,5,11
1.4741440143630178,4,0,1,2,9.84,11.365,70,12.998,2012,12,7,4,1
1.8494914839851704,4,0,1,2,14.76,17.425,71,15.0013,2011,11,10,3,19
1.7935304491330344,3,0,1,2,30.34,34.85,66,15.0013,2011,8,4,3,11
1.9249888048924875,3,0,1,1,28.7,31.82,42,15.0013,2011,7,14,3,20
1.6710010327416251,1,0,1,1,3.28,8.335,73,0.0,2011,2,11,4,7
1.4196068415100236,1,0,1,1,8.2,10.605,80,8.9981,2012,1,11,2,5
1.4298455472897516,2,0,1,3,28.7,32.575,65,15.0013,2011,6,10,4,1
1.9117905099724466,2,0,1,1,32.8,34.09,22,32.9975,2011,6,2,3,16
1.3437034446606386,3,0,1,2,22.96,26.515,100,8.9981,2011,9,7,2,5
1.6214540309583532,4,0,1,1,18.86,22.725,88,12.998,2012,10,18,3,0
1.8370697219086884,1,0,1,1,4.1,5.305,54,12.998,2012,2,13,0,7
1.8072636887169242,4,0,0,2,16.4,20.455,94,0.0,2012,12,8,5,23
1.1247482629090362,1,0,1,2,9.02,12.88,93,6.0032,2011,1,19,2,5
1.5099182003836584,4,0,1,2,18.86,22.725,88,6.0032,2012,10,10,2,0
1.8744836395596192,4,0,1,1,20.5,24.24,63,6.0032,2011,12,5,0,16
1.7627277196400848,1,0,1,2,10.66,13.635,48,8.9981,2012,2,10,4,10
2.014271562005882,3,0,1,2,32.8,37.88,55,0.0,2012,7,17,1,8
1.867527001142399,3,0,1,1,34.44,39.395,49,8.9981,2012,7,16,0,12
2.065026856250578,3,0,1,1,27.06,31.06,44,16.9979,2012,9,12,2,18
1.971013006967968,3,0,0,1,25.42,31.06,50,11.0014,2012,9,16,6,18
1.7627277196400848,4,0,0,1,13.94,17.425,81,6.0032,2012,11,11,6,0
1.607232291151654,2,0,0,1,13.12,15.91,61,11.0014,2011,4,2,5,23
1.3973634811730353,1,0,1,1,5.74,5.305,59,27.9993,2011,1,12,2,23
1.755698992678211,4,0,0,2,14.76,17.425,62,8.9981,2012,12,15,5,23
0.8697416861919438,4,0,1,3,20.5,24.24,94,12.998,2011,10,19,2,4
0.7412763113750153,3,0,1,3,22.14,25.76,94,16.9979,2011,9,6,1,2
1.8337800047354695,4,0,1,1,22.96,26.515,46,6.0032,2011,10,6,3,13
1.1622831138840004,2,0,1,3,22.96,26.515,88,0.0,2011,5,17,1,2
1.8269553882413483,2,0,0,1,24.6,31.06,53,19.9995,2012,6,16,5,23
1.7513148227387971,2,0,1,1,26.24,28.79,89,8.9981,2011,6,8,2,6
1.8588105191644075,3,0,1,1,27.88,31.82,47,19.0012,2011,7,14,3,9
1.9216002545355522,2,0,0,1,26.24,31.06,57,11.0014,2012,6,9,5,9
1.7467966996992919,1,0,1,3,18.86,22.725,82,12.998,2012,3,13,1,6
1.4395687003478856,4,0,1,1,10.66,12.12,56,19.0012,2012,11,14,2,0
1.7542520263946595,2,0,1,2,29.52,35.605,84,6.0032,2011,6,9,3,6
1.791294740218941,1,0,0,1,16.4,20.455,43,23.9994,2011,3,13,6,18
1.327761429538331,4,0,1,1,13.94,18.18,87,0.0,2011,11,7,0,0
1.9194357985353954,3,0,1,1,29.52,33.335,61,19.0012,2011,8,2,1,7
1.6684735252826461,4,0,1,3,14.76,17.425,81,15.0013,2011,11,10,3,16
1.8251953231790878,1,0,0,1,13.94,15.91,46,15.0013,2012,1,8,6,18
0.5265890341390445,1,0,1,1,4.1,6.82,54,7.0015,2011,1,14,4,3
1.6606403793348095,2,0,1,2,17.22,21.21,77,0.0,2012,4,18,2,23
0.7412763113750153,4,0,1,1,9.02,13.635,80,0.0,2011,12,9,4,4
1.8681746132307353,2,0,0,1,22.96,26.515,52,7.0015,2012,6,2,5,23
1.9812640389666427,4,0,1,1,22.96,26.515,60,0.0,2011,10,17,0,18
1.2711498482847257,2,0,0,1,15.58,19.695,46,0.0,2012,4,8,6,5
1.6734888160092363,1,0,1,3,10.66,13.635,81,7.0015,2012,2,8,2,16
1.8857031067251113,3,0,1,1,29.52,34.09,62,19.9995,2011,8,8,0,7
1.781985597277665,4,0,1,1,12.3,15.15,52,11.0014,2011,12,13,1,21
1.7200786095266942,1,0,1,1,10.66,13.635,60,8.9981,2012,1,5,3,21
1.777094949793928,2,0,1,1,26.24,31.06,47,11.0014,2011,6,15,2,10
1.026672031199051,1,0,1,1,9.02,11.365,69,11.0014,2012,1,6,4,2
1.8386855209387276,3,0,1,1,29.52,32.575,39,15.0013,2011,8,11,3,9
1.579009137828587,1,0,0,1,19.68,23.485,82,11.0014,2012,3,18,6,23
1.8810945047250232,2,0,1,1,31.98,37.12,59,11.0014,2012,6,19,1,15
1.2484412575662103,2,0,1,2,24.6,30.305,60,19.0012,2012,5,14,0,1
1.5555453730992024,1,0,1,1,10.66,13.635,81,7.0015,2012,1,10,1,23
1.8750984179960517,4,0,0,2,13.12,17.425,81,0.0,2012,12,1,5,19
1.4395687003478856,1,0,0,3,3.28,2.275,79,31.0009,2012,2,12,6,1
1.2917246727283112,1,0,1,2,8.2,10.605,80,8.9981,2012,1,6,4,5
0.8697416861919438,4,0,1,1,7.38,10.605,80,6.0032,2011,12,19,0,2
1.5341940066777084,4,0,1,1,20.5,24.24,59,19.0012,2012,12,5,2,0
1.9617085993863232,1,0,1,1,17.22,21.21,54,32.9975,2012,2,2,3,17
1.5996388013001026,1,0,1,2,8.2,10.605,51,8.9981,2011,2,4,4,10
1.7542520263946595,1,0,0,1,12.3,14.395,39,19.0012,2011,1,15,5,14
1.700619000072578,1,0,1,2,12.3,14.395,70,12.998,2011,3,4,4,20
1.7613486395430595,1,0,1,1,16.4,20.455,66,12.998,2011,3,18,4,7
1.881679452127038,3,0,1,1,30.34,32.575,35,11.0014,2011,7,1,4,9
1.8642411184013048,3,0,0,2,28.7,33.335,84,0.0,2012,9,2,6,9
1.8775294779444245,3,0,1,1,31.98,34.09,29,6.0032,2011,8,12,4,13
1.63454690370149,1,0,1,2,7.38,9.09,40,15.0013,2011,2,9,2,12
1.9369466978095553,2,0,0,3,24.6,31.06,35,11.0014,2011,5,7,5,14
1.7467966996992919,1,0,1,1,18.04,21.97,72,11.0014,2011,2,18,4,11
1.0804178182729878,2,0,1,2,22.96,26.515,68,7.0015,2011,6,16,3,4
1.9056215095903026,4,0,1,2,24.6,31.06,43,11.0014,2012,10,1,0,13
1.828693382742085,4,0,0,2,17.22,21.21,67,12.998,2012,10,7,6,10
1.828693382742085,4,0,0,1,18.04,21.97,62,8.9981,2012,10,6,5,22
1.3437034446606386,2,0,1,1,26.24,31.06,57,15.0013,2012,6,1,4,2
1.8031780619573843,2,0,1,1,16.4,20.455,35,15.0013,2012,4,6,4,22
0.7412763113750153,1,0,0,2,12.3,16.665,52,0.0,2012,1,8,6,6
1.9588700741253928,3,0,1,1,28.7,32.575,58,30.0026,2011,8,16,1,8
1.757131886054717,1,0,0,1,18.04,21.97,16,43.0006,2011,2,19,5,16
1.798970923559588,1,0,0,1,18.86,22.725,19,22.0028,2012,3,3,5,21
0.7412763113750153,1,0,0,1,9.02,13.635,80,0.0,2011,1,1,5,6
1.026672031199051,3,0,1,1,30.34,34.09,58,16.9979,2011,7,13,2,4
1.5397794579522743,3,0,1,2,28.7,33.335,84,12.998,2012,9,6,3,5
1.9216002545355522,4,0,1,2,21.32,25.0,63,0.0,2012,10,1,0,9
1.83126011355907,1,0,1,1,18.04,21.97,72,8.9981,2012,1,12,3,15
0.8697416861919438,1,0,1,3,14.76,17.425,93,12.998,2012,1,12,3,1
1.603478573504849,4,0,1,1,17.22,21.21,67,16.9979,2012,10,16,1,5
1.775845981748474,4,0,1,2,22.96,26.515,64,12.998,2011,11,15,1,11
1.7356879059276584,4,0,1,1,14.76,17.425,71,8.9981,2011,11,2,2,22
1.8141402142832723,2,0,0,1,22.14,25.76,60,11.0014,2012,6,3,6,0
1.7340313214932865,4,0,1,1,16.4,20.455,76,7.0015,2011,11,9,2,10
1.6807250824647135,1,0,1,2,17.22,21.21,50,19.9995,2012,3,2,4,15
1.8394863420693595,4,0,1,1,13.94,15.15,46,27.9993,2012,12,5,2,21
1.8917875600189848,1,0,1,2,16.4,20.455,87,12.998,2012,3,16,4,7
1.7795609835022244,4,0,1,2,21.32,25.0,77,11.0014,2011,10,18,1,22
1.827827111719085,2,0,1,2,26.24,30.305,73,12.998,2012,5,15,1,14
1.8662223006181342,2,0,1,2,28.7,33.335,74,19.0012,2012,6,1,4,11
1.5163019408528369,2,0,1,1,26.24,31.06,53,15.0013,2012,6,1,4,1
1.607232291151654,4,0,0,1,10.66,12.88,56,12.998,2011,11,19,5,0
1.9031681972312866,2,0,1,1,26.24,31.06,38,0.0,2012,6,6,2,15
1.1947055233182955,1,0,0,2,6.56,9.09,74,7.0015,2011,1,8,5,7
2.0052708158031436,2,0,1,1,20.5,24.24,27,16.9979,2012,4,2,0,18
1.6524030880939045,2,0,1,1,18.04,21.97,44,19.9995,2012,4,9,0,23
1.7901636276798083,1,0,1,1,18.04,21.97,38,12.998,2012,2,7,1,15
1.6180113091810355,1,0,0,1,14.76,16.665,81,19.0012,2011,1,1,5,11
1.8304098214920528,3,0,1,2,24.6,30.305,60,15.0013,2011,9,19,0,15
0.9591348389208239,3,0,1,1,26.24,29.545,78,11.0014,2011,7,18,0,4
1.8394863420693595,2,0,1,1,23.78,27.275,83,0.0,2011,5,16,0,20
1.696412959743625,3,0,0,3,26.24,29.545,78,12.998,2012,8,11,5,2
1.9046457503503968,3,0,1,1,31.16,12.12,52,19.0012,2012,8,17,4,11
1.8494914839851704,2,0,0,1,17.22,21.21,44,30.0026,2011,4,17,6,10
1.6313704001963978,3,0,1,1,28.7,33.335,74,15.0013,2012,8,14,1,0
1.81792340526738,1,0,1,2,27.88,31.82,39,23.9994,2011,3,18,4,15
1.6551961525056738,1,0,1,1,9.84,10.605,52,19.0012,2011,3,1,1,10
1.9674944787514983,3,0,1,2,32.8,39.395,63,15.0013,2012,8,3,4,19
1.879323983956676,4,0,1,2,21.32,25.0,72,26.0027,2012,10,15,0,20
1.9926648078181803,2,0,1,1,15.58,19.695,46,11.0014,2012,4,13,4,8
1.8700988387609099,1,0,0,1,18.04,21.97,41,23.9994,2011,3,13,6,17
1.9185596528196553,2,0,1,1,30.34,32.575,30,0.0,2012,6,7,3,15
1.8851357588170432,4,0,0,1,14.76,18.18,50,6.0032,2012,10,13,5,9
0.7412763113750153,2,0,1,2,19.68,23.485,88,8.9981,2011,5,11,2,4
1.9990196811606853,2,0,0,1,18.86,22.725,23,26.0027,2012,4,7,5,12
1.9519820823132483,3,0,0,1,37.72,41.665,33,16.9979,2012,7,1,6,13
1.8524277618844993,3,0,1,2,22.14,25.76,68,11.0014,2011,9,19,0,9
0.8697416861919438,1,0,1,1,10.66,12.88,93,11.0014,2011,2,8,1,4
1.757131886054717,3,0,1,2,24.6,29.545,73,7.0015,2011,7,15,4,6
2.0164678395268,2,0,0,1,29.52,32.575,30,7.0015,2012,5,19,5,15
1.752790725901759,3,0,1,1,32.8,37.88,55,23.9994,2011,7,11,0,10
1.448822238365871,1,0,1,1,11.48,14.395,70,7.0015,2012,2,15,2,5
1.7613486395430595,3,1,0,1,27.88,31.82,74,0.0,2012,7,4,2,1
1.8890567804069143,4,0,0,1,13.12,15.91,61,11.0014,2012,12,15,5,10
1.5916858743493758,4,0,0,1,10.66,12.88,65,12.998,2012,11,17,5,2
1.7733152706473527,1,0,1,2,8.2,11.365,86,6.0032,2012,1,9,0,20
1.8828416375415338,1,0,1,1,12.3,16.665,70,0.0,2012,3,2,4,7
1.8885037407137346,4,0,1,1,23.78,27.275,46,0.0,2012,10,1,0,11
1.9516443500946277,3,0,1,1,33.62,35.605,32,15.0013,2012,8,16,3,16
1.6783497616208911,2,0,1,1,13.12,15.91,53,12.998,2011,4,1,4,20
1.749824041026481,2,0,0,1,21.32,25.0,52,12.998,2011,5,7,5,8
1.8251953231790878,2,0,1,1,26.24,30.305,69,15.0013,2011,5,2,0,14
1.570002974208493,2,0,1,2,18.86,22.725,88,15.0013,2011,5,12,3,0
0.8697416861919438,1,0,1,2,16.4,20.455,87,19.0012,2012,3,16,4,3
1.2917246727283112,1,1,0,3,5.74,6.06,93,16.9979,2011,1,17,0,22
1.7627277196400848,4,0,1,1,12.3,14.395,39,15.0013,2012,11,8,3,6
1.8234126545313947,1,1,0,1,6.56,7.575,59,16.9979,2012,1,16,0,11
1.9566163513210957,2,0,1,1,24.6,31.06,43,15.0013,2011,5,10,1,19
1.8976020071415636,2,0,0,1,23.78,27.275,37,11.0014,2011,5,7,5,18
1.4892992254175486,4,0,1,3,17.22,21.21,94,15.0013,2011,12,7,2,15
1.798970923559588,4,0,1,2,16.4,20.455,76,7.0015,2011,12,5,0,12
1.6437209301888343,1,0,1,1,9.02,11.365,47,8.9981,2011,2,11,4,11
1.8763195102948889,4,0,1,1,18.86,22.725,36,0.0,2012,10,11,3,11
1.4395687003478856,1,0,1,3,16.4,20.455,0,15.0013,2011,3,10,3,9
1.757131886054717,4,0,1,3,22.14,25.76,100,8.9981,2011,10,19,2,15
1.7640939343176614,2,0,1,1,24.6,31.06,46,15.0013,2011,5,9,0,11
1.8494914839851704,4,0,1,3,13.12,15.15,87,16.9979,2012,11,13,1,8
1.6313704001963978,1,1,0,3,7.38,9.09,59,12.998,2011,1,17,0,19
1.8000344713048928,1,0,1,3,9.02,10.605,93,15.0013,2011,2,2,2,8
1.1947055233182955,1,0,0,3,9.02,11.365,93,8.9981,2012,2,11,5,6
1.7968196318819551,2,0,1,1,19.68,23.485,67,8.9981,2011,5,6,4,21
1.868819104784765,2,0,0,2,28.7,32.575,48,6.0032,2011,6,4,5,20
1.9266498629615478,2,0,1,1,22.14,25.76,28,16.9979,2012,4,13,4,15
2.015673931331266,3,0,1,1,27.88,12.12,65,8.9981,2012,8,17,4,8
1.9266498629615478,3,0,1,1,29.52,32.575,42,7.0015,2012,9,13,3,15
1.8775294779444245,3,0,0,1,31.98,37.12,62,7.0015,2012,7,8,6,18
1.4576463830228739,3,0,1,1,24.6,31.06,56,8.9981,2011,8,12,4,5
1.5916858743493758,2,0,1,1,21.32,25.0,77,23.9994,2011,4,12,1,11
1.5996388013001026,4,1,0,1,15.58,19.695,76,19.0012,2012,10,8,0,0
1.9704335632072707,4,0,1,3,25.42,28.79,83,16.9979,2011,10,13,3,17
1.327761429538331,4,0,0,1,10.66,12.12,48,16.9979,2011,11,19,5,3
1.7182404735813999,1,0,1,1,8.2,12.88,40,0.0,2011,2,3,3,19
1.6281310150671582,1,0,1,2,16.4,20.455,62,26.0027,2011,3,16,2,22
0.9591348389208239,1,0,1,1,13.12,15.91,57,12.998,2011,2,17,3,4
1.7935304491330344,4,0,0,1,20.5,24.24,77,0.0,2011,10,8,5,22
1.9653943859068015,1,0,1,1,18.86,22.725,63,30.0026,2012,1,17,1,17
1.327761429538331,3,0,1,1,25.42,31.06,57,12.998,2011,8,12,4,2
1.8216068302034107,4,0,1,1,16.4,20.455,66,11.0014,2012,10,11,3,22
2.032522669918176,4,0,1,2,18.04,21.97,58,19.0012,2012,12,5,2,8
1.797899348601363,1,0,1,1,6.56,6.82,50,19.0012,2012,1,3,1,9
0.9591348389208239,2,0,1,1,25.42,28.79,83,8.9981,2012,6,13,2,2
1.6109034750189168,3,1,0,2,27.88,31.82,79,7.0015,2011,9,5,0,1
1.7254630513334037,1,0,1,1,6.56,7.575,64,15.0013,2011,1,4,1,9
1.5555453730992024,1,0,1,2,9.02,12.12,93,7.0015,2011,1,18,1,21
1.5341940066777084,1,0,0,1,12.3,13.635,56,22.0028,2011,3,13,6,22
1.5099182003836584,4,0,0,2,14.76,17.425,93,8.9981,2012,12,16,6,23
1.68988188256892,1,0,0,1,15.58,19.695,62,0.0,2011,3,12,5,21
1.8197772781208725,1,0,1,1,8.2,9.85,40,12.998,2011,2,3,3,17
1.7733152706473527,1,0,1,1,9.84,12.88,38,7.0015,2011,1,5,2,19
1.570002974208493,1,0,1,1,7.38,8.335,43,16.9979,2011,1,3,0,10
1.327761429538331,2,0,1,1,29.52,32.575,38,7.0015,2011,6,2,3,1
1.8370697219086884,1,0,1,2,22.96,26.515,49,23.9994,2011,3,18,4,12
1.6606403793348095,1,0,1,1,14.76,15.91,46,31.0009,2011,2,14,0,20
1.6734888160092363,4,0,1,3,18.04,21.97,88,19.0012,2011,11,16,2,21
1.8457296531480492,1,0,0,1,9.84,11.365,38,15.0013,2012,1,14,5,16
1.8933991317302272,1,0,1,2,8.2,9.85,40,12.998,2012,1,4,2,17
1.5099182003836584,3,0,0,1,29.52,35.605,84,8.9981,2012,7,1,6,3
1.3852268599316875,3,0,1,2,28.7,33.335,74,7.0015,2011,7,19,1,5
1.77073964639405,1,0,1,1,10.66,12.88,41,11.0014,2012,3,6,1,11
1.7373263784001205,1,0,1,1,14.76,16.665,53,16.9979,2011,3,11,4,13
1.7694345201285457,1,0,1,1,14.76,17.425,46,12.998,2012,2,7,1,11
1.92030598439472,2,0,0,2,30.34,34.09,58,11.0014,2011,6,11,5,17
1.358504720646626,2,0,1,2,18.86,22.725,88,8.9981,2012,5,3,3,2
1.9061066457543656,4,0,1,3,25.42,27.275,94,8.9981,2012,10,2,1,20
2.0103787647456652,4,0,1,1,18.04,21.97,38,19.9995,2012,10,12,4,18
1.983371148410903,3,0,1,2,30.34,34.85,70,0.0,2012,7,17,1,7
1.7681175901689328,1,0,1,1,7.38,9.85,64,8.9981,2011,3,8,1,7
1.7405504459900154,2,0,1,2,21.32,25.0,55,7.0015,2011,4,18,0,10
1.8828416375415338,4,0,1,3,22.14,25.76,68,0.0,2012,10,1,0,20
0.7412763113750153,1,0,1,1,4.92,8.335,54,6.0032,2012,2,13,0,4
1.9295054724772276,3,1,0,2,30.34,35.605,74,15.0013,2012,9,3,0,10
1.791294740218941,4,0,1,1,18.86,22.725,63,8.9981,2011,11,8,1,11
1.026672031199051,3,0,1,1,29.52,34.09,70,7.0015,2012,7,19,3,3
1.8907020599217577,2,0,1,1,20.5,24.24,36,30.0026,2012,4,9,0,20
1.1247482629090362,1,0,0,3,7.38,9.85,55,11.0014,2011,1,8,5,3
1.7163798514467992,1,0,1,1,6.56,9.85,55,6.0032,2011,1,7,4,19
1.5163019408528369,4,0,1,1,9.84,14.395,65,0.0,2011,12,9,4,0
0.8697416861919438,4,0,0,2,10.66,13.635,65,7.0015,2011,12,10,5,4
1.9884835875196611,4,0,1,1,13.12,15.15,53,15.0013,2012,12,11,1,18
1.8588105191644075,2,0,1,1,26.24,29.545,78,12.998,2012,5,15,1,11
1.9809980539999918,2,0,1,1,33.62,38.635,52,15.0013,2011,6,10,4,17
1.2484412575662103,4,0,1,2,25.42,28.03,88,0.0,2012,10,4,3,3
1.9295054724772276,4,0,1,2,12.3,16.665,56,0.0,2011,12,12,0,17
1.8933991317302272,2,0,1,1,22.14,25.76,28,39.0007,2012,4,9,0,13
1.867527001142399,2,0,1,2,24.6,29.545,69,12.998,2012,6,18,0,15
1.9623306102568445,2,0,0,1,22.96,26.515,43,0.0,2012,5,19,5,10
1.7681175901689328,1,0,1,1,6.56,8.335,59,11.0014,2011,1,12,2,8
1.8857031067251113,1,0,0,1,18.04,21.97,54,19.9995,2012,1,1,6,14
1.6734888160092363,3,0,0,1,24.6,29.545,69,7.0015,2011,7,16,5,1
1.8928641420201489,3,0,1,2,31.16,34.09,45,15.0013,2012,7,9,0,15
1.1247482629090362,2,0,1,1,24.6,30.305,60,32.9975,2011,6,13,0,3
1.8225126721028055,2,1,0,1,20.5,24.24,55,12.998,2011,4,15,4,9
1.6985302777514544,1,0,1,1,13.12,15.15,33,19.9995,2012,3,9,4,23
1.8418611059620993,3,0,1,1,32.8,36.365,43,7.0015,2011,7,5,1,12
1.4298455472897516,2,0,1,1,18.86,22.725,88,7.0015,2012,5,7,0,5
1.7389471062414084,2,0,0,1,23.78,27.275,53,7.0015,2012,6,3,6,23
2.0275928975827715,4,0,1,1,20.5,24.24,63,15.0013,2012,12,4,1,18
1.1622831138840004,4,0,1,2,10.66,12.12,56,16.9979,2012,12,13,3,2
1.6710010327416251,1,0,0,3,13.94,16.665,81,11.0014,2011,1,2,6,15
0.5265890341390445,1,0,0,1,10.66,12.88,56,11.0014,2011,1,16,6,4
1.97884890904261,1,0,1,1,18.04,21.97,35,12.998,2012,2,7,1,17
1.4741440143630178,3,0,1,1,28.7,33.335,79,8.9981,2012,8,9,3,1
1.6830650011356274,2,0,1,3,13.94,15.15,93,26.0027,2011,5,4,2,8
1.757131886054717,3,0,0,2,28.7,33.335,84,22.0028,2011,8,6,5,22
1.8243068483519838,4,0,1,2,24.6,29.545,73,12.998,2011,10,11,1,13
1.74525954872198,2,0,1,1,25.42,31.06,35,15.0013,2011,6,2,3,23
1.935800524776163,4,0,1,1,14.76,17.425,76,8.9981,2012,12,7,4,16
1.977759899174307,3,0,1,1,28.7,33.335,79,16.9979,2011,9,9,4,17
1.026672031199051,1,0,0,2,6.56,11.365,59,0.0,2011,1,15,5,4
1.988733607234547,3,0,1,1,36.08,39.395,35,16.9979,2012,7,17,1,19
1.9823221775970696,2,0,0,1,25.42,31.06,41,6.0032,2012,5,12,5,11
0.7412763113750153,1,0,1,1,8.2,10.605,80,8.9981,2012,1,11,2,4
1.8131782269605679,2,0,1,1,34.44,39.395,49,0.0,2011,6,9,3,9
1.8150956430032537,2,0,1,1,28.7,32.575,58,12.998,2011,6,17,4,10
1.9997053615189657,2,0,0,1,33.62,34.85,23,12.998,2012,6,9,5,14
1.6524030880939045,3,0,0,1,29.52,34.85,77,11.0014,2012,8,4,5,7
1.6407200993500939,2,0,0,3,21.32,25.0,83,39.0007,2011,4,16,5,14
1.6144954397020792,3,1,0,2,27.88,31.82,89,11.0014,2012,9,3,0,1
1.1947055233182955,4,0,1,1,11.48,13.635,56,11.0014,2012,12,12,2,2
1.6180113091810355,4,0,1,2,22.96,26.515,83,7.0015,2012,10,19,4,0
1.1622831138840004,4,0,1,1,13.94,17.425,87,7.0015,2011,10,3,0,4
1.8629038905519502,3,0,1,1,31.98,34.85,46,16.9979,2011,8,9,1,21
1.5957092304038698,1,0,1,1,17.22,21.21,62,19.0012,2011,3,17,3,23
2.0414748894436863,2,0,1,1,22.96,26.515,73,15.0013,2012,5,2,2,18
1.6876424851132221,2,0,0,2,15.58,19.695,94,8.9981,2011,4,10,6,9
1.68988188256892,4,0,1,2,13.94,16.665,57,11.0014,2011,11,10,3,23
1.9103928415548865,2,0,0,1,33.62,39.395,56,16.9979,2011,6,12,6,14
1.832105201899316,4,0,1,3,18.86,22.725,88,26.0027,2011,11,16,2,18
1.96108343429015,4,0,0,2,14.76,15.91,46,30.0026,2012,11,3,5,15
1.0804178182729878,1,0,0,1,13.12,15.15,49,16.9979,2012,1,8,6,4
1.7340313214932865,3,0,1,1,24.6,28.79,78,0.0,2011,9,1,3,6
1.8487473895449305,4,0,1,2,20.5,24.24,94,15.0013,2012,12,10,0,14
1.7467966996992919,3,0,1,1,29.52,33.335,71,19.9995,2011,8,4,3,10
1.9907152806964443,4,0,0,1,17.22,21.21,38,12.998,2012,11,17,5,14
1.83126011355907,2,0,1,1,22.96,26.515,78,11.0014,2011,5,19,3,15
1.9931472818006903,4,0,1,1,11.48,13.635,45,11.0014,2012,12,6,3,18
1.9536571131560738,3,0,1,2,28.7,33.335,79,0.0,2011,8,3,2,17
1.9997053615189657,2,0,0,2,29.52,32.575,37,16.9979,2012,6,16,5,17
0.7412763113750153,4,0,1,3,22.14,25.76,94,19.9995,2011,10,12,2,3
1.9464652902368638,2,0,0,1,29.52,34.09,62,8.9981,2011,6,18,5,11
1.8642411184013048,3,0,1,1,18.86,22.725,67,31.0009,2011,9,15,3,19
1.883418917934741,2,1,0,1,30.34,33.335,45,19.9995,2012,4,16,0,13
1.7640939343176614,2,0,1,3,26.24,28.79,89,19.0012,2012,6,12,1,10
1.765447506801529,1,0,1,3,12.3,14.395,81,15.0013,2012,1,17,1,7
1.6659050929776016,1,0,1,2,15.58,19.695,20,0.0,2011,3,8,1,14
1.7599564649868773,2,0,1,2,22.96,26.515,83,22.0028,2011,5,18,2,13
1.4818766360989102,1,0,1,1,4.92,5.305,33,23.9994,2011,2,8,1,22
1.6734888160092363,3,0,1,1,26.24,28.03,94,0.0,2011,9,9,4,12
1.6180113091810355,3,0,1,1,27.88,31.82,65,8.9981,2011,8,18,3,0
1.9841519500636708,1,0,1,1,12.3,15.91,49,0.0,2012,2,7,1,8
1.8234126545313947,4,0,0,1,20.5,24.24,48,8.9981,2011,10,15,5,20
1.9085054025106725,2,0,1,1,22.96,26.515,21,15.0013,2012,4,3,1,14
1.9245701304885587,2,0,1,2,24.6,28.79,78,8.9981,2012,5,16,2,9
1.4196068415100236,1,0,0,1,9.84,12.12,60,8.9981,2012,3,11,6,4
1.7627277196400848,1,0,1,1,24.6,31.06,31,12.998,2011,2,18,4,20
1.3973634811730353,1,0,0,2,12.3,14.395,87,12.998,2011,3,5,5,2
1.448822238365871,1,0,1,1,9.84,11.365,65,15.0013,2011,3,1,1,23
1.8021379316915813,2,0,1,2,23.78,27.275,68,27.9993,2012,5,8,1,10
1.7783332269022314,3,0,1,3,25.42,27.275,94,11.0014,2011,9,9,4,9
1.969559219559395,4,0,0,1,16.4,20.455,40,11.0014,2012,11,17,5,12
1.8839936846137324,2,0,1,1,28.7,31.82,42,16.9979,2012,6,8,4,11
1.8122095959040794,4,0,1,2,15.58,19.695,54,7.0015,2011,12,14,2,15
1.5604997616108318,3,0,0,2,27.06,30.305,78,11.0014,2011,8,6,5,3
1.5397794579522743,3,0,1,2,27.06,29.545,89,0.0,2012,9,4,1,5
1.8269553882413483,3,0,0,2,27.88,31.82,83,15.0013,2011,8,13,5,20
0.9591348389208239,1,0,1,1,9.84,10.605,65,26.0027,2011,3,1,1,2
1.5451936315479267,1,0,0,1,8.2,11.365,64,7.0015,2011,2,13,6,0
1.74525954872198,1,0,0,1,13.12,15.91,49,12.998,2012,1,8,6,19
1.879323983956676,1,0,0,1,18.86,22.725,41,26.0027,2011,3,13,6,16
1.9080291992562277,2,0,1,2,28.7,33.335,74,23.9994,2012,6,1,4,12
1.77073964639405,2,0,1,1,25.42,31.06,46,15.0013,2011,6,14,1,10
1.7681175901689328,4,0,1,1,17.22,21.21,77,7.0015,2011,11,7,0,11
1.5957092304038698,4,0,1,3,18.04,21.97,100,6.0032,2011,12,7,2,11
1.83126011355907,2,0,1,2,21.32,25.0,55,0.0,2011,4,19,1,7
1.7047134862451474,2,0,1,1,15.58,19.695,62,15.0013,2011,5,4,2,22
1.7795609835022244,4,0,1,2,13.94,15.15,39,23.9994,2011,12,16,4,13
1.919871631657153,4,0,0,2,17.22,21.21,71,7.0015,2012,10,7,6,11
1.6407200993500939,1,0,1,1,15.58,19.695,82,26.0027,2011,2,2,2,14
1.8781303494314965,4,0,1,2,17.22,21.21,71,31.0009,2011,11,4,4,9
1.748318097194945,2,0,0,2,20.5,24.24,88,8.9981,2012,5,6,6,8
1.8879483638033878,3,0,0,1,27.88,31.82,79,12.998,2012,8,11,5,9
1.8426436266120914,1,0,1,1,5.74,6.82,50,12.998,2011,1,13,3,8
1.8021379316915813,2,0,1,1,22.96,26.515,43,6.0032,2011,4,7,3,14
1.026672031199051,2,0,1,2,21.32,25.0,68,22.0028,2012,5,8,1,4
1.7026798402849839,2,0,0,1,22.96,26.515,60,11.0014,2012,6,17,6,1
1.9686785871062156,4,0,0,1,18.86,22.725,44,8.9981,2012,10,13,5,18
1.327761429538331,2,0,1,1,18.04,21.97,94,12.998,2011,5,12,3,2
1.940323909263275,2,1,0,1,21.32,25.0,83,8.9981,2012,4,16,0,7
1.7946353028541102,2,0,1,1,16.4,20.455,62,11.0014,2011,5,4,2,21
1.496434016604423,3,0,1,1,27.06,31.06,50,0.0,2011,7,1,4,1
1.8622302516766631,3,0,1,2,31.98,37.88,66,19.0012,2011,7,8,4,13
1.7026798402849839,1,1,0,1,9.84,11.365,41,15.0013,2012,1,2,0,20
1.7067206012930416,2,0,1,2,22.14,25.76,45,23.9994,2011,4,4,0,10
1.904155101148327,1,0,0,2,12.3,14.395,70,12.998,2012,2,4,5,13
1.570002974208493,3,0,0,1,18.86,22.725,72,15.0013,2011,9,18,6,7
1.637662762520353,3,0,1,3,28.7,33.335,84,11.0014,2012,9,6,3,11
1.372306733580753,4,0,1,2,13.94,15.91,87,19.0012,2012,11,13,1,5
0.7412763113750153,1,0,1,2,7.38,9.09,64,12.998,2011,3,4,4,2
1.2917246727283112,1,0,1,2,11.48,15.15,61,6.0032,2012,2,10,4,1
1.3852268599316875,3,0,0,1,29.52,34.85,74,16.9979,2012,8,5,6,5
1.700619000072578,1,0,1,2,12.3,15.91,70,6.0032,2012,2,16,3,6
1.4395687003478856,3,0,1,3,25.42,27.275,94,12.998,2011,9,7,2,23
2.0026318758789157,4,0,0,1,19.68,23.485,48,0.0,2012,11,10,5,12
1.8102520538839093,2,0,1,1,19.68,23.485,39,12.998,2011,5,5,3,22
1.6985302777514544,1,0,0,1,16.4,20.455,58,7.0015,2011,3,12,5,20
2.0001603010151285,3,0,1,1,32.8,39.395,63,8.9981,2012,7,16,0,19
1.1622831138840004,4,0,1,2,10.66,12.88,56,12.998,2012,12,13,3,4
1.8426436266120914,2,0,1,1,32.8,40.15,66,8.9981,2011,6,8,2,21
1.847999202156157,1,0,1,1,22.14,25.76,37,30.0026,2012,3,7,2,15
1.9011715868708958,1,0,0,1,12.3,14.395,56,15.0013,2012,2,5,6,16
1.710657776180059,2,0,0,1,18.86,22.725,82,8.9981,2011,4,10,6,20
1.7694345201285457,4,0,1,1,11.48,15.91,87,0.0,2011,12,9,4,22
1.795731656444039,3,0,1,2,27.06,30.305,78,6.0032,2011,7,8,4,23
1.777094949793928,1,0,1,1,13.94,17.425,23,7.0015,2012,2,13,0,14
1.7878742218230284,4,0,0,2,9.84,12.12,87,8.9981,2012,12,1,5,8
1.795731656444039,2,0,1,1,18.86,22.725,72,15.0013,2011,5,6,4,22
1.9704335632072707,3,0,1,1,32.8,37.88,55,19.0012,2012,8,1,2,16
1.9061066457543656,4,0,0,1,19.68,23.485,51,12.998,2011,11,6,6,15
1.8021379316915813,3,0,0,1,29.52,34.85,79,6.0032,2012,8,5,6,22
1.6579414149579819,1,0,1,1,10.66,11.365,41,26.0027,2011,2,16,2,10
1.7640939343176614,1,0,0,1,13.12,16.665,53,8.9981,2012,1,8,6,9
2.046315976868779,4,0,1,2,22.96,26.515,49,11.0014,2012,10,10,2,18
1.8354346948604652,4,0,1,2,19.68,23.485,69,12.998,2012,10,9,1,11
1.8531520084405109,2,0,0,2,22.14,25.76,94,8.9981,2011,5,14,5,14
1.2711498482847257,1,0,1,1,5.74,6.82,54,12.998,2012,1,3,1,5
1.8021379316915813,1,0,0,1,13.94,17.425,49,7.0015,2011,2,6,6,16
1.496434016604423,4,0,0,2,9.84,12.12,93,8.9981,2012,12,2,6,7
1.7890235001604364,4,0,1,1,22.96,26.515,37,11.0014,2011,11,7,0,14
1.3852268599316875,2,0,1,1,22.96,26.515,94,12.998,2012,5,16,2,2
1.68988188256892,4,0,1,3,21.32,25.0,55,15.0013,2011,12,15,3,15
1.7681175901689328,4,0,1,2,18.86,22.725,88,7.0015,2011,11,15,1,22
1.6313704001963978,1,0,1,1,10.66,10.605,48,30.0026,2011,3,7,0,11
1.8629038905519502,2,0,0,2,24.6,30.305,60,8.9981,2012,5,12,5,21
2.0012901084703705,1,0,1,1,22.96,26.515,35,19.9995,2012,3,1,3,17
1.7599564649868773,3,0,1,1,28.7,33.335,79,6.0032,2011,9,9,4,13
1.7542520263946595,1,0,1,1,12.3,13.635,56,22.0028,2011,3,11,4,19
1.977486115075459,4,0,0,1,15.58,19.695,46,15.0013,2012,11,4,6,12
0.5265890341390445,1,0,1,1,4.92,6.06,50,19.0012,2011,1,10,0,1
1.5451936315479267,1,0,0,2,9.84,12.12,70,11.0014,2011,2,5,5,0
1.327761429538331,3,0,0,1,27.88,31.82,83,8.9981,2012,7,15,6,6
1.8726220769889215,4,0,0,1,15.58,19.695,76,8.9981,2011,12,4,6,17
1.7467966996992919,2,0,0,1,26.24,31.06,57,6.0032,2011,6,5,6,0
1.223156202527103,4,0,0,1,11.48,15.91,87,0.0,2012,11,10,5,5
1.9623306102568445,4,0,1,2,16.4,20.455,50,11.0014,2012,11,1,3,19
1.6281310150671582,1,0,1,1,12.3,15.15,52,11.0014,2011,1,19,2,22
1.9546513926697417,4,0,1,1,21.32,25.0,83,7.0015,2012,10,5,4,7
1.4892992254175486,1,0,1,1,5.74,5.305,50,26.0027,2011,1,3,0,6
1.026672031199051,4,0,1,2,22.14,25.76,88,12.998,2012,10,2,1,3
1.8928641420201489,3,0,1,1,30.34,34.09,58,16.9979,2011,8,17,2,20
1.8545889886375557,2,0,0,1,28.7,32.575,61,15.0013,2011,6,18,5,9
1.9749939323524341,3,0,0,1,26.24,31.06,57,19.9995,2012,9,9,6,10
1.1247482629090362,4,0,0,2,13.94,15.91,87,16.9979,2011,10,2,6,4
1.757131886054717,4,0,1,2,17.22,21.21,94,8.9981,2012,12,17,0,21
1.7733152706473527,1,0,0,1,12.3,12.88,36,32.9975,2012,3,4,6,19
1.4298455472897516,2,0,0,1,16.4,20.455,82,7.0015,2011,5,1,6,3
1.8588105191644075,1,0,0,1,9.84,12.88,87,7.0015,2012,2,4,5,10
1.2917246727283112,3,0,1,3,24.6,25.76,94,16.9979,2012,9,18,1,0
1.6180113091810355,2,0,0,1,15.58,19.695,66,8.9981,2012,4,14,5,2
1.570002974208493,4,0,0,1,18.04,21.97,86,0.0,2011,10,9,6,7
1.637662762520353,4,0,0,1,6.56,7.575,59,15.0013,2011,12,11,6,1
1.570002974208493,1,0,1,1,5.74,6.82,69,12.998,2011,2,11,4,10
1.866876239930001,2,0,0,2,21.32,25.0,72,12.998,2011,4,10,6,17
1.791294740218941,1,0,1,1,11.48,14.395,45,8.9981,2012,2,13,0,21
1.7405504459900154,3,0,1,1,22.14,25.76,68,7.0015,2012,9,11,1,23
1.5451936315479267,3,0,0,3,24.6,27.275,88,32.9975,2011,8,14,6,22
1.8890567804069143,4,0,1,1,14.76,17.425,50,12.998,2012,12,14,4,12
1.223156202527103,3,0,1,2,21.32,25.0,68,23.9994,2012,9,19,2,4
1.8851357588170432,2,0,1,1,35.26,40.15,47,19.9995,2011,6,1,2,16
1.828693382742085,1,0,1,1,20.5,24.24,59,12.998,2011,2,18,4,12
1.903662587911754,2,0,1,2,18.86,22.725,72,0.0,2012,4,19,3,9
1.818853419699573,1,0,0,1,13.94,16.665,46,0.0,2011,2,6,6,12
1.798970923559588,3,0,0,1,28.7,32.575,61,11.0014,2011,7,10,6,0
1.6710010327416251,4,0,1,2,11.48,12.88,56,19.9995,2012,11,7,2,2
1.6853704905634923,1,1,0,2,7.38,9.85,47,8.9981,2011,1,17,0,12
1.7681175901689328,2,0,0,1,26.24,28.79,83,8.9981,2011,6,12,6,22
1.1247482629090362,3,0,1,1,27.06,29.545,89,0.0,2011,8,8,0,2
1.6807250824647135,4,0,0,1,18.86,22.725,88,0.0,2011,10,9,6,1
1.8122095959040794,2,0,0,1,27.88,31.82,79,8.9981,2011,6,19,6,21
1.879323983956676,2,0,1,1,21.32,25.0,48,35.0008,2012,5,10,3,11
1.9395812163258002,4,0,1,2,6.56,9.09,80,7.0015,2011,12,12,0,8
0.8697416861919438,1,0,1,1,10.66,11.365,70,23.9994,2011,3,1,1,1
1.6632944814375767,2,0,1,3,25.42,30.305,69,22.0028,2012,5,8,1,14
1.710657776180059,2,0,1,3,22.96,26.515,94,8.9981,2012,5,15,1,7
2.0233810504726226,4,0,1,1,21.32,25.0,63,7.0015,2012,12,3,0,17
1.6551961525056738,4,0,0,1,12.3,15.91,89,6.0032,2012,11,11,6,7
1.947168383637879,4,0,1,2,22.96,26.515,83,7.0015,2011,10,11,1,8
1.77073964639405,3,0,0,1,29.52,34.85,74,7.0015,2012,7,15,6,22
1.9502841776383666,4,0,1,1,9.84,10.605,65,19.0012,2012,11,14,2,7
1.4660765372061442,1,0,0,1,10.66,15.15,60,0.0,2011,2,6,6,21
1.358504720646626,4,0,1,1,15.58,19.695,76,0.0,2012,10,17,2,1
1.4395687003478856,3,0,1,1,27.88,31.82,82,8.9981,2012,9,4,1,1
1.9026719155555414,4,0,1,1,18.86,22.725,38,19.9995,2012,11,9,4,13
1.919871631657153,4,0,0,1,22.96,26.515,64,15.0013,2012,10,14,6,19
2.018234751868829,2,0,1,2,27.06,29.545,89,19.0012,2012,6,12,1,17
1.5745651437258248,4,0,1,1,9.84,14.395,75,0.0,2011,12,12,0,23
1.3105061862047918,2,1,0,1,24.6,30.305,64,16.9979,2012,4,16,0,2
1.496434016604423,4,0,1,2,22.96,26.515,73,0.0,2012,10,2,1,0
1.81792340526738,4,0,1,3,18.04,21.97,100,15.0013,2012,12,10,0,12
1.9181193208376597,3,0,1,2,26.24,30.305,65,16.9979,2012,9,17,0,14
1.847999202156157,3,0,1,1,30.34,33.335,48,6.0032,2011,8,17,2,9
1.7067206012930416,2,0,1,1,33.62,37.12,43,15.0013,2011,6,8,2,10
1.8601888513706977,2,0,1,1,18.86,22.725,59,19.9995,2011,4,7,3,19
0.5265890341390445,1,0,1,1,9.02,9.09,37,35.0008,2011,2,15,1,4
1.927472325029152,2,0,0,1,18.86,22.725,38,26.0027,2011,4,17,6,12
1.7467966996992919,2,0,1,1,22.14,25.76,56,6.0032,2012,6,5,1,23
1.780778386075876,1,0,1,1,10.66,10.605,33,39.0007,2012,1,13,4,15
1.752790725901759,1,0,1,1,18.04,21.97,72,6.0032,2012,3,15,3,6
1.026672031199051,3,0,1,1,28.7,32.575,54,8.9981,2011,8,10,2,4
1.1947055233182955,1,0,0,1,10.66,13.635,75,7.0015,2012,1,7,5,5
1.5341940066777084,4,0,1,1,16.4,20.455,66,6.0032,2012,10,12,4,1
1.9509661221302974,1,0,1,1,4.1,6.06,54,8.9981,2012,2,13,0,8
1.503300998004841,4,0,1,2,11.48,13.635,52,15.0013,2012,12,13,3,0
1.865565153838859,2,0,1,1,17.22,21.21,47,12.998,2012,4,5,3,21
1.603478573504849,1,0,1,2,11.48,15.15,87,6.0032,2011,1,19,2,11
1.8991438268879295,3,0,1,1,32.8,34.09,24,0.0,2011,7,1,4,13
1.1947055233182955,3,0,0,1,24.6,28.79,78,16.9979,2012,8,18,5,5
1.7843700777314968,3,0,1,2,33.62,39.395,56,11.0014,2011,7,19,1,10
2.0237533974669626,2,0,1,2,19.68,23.485,77,15.0013,2012,6,5,1,8
1.765447506801529,1,0,0,1,12.3,15.15,52,11.0014,2012,1,8,6,20
1.4576463830228739,3,0,1,1,27.06,30.305,83,7.0015,2011,8,1,0,5
1.9158946735023363,3,0,1,1,32.8,37.12,49,0.0,2011,8,19,4,16
1.5224670302876946,1,0,1,2,9.02,11.365,87,11.0014,2011,1,18,1,15
1.5451936315479267,1,0,1,1,7.38,9.09,55,15.0013,2011,1,12,2,10
1.9365657970706844,2,0,1,1,29.52,32.575,39,12.998,2012,6,15,4,15
1.9103928415548865,4,0,1,1,16.4,20.455,76,0.0,2011,10,3,0,19
1.6830650011356274,2,0,1,2,22.96,26.515,83,15.0013,2012,5,14,0,11
1.1247482629090362,4,0,0,1,13.12,15.15,87,19.0012,2011,10,2,6,5
1.977759899174307,3,0,0,1,30.34,33.335,42,12.998,2012,8,12,6,12
1.327761429538331,4,0,1,3,11.48,13.635,61,15.0013,2012,11,8,3,0
0.5265890341390445,1,0,1,1,7.38,8.335,51,19.0012,2012,3,6,1,3
1.912253049635755,4,0,1,2,14.76,17.425,93,8.9981,2012,12,17,0,7
1.4576463830228739,1,0,1,2,8.2,11.365,59,6.0032,2012,1,5,3,5
1.637662762520353,1,0,1,1,12.3,14.395,28,12.998,2011,1,5,2,15
1.8960417361485307,3,0,1,1,25.42,31.06,38,16.9979,2012,9,19,2,14
1.907551234358238,4,0,1,2,20.5,24.24,55,11.0014,2011,10,17,0,7
1.8629038905519502,3,0,1,1,29.52,34.09,62,15.0013,2011,8,17,2,21
1.4818766360989102,1,0,1,1,17.22,21.21,58,19.0012,2011,3,18,4,0
0.7412763113750153,4,0,1,2,22.14,25.76,77,7.0015,2012,10,2,1,2
0.8697416861919438,1,0,1,1,7.38,8.335,51,16.9979,2012,1,3,1,2
1.9766610448664135,1,0,0,1,18.86,22.725,31,19.0012,2012,3,11,6,14
1.6632944814375767,1,0,1,2,9.84,12.12,65,11.0014,2011,2,4,4,20
1.8494914839851704,1,0,1,1,14.76,17.425,23,12.998,2012,2,13,0,16
1.5555453730992024,3,0,0,2,25.42,30.305,69,8.9981,2012,8,19,6,7
1.6495606454510718,3,0,1,3,24.6,27.275,88,8.9981,2011,9,7,2,10
1.7389471062414084,2,0,1,2,22.14,25.76,77,15.0013,2011,5,2,0,10
0.9591348389208239,1,0,1,3,8.2,9.09,100,22.0028,2011,3,7,0,0
1.7254630513334037,4,0,0,2,14.76,17.425,93,8.9981,2012,12,8,5,1
1.8917875600189848,3,0,1,2,34.44,37.88,44,12.998,2012,8,8,2,15
1.9485628011601908,1,0,1,1,16.4,20.455,43,31.0009,2012,2,2,3,18
1.868819104784765,2,0,1,1,25.42,31.06,29,16.9979,2012,4,17,1,13
1.503300998004841,4,0,1,1,9.02,10.605,55,19.0012,2012,12,6,3,5
1.9338667840812656,2,0,1,1,27.88,31.06,22,23.9994,2012,4,17,1,16
0.9591348389208239,2,0,1,1,18.04,21.97,54,12.998,2011,5,10,1,3
1.9207388662156095,3,0,1,3,24.6,27.275,88,12.998,2012,9,18,1,17
1.8681746132307353,2,0,1,1,25.42,31.06,50,19.9995,2012,6,13,2,22
1.4660765372061442,4,0,1,2,11.48,12.88,52,22.0028,2012,11,7,2,5
1.742136743805324,1,0,1,1,9.02,9.85,29,30.0026,2011,2,15,1,9
1.783182776049518,4,0,1,1,12.3,15.15,36,8.9981,2011,11,18,4,11
1.8197772781208725,1,0,1,2,13.94,16.665,66,8.9981,2011,2,7,0,18
1.5957092304038698,1,0,1,3,9.02,11.365,75,11.0014,2012,1,9,0,14
1.607232291151654,3,0,1,1,29.52,35.605,84,7.0015,2012,7,17,1,0
1.5099182003836584,4,0,1,3,18.04,21.97,100,8.9981,2011,12,7,2,12
1.3105061862047918,1,0,0,1,13.12,17.425,76,0.0,2011,1,1,5,9
1.775845981748474,3,0,1,1,35.26,41.665,53,19.0012,2011,7,11,0,14
1.9752733740725503,3,0,0,1,27.06,31.06,36,16.9979,2012,9,9,6,19
1.579009137828587,4,1,0,1,11.48,12.88,45,22.0028,2011,11,11,4,6
1.9817942637290324,4,0,1,1,18.86,22.725,41,23.9994,2012,10,12,4,16
1.2711498482847257,1,0,1,1,8.2,8.335,40,30.0026,2011,2,3,3,0
1.4741440143630178,2,0,1,1,27.06,30.305,78,11.0014,2011,6,10,4,5
1.6684735252826461,4,0,0,1,10.66,13.635,65,8.9981,2011,12,10,5,8
1.3973634811730353,1,0,1,1,13.12,14.395,49,32.9975,2011,2,14,0,23
1.3973634811730353,4,0,1,1,11.48,12.88,52,22.0028,2011,12,1,3,0
0.9591348389208239,2,0,1,1,21.32,25.0,88,15.0013,2011,5,3,1,4
1.7236894193081456,1,0,1,2,13.12,14.395,76,23.9994,2011,3,9,2,13
1.7467966996992919,2,0,1,2,23.78,27.275,60,26.0027,2011,5,3,1,22
1.4087998161504007,2,0,1,1,19.68,23.485,67,19.0012,2011,6,15,2,5
1.2484412575662103,3,0,1,2,28.7,33.335,74,12.998,2012,7,16,0,1
1.8553017984487439,4,0,0,1,12.3,14.395,49,19.0012,2011,12,18,6,14
1.7323562465403226,3,0,0,2,29.52,34.09,70,11.0014,2011,9,4,6,23
1.8402825130491083,4,0,1,1,22.96,26.515,56,19.9995,2011,10,4,1,12
1.9334764565955942,2,0,0,1,27.06,31.06,36,8.9981,2011,6,4,5,11
1.1247482629090362,3,0,1,1,20.5,24.24,77,6.0032,2012,9,17,0,3
1.6920895459931111,4,0,0,1,9.02,10.605,44,15.0013,2011,12,10,5,21
1.3105061862047918,2,0,1,2,24.6,28.79,78,11.0014,2012,6,19,1,1
1.9369466978095553,3,0,0,1,33.62,36.365,36,7.0015,2011,7,9,5,18
1.223156202527103,3,0,1,2,21.32,25.0,72,7.0015,2011,9,19,0,1
1.6920895459931111,1,0,0,1,10.66,12.88,41,12.998,2012,3,10,5,23
1.1947055233182955,1,0,0,3,8.2,11.365,100,6.0032,2011,2,5,5,5
1.9113263030116563,2,0,0,3,30.34,34.09,58,7.0015,2011,6,19,6,14
1.026672031199051,1,0,1,1,6.56,7.575,55,16.9979,2012,1,3,1,4
1.8472468792313919,3,0,0,2,28.7,33.335,74,11.0014,2011,8,13,5,9
1.8402825130491083,2,0,1,1,25.42,31.06,41,15.0013,2011,5,9,0,15
1.9724497132493741,4,0,0,2,16.4,20.455,87,15.0013,2012,12,8,5,12
1.9099235639500813,2,0,1,2,29.52,34.85,79,8.9981,2011,6,9,3,7
1.8457296531480492,1,0,1,1,4.92,8.335,54,6.0032,2012,1,19,3,7
1.7306622908306295,4,0,0,2,14.76,18.18,93,6.0032,2012,12,8,5,0
1.8112342343546721,3,0,0,3,27.88,31.82,83,8.9981,2012,9,2,6,22
1.6495606454510718,1,0,1,1,13.94,15.15,34,19.9995,2011,2,16,2,11
1.6281310150671582,3,0,1,2,27.88,31.82,54,7.0015,2012,7,13,4,1
2.011002022036394,2,0,0,1,30.34,32.575,33,6.0032,2012,5,19,5,18
1.984669696731773,3,0,0,1,32.8,36.365,46,19.9995,2012,8,11,5,16
1.5916858743493758,1,0,1,3,13.94,16.665,87,12.998,2012,1,11,2,22
0.9591348389208239,2,0,1,3,10.66,12.88,100,11.0014,2011,4,1,4,1
1.8434216945775423,4,0,0,2,18.04,21.97,72,7.0015,2012,12,2,6,18
1.755698992678211,4,0,0,1,13.12,16.665,87,7.0015,2012,11,11,6,8
1.9730196976615502,3,0,1,2,34.44,12.12,32,30.0026,2012,8,17,4,16
1.934255909204192,3,0,0,1,29.52,34.09,70,15.0013,2011,9,3,5,17
1.7694345201285457,4,0,0,1,14.76,17.425,66,11.0014,2012,11,18,6,20
1.1247482629090362,4,0,1,2,10.66,12.88,70,11.0014,2012,11,15,3,2
2.0297313402277135,4,0,1,1,21.32,25.0,59,15.0013,2012,12,4,1,17
0.5265890341390445,1,0,1,1,10.66,15.15,65,0.0,2012,2,8,2,2
1.5504460211620947,3,0,1,2,28.7,33.335,79,19.9995,2012,9,5,2,5
1.8131782269605679,3,0,0,1,30.34,34.09,62,7.0015,2012,9,1,5,0
0.9591348389208239,3,0,1,1,24.6,28.03,83,6.0032,2011,9,2,4,4
1.7599564649868773,1,0,1,1,4.92,5.305,42,23.9994,2011,2,10,3,9
1.570002974208493,2,0,1,2,20.5,24.24,82,19.0012,2011,4,12,1,14
1.8700988387609099,3,0,1,1,30.34,35.605,74,8.9981,2011,7,19,1,21
1.9220287795310242,3,0,1,2,31.16,36.365,66,0.0,2012,8,8,2,9
1.6659050929776016,3,0,1,2,22.14,25.76,88,22.0028,2011,9,6,1,6
1.9941064445153531,3,0,1,1,35.26,37.88,36,16.9979,2011,7,7,3,17
1.7163798514467992,1,0,1,3,6.56,9.09,93,7.0015,2011,1,11,1,18
1.448822238365871,1,1,0,1,5.74,7.575,46,8.9981,2012,1,16,0,0
1.8885037407137346,4,0,1,2,15.58,19.695,94,11.0014,2011,11,10,3,7
1.780778386075876,3,0,1,1,33.62,39.395,56,22.0028,2011,7,18,0,14
1.6407200993500939,1,0,1,2,8.2,11.365,59,6.0032,2011,1,11,1,14
2.02225683376326,3,0,1,1,27.88,31.82,65,8.9981,2012,7,12,3,8
1.7163798514467992,1,0,1,1,7.38,12.12,86,0.0,2011,2,7,0,7
1.9509661221302974,4,0,0,1,18.04,21.97,67,8.9981,2012,12,2,6,15
1.0804178182729878,1,0,1,1,8.2,9.85,44,16.9979,2012,3,6,1,1
1.893931943123261,1,0,1,1,10.66,14.395,70,6.0032,2011,3,15,1,8
1.9793897742379851,2,0,0,1,26.24,31.06,41,16.9979,2012,6,3,6,11
1.7144962229206409,2,0,1,1,17.22,21.21,35,12.998,2012,4,12,3,23
1.8150956430032537,3,0,1,1,31.16,33.335,33,11.0014,2011,7,1,4,10
1.844195357303668,2,0,1,2,30.34,33.335,48,16.9979,2012,5,1,1,14
1.8524277618844993,4,0,1,2,14.76,17.425,71,11.0014,2012,12,7,4,14
1.7890235001604364,1,0,0,1,13.94,15.15,29,27.9993,2011,2,12,5,16
1.923305787045047,4,0,1,2,16.4,20.455,54,11.0014,2012,11,1,3,16
1.9730196976615502,3,0,0,1,28.7,31.82,45,11.0014,2012,8,18,5,19
1.6876424851132221,1,0,1,2,13.12,15.15,57,19.9995,2011,3,11,4,11
1.4087998161504007,2,0,1,1,24.6,31.06,56,15.0013,2012,6,14,3,1
1.9591887074930323,3,0,0,1,25.42,31.06,41,26.0027,2012,9,15,5,10
1.8102520538839093,4,0,1,1,12.3,15.91,56,6.0032,2011,12,12,0,20
1.5745651437258248,3,0,0,3,23.78,27.275,78,6.0032,2011,9,11,6,23
1.757131886054717,2,0,1,2,16.4,20.455,82,7.0015,2012,4,19,3,6
1.026672031199051,2,0,1,1,22.96,26.515,83,11.0014,2012,6,15,4,3
1.700619000072578,3,0,0,2,29.52,34.85,79,11.0014,2012,8,5,6,23
1.6783497616208911,1,0,1,1,13.12,14.395,36,27.9993,2011,3,7,0,14
1.9644832377931056,1,0,0,1,22.96,26.515,64,11.0014,2012,3,18,6,18
1.7855476541684288,3,0,1,1,32.8,34.85,29,0.0,2011,8,11,3,14
1.7855476541684288,4,0,1,1,13.12,15.15,49,19.0012,2012,11,5,0,10
1.9899759740157912,2,0,1,3,31.16,34.09,40,12.998,2011,6,17,4,17
1.9136307769773249,1,0,0,2,22.14,25.76,43,8.9981,2012,1,7,5,17
1.8092629643515203,4,0,1,2,14.76,17.425,81,12.998,2011,11,3,3,9
1.893931943123261,4,0,1,1,16.4,20.455,76,8.9981,2011,11,2,2,19
1.9172340894587216,2,0,1,1,27.88,31.82,41,12.998,2011,6,14,1,16
2.0180397367202874,4,0,1,2,14.76,18.94,56,7.0015,2012,11,1,3,8
1.6606403793348095,4,0,1,2,21.32,25.0,77,12.998,2011,10,18,1,23
1.5163019408528369,1,0,0,3,8.2,10.605,100,8.9981,2011,2,5,5,10
1.5875644833216505,4,0,0,1,13.94,18.18,81,0.0,2012,11,11,6,3
1.9270617593861936,3,0,1,1,31.16,36.365,66,11.0014,2012,8,9,3,9
1.026672031199051,4,0,1,2,17.22,21.21,82,11.0014,2011,11,17,3,1
1.327761429538331,1,0,0,1,5.74,6.06,46,19.9995,2011,1,9,6,22
1.6759380249901916,2,0,0,2,22.96,26.515,83,7.0015,2012,6,2,5,1
1.83126011355907,4,0,1,1,23.78,27.275,46,7.0015,2011,11,8,1,15
1.8662223006181342,2,0,1,1,26.24,30.305,69,12.998,2012,5,4,4,21
1.81792340526738,2,0,1,2,22.14,25.76,45,16.9979,2012,5,7,0,22
1.8649047698246697,4,0,0,1,14.76,18.94,40,0.0,2011,11,19,5,11
1.4087998161504007,4,0,1,2,12.3,15.91,65,6.0032,2012,11,16,4,1
1.9001616577562157,1,0,1,2,18.04,21.97,82,8.9981,2012,3,16,4,12
1.4818766360989102,1,0,0,1,6.56,9.85,43,6.0032,2012,1,15,6,23
1.5745651437258248,1,0,0,1,9.84,12.88,44,6.0032,2011,2,12,5,22
1.9772117130908506,2,0,1,1,26.24,29.545,78,7.0015,2012,6,11,0,7
1.7694345201285457,3,0,1,1,36.9,39.395,27,0.0,2011,8,1,0,15
1.934255909204192,3,0,1,1,32.8,37.12,49,7.0015,2011,8,9,1,19
1.8502315274246866,2,0,0,2,22.14,25.76,52,11.0014,2012,4,14,5,22
1.1947055233182955,3,0,1,2,27.06,31.06,65,6.0032,2012,7,12,3,2
1.583340520839692,1,0,1,1,13.12,16.665,49,7.0015,2011,3,14,0,22
2.0072122107985986,3,0,0,1,26.24,31.06,38,26.0027,2012,9,15,5,11
1.783182776049518,2,0,0,1,22.14,25.76,60,6.0032,2012,6,3,6,8
1.8516996259697707,3,0,1,1,32.8,34.85,26,0.0,2011,7,1,4,11
1.8225126721028055,2,0,1,1,20.5,24.24,27,32.9975,2012,4,9,0,10
1.7681175901689328,1,0,1,2,13.12,17.425,70,0.0,2011,2,7,0,19
1.8885037407137346,3,0,1,1,32.8,37.12,49,11.0014,2012,7,3,1,9
1.223156202527103,1,0,0,1,13.12,16.665,57,6.0032,2012,1,7,5,4
1.026672031199051,4,0,1,1,18.04,21.97,62,19.0012,2011,10,6,3,4
1.893931943123261,2,0,1,1,18.86,22.725,28,26.0027,2012,4,10,1,20
1.5916858743493758,1,0,1,2,9.84,12.88,85,7.0015,2011,3,9,2,6
1.8378799982871266,3,0,1,1,25.42,31.06,38,0.0,2012,9,11,1,10
1.0804178182729878,3,0,0,1,28.7,33.335,84,8.9981,2011,8,7,6,4
1.8629038905519502,2,0,0,2,17.22,21.21,88,8.9981,2011,4,10,6,12
1.6551961525056738,1,0,1,2,14.76,17.425,81,11.0014,2011,3,16,2,10
1.875710366758475,4,0,0,2,16.4,20.455,87,19.9995,2012,12,9,6,11
1.9543208505321603,3,0,1,1,33.62,34.85,17,0.0,2011,7,1,4,16
1.7306622908306295,1,0,0,2,13.94,16.665,93,12.998,2011,3,5,5,10
1.9089798563370792,4,0,1,1,21.32,25.0,68,12.998,2012,12,4,1,12
1.832105201899316,2,0,1,1,27.06,31.06,57,6.0032,2011,6,6,0,21
1.7890235001604364,2,0,1,2,29.52,33.335,54,23.9994,2011,4,11,0,14
1.898117976801967,3,0,1,1,30.34,34.85,70,16.9979,2012,9,5,2,9
1.9172340894587216,1,0,1,2,17.22,21.21,71,11.0014,2012,1,12,3,19
1.6783497616208911,1,0,1,1,10.66,13.635,70,7.0015,2012,2,3,4,23
1.3852268599316875,1,0,1,1,4.92,6.06,55,16.9979,2012,1,19,3,5
1.9158946735023363,3,0,1,2,28.7,33.335,74,8.9981,2012,8,7,1,9
1.603478573504849,1,0,1,2,8.2,12.88,86,0.0,2011,2,1,1,13
1.8082668738615209,4,0,1,1,13.94,17.425,71,7.0015,2012,11,9,4,22
1.7306622908306295,2,0,1,2,17.22,21.21,82,19.0012,2011,4,12,1,20
1.583340520839692,2,0,0,2,25.42,30.305,65,11.0014,2011,6,5,6,3
2.047077989798873,3,0,1,1,31.98,34.85,40,11.0014,2012,7,9,0,17
1.6109034750189168,2,0,1,3,23.78,27.275,60,0.0,2011,4,11,0,23
0.9591348389208239,1,0,1,1,19.68,23.485,72,12.998,2012,3,14,2,3
1.358504720646626,2,0,1,2,21.32,25.0,72,6.0032,2012,5,1,1,5
1.8031780619573843,1,0,1,1,4.92,8.335,68,0.0,2011,1,14,4,8
1.847999202156157,3,0,1,1,31.98,34.09,33,15.0013,2012,7,12,3,14
1.947168383637879,4,0,1,1,13.94,17.425,39,7.0015,2012,12,13,3,16
0.5265890341390445,1,0,0,2,16.4,20.455,76,12.998,2011,1,2,6,7
1.791294740218941,4,0,1,2,24.6,31.06,49,7.0015,2011,10,18,1,11
1.4087998161504007,2,0,0,1,9.84,12.12,75,8.9981,2011,4,2,5,2
1.977759899174307,2,0,1,2,17.22,21.21,77,0.0,2012,4,18,2,18
1.949941799623649,3,0,1,2,29.52,33.335,51,0.0,2012,7,13,4,9
1.0804178182729878,1,0,1,1,13.94,15.91,53,19.0012,2012,3,2,4,2
1.8131782269605679,2,0,1,1,22.96,26.515,52,19.0012,2012,6,4,0,22
1.6144954397020792,4,0,1,2,22.96,26.515,88,15.0013,2011,10,12,2,16
1.947168383637879,3,0,1,1,27.06,30.305,78,15.0013,2012,9,6,3,20
1.8828416375415338,3,0,1,1,30.34,34.85,70,12.998,2012,8,2,3,22
0.9591348389208239,4,0,1,2,14.76,17.425,81,11.0014,2011,11,1,1,2
1.637662762520353,4,0,1,2,18.86,22.725,88,8.9981,2011,12,5,0,23
1.3437034446606386,3,0,0,1,26.24,30.305,65,11.0014,2012,8,12,6,6
1.9189984754722385,2,0,0,2,32.8,36.365,46,19.0012,2011,6,18,5,14
1.026672031199051,3,0,1,1,27.88,31.82,82,8.9981,2012,9,4,1,2
1.9051345487873121,2,0,1,3,23.78,27.275,88,8.9981,2012,5,14,0,19
1.3437034446606386,1,0,0,1,9.84,14.395,81,0.0,2011,1,1,5,0
1.026672031199051,2,0,1,1,18.04,21.97,24,12.998,2012,4,9,0,4
1.8304098214920528,3,0,0,1,27.06,31.06,57,6.0032,2012,8,19,6,0
0.8697416861919438,2,0,1,1,20.5,24.24,63,15.0013,2011,5,11,2,3
1.570002974208493,1,0,0,1,16.4,20.455,50,27.9993,2011,3,13,6,9
2.011622006123561,4,0,1,2,12.3,14.395,49,15.0013,2012,11,5,0,8
1.9016736242907473,2,0,1,1,22.96,26.515,26,19.9995,2012,4,17,1,21
1.8642411184013048,2,0,1,1,26.24,29.545,78,7.0015,2011,6,17,4,20
1.2711498482847257,3,0,1,1,27.06,30.305,83,16.9979,2012,8,3,4,4
1.875710366758475,1,0,1,2,22.14,25.76,32,16.9979,2012,3,12,0,13
1.5996388013001026,1,0,0,1,10.66,15.15,41,0.0,2011,2,12,5,21
1.7640939343176614,4,0,1,2,13.12,15.91,61,11.0014,2012,11,15,3,23
1.4818766360989102,2,0,1,1,22.14,25.76,64,26.0027,2011,6,13,0,5
1.6684735252826461,4,0,1,1,20.5,24.24,77,7.0015,2011,10,5,2,23
1.5745651437258248,2,0,1,1,21.32,25.0,23,27.9993,2012,4,5,3,0
1.8750984179960517,1,0,1,2,9.84,12.12,87,8.9981,2011,3,9,2,8
1.7254630513334037,2,0,0,2,21.32,25.0,94,6.0032,2011,5,14,5,9
1.9228815367921321,1,0,1,1,19.68,23.485,23,27.9993,2012,3,9,4,16
1.7878742218230284,4,0,1,1,22.14,25.76,49,0.0,2011,10,6,3,11
1.7467966996992919,4,0,1,1,13.94,17.425,66,7.0015,2012,11,19,0,22
1.9604550845697712,1,0,1,1,14.76,16.665,34,19.0012,2012,3,6,1,17
1.7437063358613225,1,0,1,1,8.2,9.85,51,12.998,2012,1,19,3,12
1.9065899701401223,4,0,1,1,13.12,15.91,39,12.998,2011,11,17,3,18
1.942889271495996,4,0,0,2,14.76,15.91,46,31.0009,2012,11,3,5,12
1.797899348601363,4,0,1,2,13.12,16.665,66,8.9981,2012,11,15,3,10
2.0180397367202874,2,0,1,2,24.6,31.06,53,23.9994,2012,5,7,0,18
1.8502315274246866,2,0,1,1,28.7,31.82,28,19.0012,2011,6,3,4,15
1.4741440143630178,2,0,0,1,14.76,16.665,32,16.9979,2012,4,7,5,3
1.9755521762697152,3,0,1,2,27.06,30.305,83,7.0015,2012,7,11,2,7
1.8726220769889215,4,0,1,1,15.58,19.695,29,31.0009,2012,11,8,3,20
1.8574179522647456,1,0,1,1,16.4,20.455,40,15.0013,2011,2,16,2,18
1.223156202527103,4,0,0,1,15.58,19.695,66,11.0014,2011,10,16,6,6
1.9446900546295833,1,0,1,1,13.94,16.665,34,8.9981,2012,2,9,3,17
1.8857031067251113,2,0,1,1,21.32,25.0,55,7.0015,2012,4,19,3,21
1.7236894193081456,1,0,1,1,4.1,3.79,50,27.9993,2011,2,10,3,7
1.8649047698246697,1,0,1,1,13.94,15.15,29,23.9994,2011,3,7,0,17
1.4741440143630178,2,0,0,1,14.76,18.94,37,0.0,2012,4,8,6,6
1.8781303494314965,4,0,1,2,15.58,19.695,50,15.0013,2012,12,11,1,13
0.5265890341390445,1,0,1,2,8.2,9.85,47,12.998,2011,2,16,2,3
1.8885037407137346,3,0,1,1,26.24,28.79,89,11.0014,2012,9,6,3,21
1.8464903775306214,4,0,1,1,13.12,15.91,53,12.998,2012,12,11,1,21
1.8234126545313947,2,0,1,1,26.24,30.305,65,27.9993,2012,6,14,3,10
1.9546513926697417,2,0,1,1,23.78,27.275,49,19.0012,2011,4,18,0,17
1.863574168980396,1,0,1,1,13.12,15.15,61,22.0028,2012,2,15,2,9
1.63454690370149,1,0,1,1,13.12,15.15,49,16.9979,2012,2,2,3,23
1.1247482629090362,3,0,1,1,20.5,24.24,77,6.0032,2012,9,12,2,3
1.2711498482847257,3,0,1,1,22.96,26.515,88,0.0,2011,9,12,0,1
0.9591348389208239,2,0,0,2,14.76,18.18,93,6.0032,2011,4,10,6,6
1.752790725901759,4,0,1,1,13.12,16.665,45,8.9981,2011,12,8,3,15
1.8000344713048928,2,0,1,1,37.72,43.94,40,16.9979,2011,6,8,2,14
1.9874782861614542,2,0,0,2,29.52,32.575,37,7.0015,2012,6,16,5,16
1.2484412575662103,4,0,1,2,22.14,25.76,77,7.0015,2012,10,2,1,1
1.6659050929776016,2,0,1,1,19.68,23.485,94,0.0,2011,5,19,3,23
1.8516996259697707,4,0,1,1,18.86,22.725,41,19.0012,2012,12,5,2,13
1.7901636276798083,4,0,1,2,22.96,26.515,88,15.0013,2012,10,15,0,13
1.6524030880939045,1,0,1,3,16.4,20.455,54,11.0014,2012,2,1,2,6
1.9475184513869421,1,0,1,1,14.76,17.425,23,12.998,2012,2,13,0,17
1.9653943859068015,3,0,0,2,34.44,39.395,49,11.0014,2012,9,1,5,16
1.9228815367921321,2,0,0,1,20.5,24.24,34,26.0027,2011,4,17,6,13
1.8072636887169242,2,1,0,1,22.14,25.76,52,30.0026,2011,4,15,4,15
1.9516443500946277,4,0,1,1,26.24,31.06,44,0.0,2011,10,7,4,16
1.9978680511276934,2,0,1,3,16.4,20.455,43,27.9993,2012,4,11,2,18
1.9103928415548865,3,0,1,2,20.5,24.24,55,11.0014,2011,9,16,4,19
1.5397794579522743,1,0,1,1,6.56,6.82,47,19.9995,2012,1,18,2,23
1.8662223006181342,4,0,1,1,16.4,20.455,24,32.9975,2012,11,8,3,12
1.965696607064784,3,0,0,2,33.62,38.635,52,0.0,2012,9,1,5,17
1.9758303417089067,1,0,0,1,21.32,25.0,27,19.9995,2012,3,11,6,17
1.8862680216940895,4,0,1,1,14.76,16.665,50,16.9979,2012,12,18,1,20
1.9978680511276934,3,0,0,1,27.06,31.06,47,16.9979,2012,9,9,6,11
2.038239717383271,2,0,1,1,31.16,33.335,29,12.998,2012,6,8,4,17
1.8509675611842284,4,0,1,1,17.22,21.21,50,12.998,2012,12,19,2,13
1.1947055233182955,2,0,1,1,13.94,18.18,76,0.0,2011,4,14,3,4
0.8697416861919438,2,0,1,1,28.7,33.335,79,11.0014,2011,6,1,2,2
1.3105061862047918,3,0,1,1,28.7,33.335,84,6.0032,2012,8,9,3,2
0.7412763113750153,1,0,1,1,5.74,9.09,63,6.0032,2011,1,4,1,4
1.9506256168552831,2,0,1,1,30.34,32.575,37,16.9979,2012,6,8,4,13
1.949941799623649,3,0,1,3,28.7,33.335,74,15.0013,2012,7,10,1,19
1.956291014386414,4,0,1,1,13.12,15.15,53,15.0013,2012,12,11,1,19
1.5451936315479267,2,0,0,2,21.32,25.0,100,0.0,2011,5,15,6,0
0.5265890341390445,2,0,1,1,13.12,16.665,66,6.0032,2012,4,3,1,4
1.1247482629090362,1,0,1,1,9.84,12.88,87,6.0032,2012,1,11,2,1
1.5284269505599697,3,1,0,1,27.06,30.305,83,8.9981,2011,7,4,0,7
1.7067206012930416,1,0,0,1,4.92,6.82,54,12.998,2012,1,15,6,9
1.6579414149579819,1,0,1,3,9.02,11.365,75,11.0014,2012,1,9,0,15
1.780778386075876,4,0,1,2,16.4,20.455,82,0.0,2011,10,3,0,21
0.7412763113750153,1,0,0,1,4.1,3.79,49,26.0027,2012,2,12,6,6
0.9591348389208239,2,0,1,2,25.42,29.545,73,6.0032,2012,6,1,4,3
1.5957092304038698,3,0,1,1,27.06,30.305,78,7.0015,2012,7,16,0,5
1.92030598439472,2,0,1,1,23.78,27.275,68,0.0,2012,6,7,3,9
1.327761429538331,2,1,0,1,18.04,21.97,62,0.0,2011,4,15,4,1
1.9715897178889294,3,0,0,1,29.52,33.335,51,19.9995,2011,9,11,6,16
1.5163019408528369,1,0,1,2,8.2,12.88,69,0.0,2011,1,7,4,6
1.9295054724772276,4,0,1,3,24.6,29.545,69,26.0027,2012,10,15,0,9
1.6710010327416251,2,0,0,1,22.96,26.515,56,6.0032,2012,6,17,6,2
1.5397794579522743,2,0,1,1,22.14,25.76,32,11.0014,2012,4,18,2,0
2.0132595398987774,2,0,1,1,20.5,24.24,27,26.0027,2012,4,12,3,17
1.223156202527103,1,0,0,1,9.84,12.12,70,11.0014,2012,3,11,6,6
1.8122095959040794,1,0,0,2,12.3,13.635,49,22.0028,2012,2,19,6,18
1.6684735252826461,4,0,0,1,17.22,21.21,94,6.0032,2011,10,8,5,7
1.4576463830228739,2,0,0,1,17.22,21.21,26,8.9981,2012,4,8,6,3
2.0144729267566395,2,0,0,1,28.7,31.82,34,19.9995,2012,6,3,6,16
1.7254630513334037,1,0,0,1,20.5,24.24,77,7.0015,2012,3,18,6,22
1.9258220450052628,2,0,1,1,27.06,31.06,34,8.9981,2012,5,18,4,14
1.9270617593861936,3,0,1,1,31.98,34.85,46,8.9981,2012,7,6,4,7
1.583340520839692,1,0,1,1,12.3,15.91,65,6.0032,2011,2,7,0,11
1.223156202527103,1,0,0,1,14.76,17.425,62,12.998,2011,3,13,6,7
1.9384588842298294,3,0,0,1,34.44,37.12,39,8.9981,2012,7,1,6,19
1.4576463830228739,2,0,1,1,19.68,23.485,94,0.0,2011,5,19,3,5
1.1622831138840004,4,0,1,2,15.58,19.695,87,11.0014,2011,11,4,4,3
1.6466671712706678,4,0,0,1,17.22,21.21,54,8.9981,2011,10,16,6,2
1.8160445966634724,3,0,1,1,34.44,38.635,41,0.0,2011,7,7,3,12
1.9980992676206404,2,0,1,1,28.7,31.82,37,23.9994,2011,6,13,0,18
1.844195357303668,4,0,1,1,15.58,19.695,46,19.9995,2012,11,2,4,10
1.992422841227893,1,0,1,2,16.4,20.455,87,15.0013,2012,3,16,4,8
1.0804178182729878,2,0,1,2,29.52,34.85,79,6.0032,2011,6,9,3,4
1.2484412575662103,4,0,0,1,16.4,20.455,82,12.998,2012,10,14,6,5
1.6783497616208911,3,0,1,1,27.06,31.06,65,8.9981,2011,8,16,1,23
1.9744331191949223,4,0,1,1,17.22,21.21,41,15.0013,2012,10,12,4,19
1.8862680216940895,2,0,1,2,26.24,31.06,44,19.0012,2012,4,4,2,15
1.8449646614985311,4,0,1,2,18.86,22.725,82,7.0015,2011,12,5,0,20
0.7412763113750153,1,0,1,1,9.02,11.365,80,8.9981,2012,2,9,3,2
1.9464652902368638,4,0,1,1,13.12,17.425,93,0.0,2011,12,5,0,8
1.6632944814375767,2,0,0,2,21.32,25.0,94,27.9993,2011,4,16,5,19
1.448822238365871,1,0,1,2,12.3,16.665,81,0.0,2011,2,7,0,23
1.8907020599217577,3,0,0,1,36.9,40.91,37,11.0014,2012,7,7,5,20
1.9154450757061625,2,0,1,2,34.44,37.12,39,22.0028,2011,6,9,3,19
1.8052356503890232,2,0,0,1,14.76,17.425,71,8.9981,2012,4,14,5,8
1.7613486395430595,3,0,1,1,33.62,38.635,52,11.0014,2011,7,12,1,10
1.9099235639500813,2,0,1,2,25.42,30.305,69,8.9981,2011,5,2,0,19
1.1247482629090362,4,0,0,1,17.22,21.21,54,11.0014,2011,10,16,6,5
1.503300998004841,2,0,0,1,18.86,22.725,88,23.9994,2011,4,10,6,23
1.4818766360989102,1,0,1,3,13.94,15.91,87,15.0013,2012,1,11,2,21
1.9414297785949048,2,0,0,1,24.6,31.06,49,8.9981,2011,5,8,6,13
1.992422841227893,3,0,0,1,32.8,36.365,46,19.0012,2012,8,11,5,15
1.6248263889219656,3,0,1,3,25.42,27.275,94,7.0015,2011,9,7,2,15
1.5284269505599697,3,0,1,1,26.24,30.305,69,7.0015,2012,8,13,0,5
1.898117976801967,2,0,0,2,26.24,31.06,50,15.0013,2012,6,16,5,21
1.9099235639500813,2,0,1,2,21.32,25.0,88,19.0012,2011,4,11,0,8
1.6710010327416251,2,0,0,2,22.14,25.76,56,7.0015,2012,4,15,6,2
1.9338667840812656,2,0,1,1,27.88,31.82,57,11.0014,2012,5,3,3,16
1.8713664243280277,3,0,1,1,27.06,31.06,54,7.0015,2011,7,1,4,7
1.9492542075910286,2,0,1,1,19.68,23.485,23,19.9995,2012,4,6,4,19
1.7047134862451474,4,0,0,1,19.68,23.485,41,26.0027,2011,11,13,6,22
0.8697416861919438,2,0,1,1,18.04,21.97,58,6.0032,2012,4,4,2,3
1.9446900546295833,2,0,0,1,25.42,31.06,35,19.0012,2012,6,2,5,20
1.8896075013631948,3,0,1,1,29.52,32.575,39,8.9981,2012,9,13,3,14
2.013867796218486,2,0,0,1,26.24,31.06,36,12.998,2012,5,12,5,13
1.780778386075876,1,0,1,2,11.48,12.88,65,19.0012,2012,2,8,2,12
1.9291014406875389,2,1,0,1,32.8,34.85,33,31.0009,2012,4,16,0,16
1.883418917934741,2,0,1,2,25.42,30.305,65,22.0028,2012,5,8,1,12
1.0804178182729878,1,0,0,2,16.4,20.455,94,7.0015,2012,3,18,6,5
1.934255909204192,4,1,0,2,16.4,20.455,71,16.9979,2012,10,8,0,19
1.8021379316915813,3,0,1,1,25.42,12.12,78,8.9981,2012,8,17,4,6
1.1247482629090362,2,0,0,1,25.42,28.79,83,0.0,2011,6,18,5,5
1.8928641420201489,2,0,1,1,22.14,25.76,28,47.9988,2012,4,9,0,12
1.9270617593861936,1,0,1,3,13.94,16.665,87,8.9981,2012,2,16,3,18
0.9591348389208239,2,0,1,3,22.14,25.76,94,16.9979,2011,5,17,1,4
1.5284269505599697,3,0,1,2,27.88,31.82,89,12.998,2012,8,14,1,5
1.6985302777514544,1,0,1,2,24.6,31.06,53,15.0013,2011,3,18,4,23
1.5163019408528369,2,0,1,2,21.32,25.0,77,8.9981,2012,5,7,0,0
1.881679452127038,4,0,1,1,17.22,21.21,62,8.9981,2012,10,11,3,21
1.8960417361485307,2,0,1,1,20.5,24.24,29,8.9981,2012,4,13,4,20
1.9575872640248104,3,0,0,1,33.62,39.395,56,27.9993,2012,8,5,6,11
1.797899348601363,2,0,1,2,25.42,30.305,65,16.9979,2012,5,9,2,10
1.9607696594246842,4,0,0,1,17.22,21.21,47,0.0,2012,12,15,5,15
1.8260781474077188,4,0,0,2,13.94,16.665,71,8.9981,2011,11,19,5,19
1.8928641420201489,3,0,1,1,27.06,31.06,61,15.0013,2011,9,1,3,20
1.6659050929776016,2,0,1,1,16.4,20.455,82,22.0028,2011,5,4,2,11
1.6551961525056738,3,0,1,2,22.96,26.515,73,12.998,2011,9,19,0,23
1.934255909204192,3,0,1,1,30.34,32.575,35,12.998,2011,8,11,3,19
1.9921803857562759,4,0,1,2,13.12,15.15,53,15.0013,2012,12,12,2,17
1.8851357588170432,2,0,0,2,20.5,24.24,72,0.0,2011,5,1,6,15
2.0188178593196615,2,0,1,2,18.04,21.97,72,7.0015,2012,4,4,2,8
1.9291014406875389,2,0,1,2,22.14,25.76,88,12.998,2012,5,2,2,7
1.7720331658588133,2,0,0,1,27.06,30.305,78,6.0032,2011,6,18,5,8
1.6876424851132221,4,0,0,1,9.02,11.365,64,11.0014,2011,12,18,6,9
1.223156202527103,2,0,1,1,21.32,25.0,59,0.0,2011,5,11,2,2
1.965696607064784,1,0,1,1,18.86,22.725,63,30.0026,2012,1,17,1,18
1.8269553882413483,2,0,1,3,23.78,27.275,64,16.9979,2011,5,19,3,13
1.8642411184013048,2,0,1,2,24.6,29.545,73,7.0015,2011,5,2,0,21
1.7968196318819551,1,0,1,3,9.02,13.635,87,0.0,2012,1,9,0,17
0.8697416861919438,3,0,0,1,26.24,28.79,84,15.0013,2011,9,4,6,6
1.9108604173712915,3,0,1,1,26.24,31.06,33,0.0,2012,9,11,1,12
1.8726220769889215,4,0,1,1,12.3,16.665,39,0.0,2012,12,6,3,13
1.4196068415100236,2,0,1,1,24.6,31.06,38,23.9994,2011,6,3,4,1
1.9350305802211858,3,0,1,1,29.52,33.335,48,15.0013,2012,7,12,3,21
1.2917246727283112,1,0,1,1,13.12,16.665,76,7.0015,2011,3,17,3,5
2.0126481270406473,2,0,1,1,24.6,29.545,69,11.0014,2012,6,15,4,8
2.0281312075698517,1,0,1,1,28.7,31.82,34,19.9995,2012,3,13,1,18
1.8879483638033878,1,0,0,1,22.96,26.515,64,12.998,2012,3,17,5,20
1.8629038905519502,2,0,0,2,27.06,31.06,50,19.0012,2012,5,13,6,20
1.865565153838859,3,0,1,1,32.8,39.395,63,11.0014,2012,9,5,2,13
1.372306733580753,4,0,1,1,18.04,21.97,77,6.0032,2012,10,1,0,1
1.7236894193081456,4,0,0,1,18.04,21.97,62,12.998,2011,10,16,6,8
1.9311088435575234,2,0,0,2,30.34,33.335,51,0.0,2011,6,19,6,13
1.448822238365871,3,0,1,1,30.34,34.85,66,6.0032,2012,7,19,3,1
1.2484412575662103,1,0,0,2,16.4,20.455,94,7.0015,2012,3,18,6,6
1.8434216945775423,3,0,1,1,30.34,34.85,67,15.0013,2011,7,18,0,9
1.867527001142399,4,0,1,1,17.22,21.21,50,19.0012,2012,12,19,2,15
1.8781303494314965,4,0,0,1,13.94,16.665,81,11.0014,2011,12,4,6,11
1.2711498482847257,4,0,0,1,12.3,15.15,87,8.9981,2012,11,11,6,5
1.9228815367921321,2,0,1,1,21.32,25.0,52,19.0012,2011,4,7,3,17
1.570002974208493,4,1,0,1,18.04,21.97,94,0.0,2011,10,10,0,6
1.8839936846137324,1,0,1,1,21.32,25.0,52,11.0014,2012,2,1,2,20
1.4576463830228739,1,0,1,2,9.84,12.12,87,11.0014,2012,2,9,3,0
1.9943450405522716,3,0,1,1,31.16,34.09,45,15.0013,2011,8,16,1,18
1.0804178182729878,3,0,1,1,25.42,31.06,57,0.0,2011,7,1,4,4
1.2484412575662103,2,0,1,1,13.94,16.665,49,12.998,2012,4,13,4,2
1.8062533133730014,4,0,1,1,13.12,15.15,31,22.0028,2012,11,8,3,10
1.9495984779180693,3,0,0,1,37.72,40.15,26,19.9995,2012,7,1,6,17
1.8970839874548464,3,0,1,2,33.62,37.88,46,16.9979,2011,8,2,1,20
1.026672031199051,3,0,1,3,24.6,25.76,94,12.998,2012,9,18,1,1
1.3973634811730353,1,0,1,1,5.74,7.575,69,8.9981,2011,1,3,0,22
1.7373263784001205,3,0,1,1,25.42,28.79,83,8.9981,2011,8,19,4,21
1.579009137828587,1,0,0,2,5.74,5.305,39,26.0027,2012,2,11,5,22
1.7935304491330344,3,0,1,1,32.8,38.635,59,15.0013,2011,8,9,1,11
1.9380825371667785,3,0,1,2,28.7,32.575,61,8.9981,2011,9,2,4,16
1.8732454942989716,2,0,1,1,22.96,26.515,49,23.9994,2011,5,6,4,12
1.1622831138840004,4,0,1,2,13.94,15.91,76,19.0012,2012,12,11,1,4
1.9919374395287388,3,0,0,1,27.06,31.06,36,16.9979,2012,9,9,6,18
1.8225126721028055,3,0,1,1,30.34,34.09,58,19.0012,2011,8,15,0,12
0.9591348389208239,2,0,1,1,18.86,22.725,94,19.0012,2011,4,11,0,1
1.6759380249901916,1,0,0,2,15.58,19.695,34,12.998,2012,3,4,6,1
0.7412763113750153,1,0,1,1,18.04,21.97,72,19.0012,2012,3,8,3,4
2.0309608214217407,3,0,1,1,22.14,25.76,68,6.0032,2012,9,11,1,8
1.8021379316915813,1,0,0,1,9.84,12.12,81,8.9981,2012,2,4,5,9
1.844195357303668,4,0,1,1,16.4,20.455,71,0.0,2011,11,7,0,20
1.570002974208493,1,0,1,1,8.2,9.09,47,22.0028,2011,1,12,2,14
1.6807250824647135,1,1,0,1,4.1,6.06,58,11.0014,2012,1,16,0,8
1.8763195102948889,4,0,1,3,22.14,25.76,94,15.0013,2011,10,12,2,17
1.700619000072578,4,0,1,2,14.76,18.18,87,6.0032,2011,12,5,0,10
1.945047123513961,4,0,1,1,18.04,21.97,77,15.0013,2011,10,4,1,8
1.2484412575662103,3,0,1,1,29.52,33.335,54,11.0014,2011,8,10,2,2
1.8965639023210192,4,0,0,2,16.4,20.455,87,8.9981,2012,12,8,5,10
1.6109034750189168,4,0,0,1,9.84,12.12,60,8.9981,2011,11,12,5,1
0.7412763113750153,1,0,1,1,7.38,8.335,43,16.9979,2011,2,3,3,2
1.9384588842298294,4,0,1,1,13.94,15.91,42,15.0013,2011,12,13,1,18
1.932298189261516,2,0,1,1,30.34,32.575,23,40.9973,2011,4,4,0,17
1.0804178182729878,2,0,1,2,25.42,29.545,73,6.0032,2012,6,1,4,4
1.1247482629090362,1,0,1,1,18.04,21.97,72,19.0012,2011,2,18,4,2
1.783182776049518,3,0,0,1,19.68,23.485,67,16.9979,2011,9,18,6,9
1.6710010327416251,2,0,1,3,24.6,28.79,78,12.998,2012,6,18,0,23
1.6807250824647135,1,0,1,1,18.04,21.97,54,22.0028,2011,3,17,3,10
1.9026719155555414,2,0,1,1,23.78,27.275,40,7.0015,2012,5,17,3,21
1.696412959743625,1,0,1,1,13.94,16.665,19,11.0014,2011,2,15,1,15
1.448822238365871,4,0,1,1,12.3,15.91,87,7.0015,2011,12,5,0,5
1.6985302777514544,1,0,1,2,9.84,12.12,48,11.0014,2011,2,4,4,12
1.7867156538126496,4,0,1,1,13.94,17.425,81,6.0032,2012,10,12,4,6
1.7200786095266942,3,0,1,1,35.26,37.88,36,11.0014,2011,8,1,0,10
1.9011715868708958,2,0,0,2,30.34,34.09,58,6.0032,2011,6,19,6,18
1.9056215095903026,4,0,0,1,15.58,19.695,46,0.0,2011,12,3,5,16
1.1947055233182955,4,0,1,1,8.2,12.88,69,0.0,2011,12,12,0,1
2.015274957487226,2,0,1,2,22.96,26.515,88,0.0,2012,5,2,2,8
1.870734136494135,3,0,1,2,30.34,34.09,55,16.9979,2012,7,9,0,14
1.579009137828587,2,0,1,1,13.12,15.15,49,19.9995,2011,4,5,1,22
1.5224670302876946,4,0,0,1,8.2,12.88,69,0.0,2011,12,11,6,23
1.6407200993500939,1,0,1,1,10.66,15.15,56,0.0,2011,3,1,1,21
0.8697416861919438,1,0,1,1,8.2,12.88,80,0.0,2011,2,7,0,2
1.4741440143630178,2,0,1,3,13.94,15.15,81,26.0027,2011,4,5,1,10
0.5265890341390445,1,0,1,1,10.66,14.395,65,6.0032,2011,3,14,0,1
1.873866006687491,4,0,1,1,18.86,22.725,47,30.0026,2012,12,18,1,14
1.894462592869453,3,0,1,1,28.7,31.82,42,0.0,2012,9,13,3,13
1.026672031199051,4,0,1,1,9.02,11.365,44,11.0014,2011,11,18,4,4
1.81792340526738,4,0,1,2,14.76,16.665,53,23.9994,2012,12,11,1,11
1.3105061862047918,1,0,0,2,13.94,16.665,46,12.998,2012,3,4,6,4
1.9406936156614254,1,0,1,2,8.2,12.88,75,0.0,2012,1,5,3,8
1.8896075013631948,1,0,0,1,12.3,13.635,33,22.0028,2012,3,10,5,11
1.8197772781208725,4,1,0,1,22.96,26.515,88,6.0032,2011,10,10,0,21
1.8337800047354695,1,0,1,2,13.12,16.665,45,8.9981,2012,2,10,4,15
1.7720331658588133,2,0,0,2,25.42,30.305,61,11.0014,2012,5,13,6,22
1.8216068302034107,1,0,1,1,10.66,12.88,60,15.0013,2012,1,13,4,7
1.372306733580753,4,0,1,1,12.3,15.91,87,6.0032,2011,11,8,1,5
1.938834108912874,3,0,1,1,35.26,12.12,30,31.0009,2012,8,17,4,15
1.3973634811730353,1,0,1,2,9.02,13.635,93,0.0,2011,1,18,1,23
1.8896075013631948,3,0,1,1,31.16,33.335,37,6.0032,2012,8,16,3,11
1.8799167926221376,4,0,1,1,18.04,21.97,54,12.998,2012,11,19,0,15
1.9113263030116563,4,0,1,1,11.48,14.395,75,7.0015,2012,12,19,2,9
2.0074259711743165,2,0,0,1,28.7,31.82,39,19.0012,2012,4,15,6,14
1.8839936846137324,1,0,1,1,28.7,31.82,39,15.0013,2012,3,13,1,15
1.9752733740725503,3,0,1,1,32.8,37.88,55,11.0014,2011,7,5,1,18
1.2917246727283112,2,0,0,1,27.88,31.82,79,6.0032,2011,6,11,5,4
1.8907020599217577,2,0,0,1,24.6,30.305,64,12.998,2012,5,6,6,20
1.1247482629090362,3,0,1,1,29.52,34.09,62,0.0,2012,7,17,1,4
1.7437063358613225,2,0,1,3,25.42,30.305,69,19.0012,2012,5,14,0,16
1.5745651437258248,1,0,1,1,8.2,12.88,59,0.0,2011,3,8,1,6
1.856716243803005,1,0,0,2,10.66,12.88,81,11.0014,2012,2,11,5,12
1.801090104041353,4,0,0,1,14.76,17.425,62,12.998,2012,12,15,5,22
1.9245701304885587,2,0,0,1,22.96,26.515,43,0.0,2011,5,7,5,11
0.8697416861919438,3,0,1,2,25.42,27.275,94,6.0032,2011,9,8,3,4
1.026672031199051,1,0,1,1,9.02,9.85,44,23.9994,2011,1,3,0,0
1.9207388662156095,3,0,1,2,26.24,30.305,65,16.9979,2012,9,17,0,15
1.327761429538331,2,0,1,2,24.6,28.79,78,8.9981,2012,6,19,1,2
1.026672031199051,1,0,1,1,9.02,13.635,75,0.0,2011,2,7,0,1
2.003518051589582,2,0,1,1,20.5,24.24,27,26.0027,2012,4,12,3,18
1.913173172035371,3,0,1,3,28.7,33.335,84,0.0,2011,8,3,2,19
1.9026719155555414,1,0,0,1,14.76,15.91,29,32.9975,2012,3,4,6,16
0.9591348389208239,1,0,1,1,9.02,11.365,69,12.998,2011,3,2,2,1
1.742136743805324,1,0,1,1,8.2,12.88,47,0.0,2011,1,3,0,19
1.7067206012930416,1,0,1,1,9.02,12.12,41,7.0015,2011,1,14,4,16
1.777094949793928,1,0,0,1,12.3,13.635,39,27.9993,2011,2,12,5,13
1.6632944814375767,1,0,1,2,12.3,14.395,33,12.998,2011,3,8,1,10
1.8896075013631948,3,0,1,1,32.8,37.88,55,27.9993,2012,9,4,1,14
1.797899348601363,3,1,0,1,28.7,32.575,61,7.0015,2012,7,4,2,8
1.358504720646626,2,0,0,2,13.12,15.15,87,15.0013,2011,4,9,5,2
1.4196068415100236,1,0,1,1,13.12,17.425,57,0.0,2012,2,15,2,0
1.4087998161504007,1,0,1,2,13.12,15.91,87,11.0014,2011,3,15,1,22
1.6180113091810355,1,0,0,2,9.84,11.365,56,12.998,2012,2,19,6,8
1.5996388013001026,4,0,0,2,17.22,21.21,82,8.9981,2012,12,2,6,23
1.4660765372061442,4,0,1,2,15.58,19.695,94,7.0015,2012,12,10,0,5
2.0261451097704404,2,0,1,2,24.6,29.545,73,12.998,2012,6,18,0,17
1.777094949793928,2,0,1,1,17.22,21.21,50,16.9979,2012,5,11,4,6
1.3973634811730353,2,0,0,2,12.3,15.15,87,8.9981,2011,4,9,5,1
1.8933991317302272,2,0,0,1,20.5,24.24,72,12.998,2011,4,10,6,14
1.884565958136911,2,0,1,2,22.14,25.76,88,15.0013,2011,5,3,1,7
1.9354161398973209,4,0,1,1,23.78,27.275,56,8.9981,2011,10,5,2,19
1.8588105191644075,4,0,0,1,13.94,16.665,53,8.9981,2011,12,3,5,18
1.8538724045702297,2,0,1,2,24.6,30.305,64,26.0027,2012,5,8,1,11
1.9241500751450369,2,0,1,1,22.14,25.76,52,27.9993,2012,5,17,3,9
1.804210600378433,3,0,1,1,22.14,25.76,52,8.9981,2012,9,10,0,22
1.327761429538331,1,0,1,1,4.92,6.82,50,12.998,2011,1,13,3,23
1.9489089836740094,2,0,1,1,18.04,21.97,33,22.0028,2012,4,6,4,13
0.9591348389208239,1,0,1,2,18.04,21.97,51,32.9975,2012,1,18,2,3
1.9506256168552831,3,0,0,1,33.62,37.12,41,15.0013,2011,7,9,5,13
1.8304098214920528,1,0,1,2,13.94,15.15,53,19.9995,2011,3,4,4,18
1.603478573504849,1,0,1,1,7.38,7.575,43,22.0028,2011,2,3,3,10
1.7867156538126496,3,0,0,1,30.34,34.85,66,15.0013,2011,7,10,6,22
1.712589050021264,3,0,0,1,23.78,27.275,78,7.0015,2012,9,15,5,2
1.496434016604423,1,0,1,1,18.86,22.725,59,8.9981,2012,2,2,3,0
1.836254638743768,3,0,1,1,35.26,37.12,30,22.0028,2011,8,10,2,15
1.9127139332707952,4,0,0,1,17.22,21.21,58,6.0032,2011,11,6,6,11
1.9569408357672031,2,0,0,1,26.24,31.06,47,12.998,2012,6,16,5,10
1.873866006687491,3,0,0,1,30.34,34.09,58,19.0012,2011,7,9,5,9
1.6734888160092363,3,0,0,1,27.06,30.305,83,8.9981,2011,9,4,6,1
1.7640939343176614,1,0,1,3,9.84,12.12,87,8.9981,2012,2,8,2,20
1.7667886546960463,1,0,1,1,10.66,11.365,44,19.9995,2012,1,19,3,15
1.884565958136911,4,1,0,1,22.96,26.515,73,11.0014,2011,10,10,0,10
1.372306733580753,1,0,1,1,19.68,23.485,88,11.0014,2012,3,1,3,5
1.9439728458782473,4,0,1,1,8.2,9.85,75,12.998,2011,12,19,0,8
1.8787285104503608,3,0,1,2,27.88,12.12,69,19.9995,2012,8,17,4,21
1.1247482629090362,3,0,1,1,24.6,28.79,78,7.0015,2011,9,15,3,4
1.983371148410903,1,0,1,1,22.96,26.515,46,11.0014,2012,2,1,2,18
1.5163019408528369,1,0,1,1,8.2,9.09,75,26.0027,2011,3,7,0,6
1.7163798514467992,4,0,1,1,18.86,22.725,59,11.0014,2011,10,14,4,23
1.775845981748474,2,0,1,2,19.68,23.485,88,22.0028,2011,4,5,1,7
1.9948208116399944,2,0,1,1,31.16,32.575,20,35.0008,2011,6,2,3,17
1.9291014406875389,3,0,0,3,32.8,37.12,49,56.9969,2011,7,3,6,17
1.9955309424011354,2,0,0,1,28.7,32.575,58,6.0032,2012,5,5,5,11
1.9176774696931478,3,0,0,1,30.34,34.85,66,12.998,2011,8,14,6,15
1.358504720646626,1,0,1,3,16.4,20.455,0,11.0014,2011,3,10,3,10
1.4660765372061442,4,0,0,1,9.84,12.12,87,8.9981,2012,12,1,5,6
1.6144954397020792,4,0,0,1,18.86,22.725,88,0.0,2011,10,9,6,2
2.0164678395268,3,0,1,2,27.06,30.305,83,36.9974,2012,9,18,1,8
1.828693382742085,4,0,1,2,24.6,28.79,78,19.0012,2012,10,15,0,14
1.4741440143630178,4,0,1,2,15.58,19.695,87,0.0,2012,12,17,0,0
1.9365657970706844,4,1,0,3,17.22,21.21,58,12.998,2012,10,8,0,16
1.4741440143630178,2,0,0,2,22.14,25.76,64,8.9981,2012,5,13,6,3
1.5397794579522743,3,0,1,3,26.24,28.79,89,6.0032,2011,9,7,2,21
2.0174527389712082,2,0,1,2,17.22,21.21,82,7.0015,2012,4,19,3,8
2.005053130249077,4,0,1,1,12.3,15.91,45,7.0015,2012,12,6,3,17
1.883418917934741,3,0,1,2,27.06,30.305,83,6.0032,2011,8,19,4,7
1.8131782269605679,2,0,1,2,23.78,27.275,78,7.0015,2011,5,19,3,12
1.6659050929776016,2,0,0,1,27.88,31.82,74,6.0032,2011,6,19,6,2
1.1247482629090362,1,0,1,1,18.04,21.97,44,19.0012,2012,2,1,2,2
1.873866006687491,3,0,1,1,26.24,31.06,33,6.0032,2012,9,11,1,11
1.7182404735813999,1,0,1,1,13.94,15.15,31,26.0027,2011,3,7,0,15
1.7182404735813999,1,0,1,1,12.3,13.635,42,27.9993,2011,3,7,0,12
1.5555453730992024,4,0,1,2,9.02,11.365,64,12.998,2012,11,6,1,5
1.0804178182729878,2,0,1,1,13.94,15.91,76,15.0013,2011,4,7,3,5
1.7843700777314968,2,0,1,3,25.42,28.03,88,8.9981,2012,6,1,4,6
1.6248263889219656,3,0,1,3,25.42,28.79,83,19.9995,2011,8,19,4,20
1.1247482629090362,4,0,1,1,14.76,18.94,87,0.0,2012,10,17,2,3
1.9727350380661053,2,0,1,1,28.7,32.575,54,8.9981,2012,5,1,1,19
0.7412763113750153,4,0,0,1,10.66,11.365,60,22.0028,2011,11,5,5,5
0.8697416861919438,3,0,1,1,26.24,29.545,78,0.0,2011,8,19,4,3
1.4818766360989102,4,0,0,2,14.76,18.18,93,7.0015,2012,12,8,5,3
1.448822238365871,3,0,1,1,30.34,34.85,70,0.0,2012,7,17,1,1
1.9361837416040704,3,0,0,1,34.44,40.15,53,19.9995,2011,7,3,6,15
1.372306733580753,1,0,1,1,8.2,9.09,75,19.0012,2012,2,9,3,5
1.8502315274246866,3,0,1,2,29.52,32.575,45,8.9981,2012,7,13,4,23
1.6313704001963978,3,0,1,1,28.7,32.575,61,12.998,2012,8,15,2,0
1.9523188996492962,2,0,1,1,23.78,27.275,30,31.0009,2012,5,10,3,16
1.7389471062414084,1,0,1,2,10.66,12.88,70,15.0013,2012,2,8,2,10
1.765447506801529,3,0,1,1,26.24,30.305,65,16.9979,2011,9,1,3,23
1.9801965796044196,3,0,0,2,35.26,39.395,44,11.0014,2012,9,1,5,14
1.5745651437258248,1,0,1,1,13.94,14.395,46,43.9989,2011,2,14,0,22
1.1247482629090362,4,0,1,1,13.94,16.665,76,8.9981,2011,11,3,3,2
1.8890567804069143,4,0,0,1,14.76,18.94,77,0.0,2012,11,11,6,9
1.742136743805324,2,0,1,1,14.76,15.91,71,31.0009,2012,4,2,0,6
1.8581160323277108,2,0,1,1,21.32,25.0,27,27.9993,2012,4,9,0,11
1.7356879059276584,1,0,1,1,17.22,21.21,38,19.9995,2012,1,10,1,14
1.9254061069071156,3,0,0,1,31.98,37.12,62,15.0013,2011,8,6,5,11
1.8410740844298052,3,0,1,2,28.7,33.335,84,6.0032,2012,9,6,3,6
1.755698992678211,1,0,0,1,13.94,15.15,49,22.0028,2011,3,12,5,11
1.4892992254175486,3,0,1,1,25.42,29.545,73,19.0012,2011,8,16,1,5
1.8775294779444245,2,0,0,1,29.52,34.09,62,11.0014,2012,6,10,6,21
1.847999202156157,2,1,0,1,17.22,21.21,77,26.0027,2011,4,15,4,19
1.4298455472897516,1,0,1,1,12.3,14.395,70,12.998,2012,2,7,1,0
1.8622302516766631,1,0,1,1,18.86,22.725,55,19.0012,2012,2,2,3,16
1.7254630513334037,1,0,0,1,10.66,12.88,44,11.0014,2012,3,10,5,22
1.026672031199051,2,0,1,3,20.5,24.24,82,12.998,2012,6,5,1,3
1.5397794579522743,2,1,0,1,22.14,25.76,77,15.0013,2012,4,16,0,5
1.8092629643515203,2,0,1,1,31.16,33.335,27,0.0,2011,6,15,2,15
1.8370697219086884,4,0,0,2,17.22,21.21,71,19.0012,2011,10,1,5,15
1.867527001142399,2,0,1,1,23.78,27.275,43,0.0,2012,4,19,3,14
1.8531520084405109,2,0,1,2,22.14,25.76,88,6.0032,2011,5,19,3,9
1.4818766360989102,2,0,1,1,15.58,19.695,43,19.0012,2012,4,5,3,5
1.894462592869453,3,0,1,1,36.9,38.635,25,8.9981,2012,7,3,1,13
1.9406936156614254,2,0,1,2,24.6,29.545,69,8.9981,2011,6,16,3,8
2.050076221719149,2,0,1,1,29.52,32.575,34,16.9979,2012,6,7,3,17
1.847999202156157,4,0,1,3,22.14,25.76,100,6.0032,2011,10,13,3,8
1.7323562465403226,3,1,0,2,27.06,29.545,94,0.0,2012,9,3,0,0
1.8434216945775423,4,0,1,1,21.32,25.0,52,8.9981,2011,11,8,1,12
1.6495606454510718,1,0,0,1,12.3,13.635,52,22.0028,2012,3,4,6,8
1.883418917934741,4,0,1,2,24.6,29.545,73,26.0027,2012,10,15,0,11
1.4395687003478856,1,0,0,1,5.74,10.605,86,0.0,2011,2,12,5,1
1.8516996259697707,3,0,1,1,31.98,34.09,31,16.9979,2011,8,11,3,12
1.8810945047250232,2,0,1,2,33.62,36.365,34,19.0012,2012,6,11,0,14
2.0241245605340272,2,1,0,1,32.8,34.85,33,26.0027,2012,4,16,0,17
1.7542520263946595,1,0,1,1,13.94,15.15,42,19.9995,2012,1,5,3,13
1.7733152706473527,3,0,1,1,30.34,32.575,37,16.9979,2011,8,11,3,10
1.847999202156157,2,0,1,2,18.86,22.725,82,22.0028,2011,5,2,0,7
1.9395812163258002,1,0,1,1,27.06,31.06,50,15.0013,2012,3,19,0,16
1.8122095959040794,4,0,1,1,19.68,23.485,55,12.998,2011,11,1,1,13
1.8216068302034107,1,0,1,1,12.3,16.665,49,0.0,2012,1,5,3,20
1.700619000072578,1,0,1,1,12.3,15.15,65,8.9981,2012,2,6,0,22
1.818853419699573,4,0,0,2,14.76,17.425,81,12.998,2011,10,2,6,18
1.9395812163258002,1,0,1,1,15.58,19.695,40,8.9981,2012,2,3,4,18
1.1247482629090362,3,0,1,2,27.06,29.545,94,6.0032,2011,8,4,3,2
0.7412763113750153,1,0,1,1,13.12,17.425,61,0.0,2012,3,2,4,4
1.9237286302332202,2,0,1,1,22.96,26.515,19,16.9979,2012,4,3,1,13
1.963257777844227,4,0,0,2,14.76,16.665,50,22.0028,2012,11,3,5,14
1.8822618226261445,3,0,0,1,27.06,31.06,61,0.0,2012,8,18,5,22
1.700619000072578,4,0,0,2,14.76,16.665,76,16.9979,2011,10,2,6,20
1.7733152706473527,3,0,0,1,27.88,31.82,57,0.0,2011,7,2,5,8
1.945758217792441,4,0,1,2,13.94,17.425,81,6.0032,2011,11,3,3,8
1.798970923559588,4,0,1,1,13.94,16.665,31,8.9981,2011,11,18,4,14
1.9417962470942867,4,0,1,2,26.24,28.79,89,6.0032,2012,10,4,3,7
1.8304098214920528,4,0,1,1,19.68,23.485,51,11.0014,2011,11,2,2,15
1.026672031199051,3,0,0,1,18.86,22.725,72,11.0014,2011,9,17,5,5
1.7389471062414084,3,0,1,3,25.42,25.76,100,16.9979,2011,9,9,4,7
1.903662587911754,1,0,0,1,20.5,24.24,34,31.0009,2011,3,19,5,13
1.9303096939764732,4,0,0,1,21.32,25.0,32,16.9979,2011,11,12,5,16
0.8697416861919438,4,0,1,2,16.4,20.455,87,0.0,2011,10,4,1,2
1.4196068415100236,3,0,0,1,26.24,30.305,73,6.0032,2011,8,13,5,6
1.0804178182729878,3,0,1,1,27.88,31.82,65,7.0015,2012,7,3,1,4
0.8697416861919438,1,0,1,1,10.66,13.635,65,8.9981,2011,3,14,0,3
1.8082668738615209,3,0,0,3,27.06,30.305,78,11.0014,2012,8,11,5,23
1.7289490519659823,2,1,0,2,16.4,20.455,76,19.9995,2011,4,15,4,21
1.6659050929776016,1,0,1,1,10.66,12.12,30,16.9979,2011,1,3,0,15
1.4892992254175486,1,0,0,2,17.22,21.21,94,12.998,2012,3,17,5,6
0.9591348389208239,4,0,1,2,22.14,25.76,94,0.0,2011,10,13,3,2
1.026672031199051,2,0,1,1,18.04,21.97,88,8.9981,2011,5,12,3,3
1.9721637202627393,3,1,0,1,33.62,37.88,46,8.9981,2012,7,4,2,11
1.2917246727283112,1,0,1,2,8.2,12.88,44,0.0,2011,2,4,4,0
1.9629494968760168,3,1,0,1,37.72,42.425,35,19.9995,2012,7,4,2,15
1.6632944814375767,3,0,0,1,31.16,36.365,70,11.0014,2012,7,7,5,1
1.8031780619573843,2,0,0,1,27.06,31.06,69,7.0015,2012,6,10,6,0
1.801090104041353,3,0,1,3,26.24,28.03,94,19.0012,2011,9,8,3,16
1.945758217792441,3,0,0,1,34.44,36.365,34,6.0032,2011,7,9,5,15
1.8719957290222062,2,0,0,1,23.78,27.275,49,8.9981,2011,5,8,6,10
1.7694345201285457,3,0,1,1,27.88,31.82,62,11.0014,2011,9,12,0,10
1.579009137828587,4,0,1,3,18.04,21.97,100,7.0015,2011,12,7,2,7
1.919871631657153,2,0,1,1,27.88,31.82,61,8.9981,2011,6,6,0,20
1.8750984179960517,3,0,1,1,32.8,34.85,29,11.0014,2011,8,12,4,15
1.9523188996492962,3,0,0,1,33.62,37.88,46,16.9979,2012,8,5,6,16
1.8928641420201489,3,0,1,1,33.62,36.365,38,12.998,2012,7,10,1,13
1.9303096939764732,1,0,1,1,23.78,27.275,32,19.9995,2012,3,1,3,16
1.818853419699573,2,0,1,1,25.42,31.06,38,19.0012,2011,5,9,0,13
1.9414297785949048,3,0,0,1,31.16,35.605,62,7.0015,2011,7,3,6,11
1.4576463830228739,3,0,1,1,27.06,31.06,74,8.9981,2011,7,11,0,5
1.4892992254175486,3,0,0,1,26.24,28.79,89,8.9981,2011,7,9,5,3
1.879323983956676,1,0,0,1,13.12,14.395,45,26.0027,2012,3,4,6,11
1.7924169706841675,3,0,1,1,25.42,27.275,94,6.0032,2011,9,9,4,23
1.4196068415100236,1,0,1,1,10.66,10.605,30,35.0008,2011,3,2,2,23
1.2484412575662103,1,0,0,3,12.3,12.88,100,32.9975,2011,3,6,6,19
1.8260781474077188,2,0,0,1,22.14,25.76,49,15.0013,2011,5,7,5,21
0.9591348389208239,1,0,1,3,9.02,11.365,93,8.9981,2011,2,2,2,2
1.8131782269605679,3,0,1,1,36.9,40.15,33,16.9979,2011,8,1,0,12
1.95596482071691,3,1,0,1,35.26,40.15,47,15.0013,2012,7,4,2,19
1.7356879059276584,4,0,0,1,9.02,10.605,69,16.9979,2011,12,17,5,20
1.4576463830228739,2,0,0,1,22.96,26.515,73,16.9979,2012,6,2,5,3
1.223156202527103,2,0,0,2,14.76,18.18,100,6.0032,2011,4,10,6,7
1.916789170111494,4,0,0,1,13.94,15.15,66,19.9995,2012,11,18,6,10
1.8955174731725755,2,0,0,2,28.7,31.82,39,6.0032,2011,6,4,5,19
1.358504720646626,1,0,1,1,13.94,16.665,53,12.998,2011,2,17,3,0
1.9303096939764732,2,0,1,1,20.5,24.24,59,31.0009,2012,5,10,3,9
1.6144954397020792,3,0,1,2,28.7,32.575,65,11.0014,2011,7,5,1,0
1.7733152706473527,4,0,0,1,17.22,21.21,50,19.0012,2011,11,12,5,20
1.026672031199051,3,0,1,1,26.24,29.545,78,0.0,2011,8,17,2,3
1.6495606454510718,4,0,0,1,16.4,20.455,76,6.0032,2012,10,14,6,2
1.5745651437258248,4,0,0,1,13.94,17.425,87,7.0015,2011,12,4,6,23
1.0804178182729878,3,0,1,1,27.88,31.82,83,6.0032,2012,8,9,3,3
1.1247482629090362,1,0,0,1,10.66,15.15,70,0.0,2012,2,18,5,4
1.904155101148327,4,0,1,1,24.6,31.06,53,19.9995,2011,11,14,0,19
1.6659050929776016,1,0,1,1,23.78,27.275,21,32.9975,2011,2,18,4,21
1.836254638743768,2,0,1,2,28.7,32.575,58,40.9973,2011,5,3,1,13
0.7412763113750153,4,0,1,1,12.3,16.665,87,0.0,2011,11,2,2,2
1.7356879059276584,3,0,1,2,24.6,27.275,88,6.0032,2011,8,19,4,23
1.3973634811730353,1,0,0,1,13.12,16.665,57,7.0015,2012,1,7,5,3
1.1622831138840004,1,0,1,2,6.56,9.09,64,7.0015,2011,2,1,1,0
1.2917246727283112,2,0,1,1,22.96,26.515,94,7.0015,2011,6,17,4,2
1.4660765372061442,2,1,0,1,18.04,21.97,67,0.0,2011,4,15,4,0
1.7289490519659823,4,0,1,1,12.3,15.15,52,11.0014,2011,12,13,1,10
1.7405504459900154,2,0,1,3,26.24,30.305,73,19.0012,2012,5,15,1,21
1.783182776049518,3,0,1,1,31.16,36.365,66,15.0013,2011,7,18,0,22
1.4892992254175486,2,0,1,1,13.94,15.15,36,27.9993,2012,4,11,2,0
1.9417962470942867,3,0,1,1,26.24,30.305,73,8.9981,2011,9,15,3,8
1.913173172035371,2,0,1,1,18.04,21.97,62,26.0027,2011,4,13,2,18
1.9094525728270801,3,0,1,1,31.16,34.85,55,16.9979,2011,7,13,2,7
1.8896075013631948,3,0,1,1,33.62,37.88,46,8.9981,2012,8,6,0,15
1.887390630978784,3,0,0,2,27.06,31.06,74,0.0,2012,8,19,6,9
1.6437209301888343,4,0,0,2,13.94,16.665,76,12.998,2011,10,2,6,8
1.4298455472897516,4,0,0,3,16.4,20.455,87,15.0013,2012,12,9,6,7
1.5284269505599697,1,0,1,1,11.48,15.91,41,0.0,2012,2,13,0,23
1.9369466978095553,2,0,0,1,24.6,31.06,38,16.9979,2011,5,7,5,15
1.7218947624700471,1,0,1,2,9.84,12.12,87,8.9981,2012,2,8,2,22
2.013462641203866,3,0,1,1,31.16,35.605,58,16.9979,2012,7,19,3,8
1.9741517421386063,3,0,1,1,21.32,25.0,77,0.0,2012,9,17,0,7
1.358504720646626,4,0,0,1,9.84,12.12,70,8.9981,2011,11,12,5,3
1.6109034750189168,1,0,1,2,23.78,27.275,49,31.0009,2012,3,9,4,0
1.8588105191644075,2,0,1,1,20.5,24.24,31,22.0028,2012,4,12,3,14
1.8662223006181342,3,0,0,1,26.24,30.305,65,6.0032,2012,8,18,5,23
1.8595014474498321,3,0,1,2,20.5,24.24,55,0.0,2011,9,16,4,20
0.5265890341390445,1,0,0,1,4.92,8.335,74,6.0032,2011,2,12,5,5
1.749824041026481,2,0,1,1,21.32,25.0,45,11.0014,2011,4,14,3,11
1.4395687003478856,4,0,1,1,23.78,27.275,94,8.9981,2011,10,14,4,1
1.804210600378433,4,0,1,1,15.58,19.695,46,11.0014,2011,12,19,0,15
1.9228815367921321,3,0,1,1,26.24,30.305,65,16.9979,2012,9,17,0,13
1.7513148227387971,3,0,1,3,33.62,37.88,46,8.9981,2011,7,13,2,14
1.8574179522647456,3,0,1,1,32.8,34.85,27,0.0,2011,8,12,4,12
1.945758217792441,4,1,0,2,28.7,31.82,45,6.0032,2011,10,10,0,16
1.3973634811730353,4,0,1,1,13.12,16.665,66,8.9981,2012,11,1,3,2
1.7467966996992919,4,0,1,1,6.56,9.09,80,7.0015,2012,12,14,4,6
1.9216002545355522,4,0,1,2,17.22,21.21,88,8.9981,2012,12,17,0,19
1.8810945047250232,3,0,1,1,24.6,28.03,83,7.0015,2011,9,2,4,7
1.0804178182729878,1,0,1,1,13.94,15.91,53,15.0013,2011,2,17,3,1
2.0126481270406473,2,0,1,1,27.88,31.82,83,12.998,2012,6,12,1,18
1.6659050929776016,4,0,1,1,20.5,24.24,72,22.0028,2011,12,16,4,0
1.7795609835022244,1,0,0,1,13.12,14.395,31,35.0008,2011,2,12,5,17
1.8131782269605679,4,0,1,2,24.6,29.545,73,26.0027,2012,10,15,0,10
1.8885037407137346,3,0,1,1,36.08,37.88,28,12.998,2012,7,3,1,12
1.7924169706841675,3,0,1,1,34.44,40.15,53,19.0012,2011,7,11,0,12
1.696412959743625,4,0,0,1,11.48,15.91,70,0.0,2011,11,5,5,23
1.6248263889219656,1,0,1,1,9.84,10.605,60,19.9995,2011,3,7,0,10
1.7389471062414084,2,0,1,2,18.86,22.725,41,32.9975,2012,4,9,0,22
1.5284269505599697,4,0,1,1,18.04,21.97,77,0.0,2012,10,1,0,5
1.775845981748474,4,0,1,2,17.22,21.21,71,22.0028,2011,11,4,4,10
1.6632944814375767,1,0,1,2,13.94,15.15,76,19.9995,2011,3,9,2,14
1.965696607064784,2,0,1,1,32.8,38.635,59,15.0013,2011,6,10,4,18
1.9766610448664135,1,0,1,2,13.94,14.395,42,35.0008,2012,3,9,4,8
1.2484412575662103,3,0,1,1,27.06,31.06,54,8.9981,2011,8,11,3,2
0.8697416861919438,4,0,1,1,13.12,17.425,93,0.0,2011,11,7,0,3
1.9258220450052628,2,0,0,1,24.6,30.305,60,16.9979,2012,5,13,6,10
1.8102520538839093,4,0,0,1,10.66,12.88,48,15.0013,2011,12,17,5,17
1.9724497132493741,2,0,1,1,23.78,27.275,49,26.0027,2011,6,14,1,8
1.8986319116885528,3,0,1,1,29.52,33.335,58,15.0013,2011,8,5,4,20
0.8697416861919438,4,0,1,3,18.86,22.725,100,15.0013,2011,12,7,2,3
1.742136743805324,4,0,1,2,16.4,20.455,76,12.998,2011,11,3,3,10
1.8251953231790878,4,0,0,2,10.66,12.12,52,19.0012,2011,12,17,5,10
1.7513148227387971,4,0,0,1,16.4,20.455,82,8.9981,2012,10,7,6,20
1.9176774696931478,3,0,1,2,35.26,39.395,44,16.9979,2012,8,3,4,14
1.9278815679894448,4,0,0,1,16.4,20.455,37,7.0015,2011,11,5,5,13
1.68988188256892,1,1,0,2,8.2,10.605,47,11.0014,2011,1,17,0,16
1.1622831138840004,4,0,1,1,14.76,18.18,76,7.0015,2012,10,12,4,4
1.9749939323524341,3,0,1,1,30.34,34.85,66,11.0014,2012,7,18,2,7
1.9224558706047865,3,0,1,1,31.16,36.365,66,15.0013,2012,8,2,3,21
1.894462592869453,2,0,1,2,24.6,31.06,46,27.9993,2012,4,4,2,12
1.8763195102948889,2,0,1,1,22.96,26.515,52,22.0028,2012,5,18,4,22
1.7356879059276584,4,0,1,1,12.3,14.395,56,15.0013,2012,12,11,1,22
1.9307098989760174,2,0,1,1,23.78,27.275,21,16.9979,2012,4,10,1,16
1.7340313214932865,4,0,0,2,22.96,26.515,68,19.0012,2012,10,14,6,23
1.8082668738615209,4,0,0,1,11.48,15.91,30,0.0,2011,12,11,6,17
1.8763195102948889,3,0,1,1,24.6,29.545,69,8.9981,2012,9,13,3,22
1.832105201899316,3,0,1,2,23.78,27.275,60,6.0032,2011,9,19,0,12
1.9103928415548865,3,0,1,2,30.34,34.85,70,11.0014,2011,7,19,1,7
1.8062533133730014,4,0,1,1,13.94,15.15,42,19.9995,2012,11,8,3,22
2.0003871212614466,2,0,1,2,31.16,34.09,48,22.0028,2012,6,11,0,19
1.856716243803005,1,0,1,2,23.78,27.275,32,19.0012,2012,3,12,0,14
1.7067206012930416,2,0,1,1,27.88,31.82,79,7.0015,2011,6,7,1,23
1.8862680216940895,2,0,1,2,17.22,21.21,38,15.0013,2012,4,5,3,11
1.5341940066777084,3,0,0,1,24.6,28.79,78,11.0014,2011,7,16,5,6
1.8031780619573843,3,0,1,3,33.62,37.88,46,8.9981,2011,7,13,2,13
1.844195357303668,1,0,1,1,16.4,20.455,43,19.0012,2012,1,6,4,13
1.4298455472897516,4,0,1,2,21.32,25.0,83,19.0012,2012,11,13,1,0
1.7218947624700471,2,0,1,3,17.22,21.21,77,12.998,2012,4,18,2,15
1.8243068483519838,2,0,1,2,26.24,31.06,33,6.0032,2011,5,10,1,15
1.2484412575662103,4,0,1,2,21.32,25.0,94,6.0032,2011,10,11,1,1
1.5163019408528369,2,0,0,1,12.3,15.91,61,7.0015,2011,4,3,6,1
1.9380825371667785,1,0,1,1,18.04,21.97,72,6.0032,2012,3,15,3,7
1.7681175901689328,3,0,1,1,34.44,36.365,32,27.9993,2011,8,2,1,11
1.4892992254175486,2,0,0,2,27.06,30.305,78,8.9981,2011,6,19,6,3
1.8386855209387276,4,0,1,1,14.76,16.665,50,22.0028,2012,11,9,4,10
1.9117905099724466,4,0,1,2,23.78,27.275,83,15.0013,2011,10,11,1,19
1.5916858743493758,4,1,0,1,17.22,21.21,71,7.0015,2012,11,12,0,0
1.781985597277665,2,0,1,1,21.32,25.0,68,0.0,2012,6,4,0,6
1.6783497616208911,3,0,0,1,27.06,29.545,89,22.0028,2012,9,8,5,2
1.3105061862047918,2,0,0,2,20.5,24.24,82,7.0015,2011,5,14,5,5
1.5875644833216505,1,0,0,3,14.76,18.94,93,0.0,2012,3,3,5,8
0.8697416861919438,1,0,1,1,8.2,8.335,27,31.0009,2011,3,3,3,2
1.7373263784001205,4,1,0,3,16.4,20.455,76,16.9979,2012,10,8,0,22
1.961396413006317,3,1,0,1,30.34,34.85,70,15.0013,2012,9,3,0,15
0.8697416861919438,1,0,1,1,18.04,21.97,94,0.0,2012,3,19,0,4
1.7890235001604364,2,0,1,1,18.86,22.725,63,8.9981,2011,4,14,3,21
1.9395812163258002,3,0,1,1,30.34,34.85,70,16.9979,2012,9,4,1,20
1.6783497616208911,4,0,0,1,18.04,21.97,47,8.9981,2011,10,16,6,1
1.7389471062414084,2,0,0,1,23.78,27.275,64,12.998,2012,6,17,6,23
1.8775294779444245,2,0,1,1,23.78,27.275,40,22.0028,2011,5,6,4,13
1.92030598439472,2,0,1,1,26.24,30.305,65,11.0014,2012,6,14,3,21
1.8449646614985311,1,0,1,2,22.14,25.76,56,15.0013,2012,3,12,0,21
1.0804178182729878,2,0,1,2,29.52,35.605,84,11.0014,2011,6,9,3,2
1.2711498482847257,1,0,1,3,17.22,21.21,0,15.0013,2011,3,10,3,13
1.8418611059620993,2,0,1,2,25.42,31.06,59,19.9995,2012,5,9,2,11
1.6830650011356274,1,0,0,2,18.86,22.725,94,22.0028,2011,3,6,6,12
1.8234126545313947,1,0,1,1,18.04,21.97,54,7.0015,2012,2,1,2,12
1.9282894962939565,3,0,0,1,29.52,35.605,84,6.0032,2012,7,14,5,20
1.583340520839692,3,0,0,1,28.7,33.335,79,6.0032,2012,7,15,6,7
1.9539894255178158,4,0,0,1,16.4,20.455,50,11.0014,2012,12,15,5,14
1.8031780619573843,2,0,1,1,20.5,24.24,51,0.0,2012,4,3,1,22
1.5875644833216505,4,0,1,1,9.84,12.88,70,7.0015,2012,12,7,4,0
1.8243068483519838,3,0,1,1,30.34,33.335,51,19.9995,2011,9,13,1,15
1.7542520263946595,2,0,1,1,37.72,43.94,40,12.998,2011,6,9,3,14
1.9741517421386063,3,0,1,3,28.7,33.335,84,0.0,2011,8,3,2,18
1.798970923559588,1,0,1,1,10.66,10.605,33,35.0008,2012,1,13,4,13
1.7437063358613225,2,0,1,1,17.22,21.21,26,15.0013,2012,4,9,0,6
1.7272161148848966,1,0,0,1,11.48,14.395,65,7.0015,2011,3,12,5,9
1.5504460211620947,4,0,1,2,18.86,22.725,88,6.0032,2012,10,10,2,5
1.9446900546295833,3,0,1,1,30.34,33.335,51,12.998,2011,8,10,2,8
0.8697416861919438,1,0,1,1,5.74,7.575,59,11.0014,2011,1,11,1,1
1.827827111719085,2,0,1,1,25.42,29.545,73,31.0009,2011,5,17,1,14
1.7437063358613225,1,0,1,2,13.12,17.425,81,0.0,2012,2,16,3,22
1.801090104041353,4,0,1,2,14.76,16.665,46,23.9994,2012,11,2,4,21
1.860872764634446,2,0,1,3,28.7,32.575,70,16.9979,2012,6,1,4,17
1.8082668738615209,3,0,1,3,22.14,25.76,88,19.9995,2011,9,6,1,20
0.5265890341390445,1,0,1,2,6.56,9.85,64,6.0032,2011,1,6,3,4
1.8700988387609099,4,0,1,1,11.48,15.15,61,6.0032,2011,12,12,0,19
1.963872033379227,3,1,0,2,30.34,34.09,62,7.0015,2011,7,4,0,21
1.6214540309583532,1,0,1,1,9.02,10.605,51,19.9995,2011,1,4,1,11
1.2484412575662103,4,0,0,2,9.84,14.395,75,0.0,2012,12,15,5,6
0.9591348389208239,4,0,1,1,10.66,15.15,75,0.0,2011,12,14,2,4
1.9598235193944304,3,0,0,1,37.72,41.665,33,16.9979,2012,7,1,6,14
1.223156202527103,2,0,0,3,16.4,20.455,82,22.0028,2011,4,16,5,6
1.92030598439472,3,0,1,1,29.52,33.335,54,7.0015,2012,8,16,3,9
1.2711498482847257,4,0,1,2,14.76,17.425,66,15.0013,2012,11,19,0,4
1.372306733580753,2,0,0,1,22.14,25.76,64,6.0032,2012,6,17,6,4
1.8449646614985311,1,0,0,1,10.66,13.635,81,7.0015,2012,2,18,5,10
1.870734136494135,3,0,0,1,35.26,40.91,50,7.0015,2012,7,8,6,9
2.008911582783544,3,0,0,1,31.16,33.335,37,15.0013,2012,8,18,5,17
1.496434016604423,4,0,0,1,7.38,12.12,55,0.0,2011,12,11,6,7
1.9724497132493741,2,0,0,1,25.42,30.305,17,23.9994,2012,4,8,6,15
1.935800524776163,3,0,0,1,33.62,39.395,56,16.9979,2011,7,3,6,14
0.8697416861919438,1,0,1,3,12.3,15.91,70,6.0032,2012,2,16,3,4
1.755698992678211,1,0,1,1,20.5,24.24,45,7.0015,2011,3,17,3,14
1.8763195102948889,4,0,1,2,29.52,34.09,70,11.0014,2012,10,3,2,14
1.9354161398973209,2,0,1,1,27.88,31.82,65,11.0014,2012,5,15,1,16
1.9533239089429797,4,0,1,1,28.7,32.575,48,0.0,2012,10,5,4,13
1.8588105191644075,2,0,1,1,17.22,21.21,47,19.9995,2012,4,12,3,11
1.8426436266120914,1,0,1,2,19.68,23.485,72,0.0,2012,3,16,4,14
1.783182776049518,4,0,1,3,22.96,26.515,100,11.0014,2011,10,19,2,18
1.1622831138840004,2,0,1,2,20.5,24.24,72,6.0032,2012,5,1,1,2
1.1247482629090362,4,0,1,1,10.66,11.365,81,23.9994,2011,12,8,3,1
1.9089798563370792,1,0,1,2,17.22,21.21,82,0.0,2012,3,16,4,9
1.5957092304038698,3,0,0,1,26.24,30.305,73,11.0014,2011,7,17,6,7
1.4298455472897516,1,0,1,1,20.5,24.24,59,7.0015,2012,3,15,3,1
1.9295054724772276,4,0,0,1,18.04,21.97,54,8.9981,2012,11,10,5,18
0.7412763113750153,4,0,1,1,9.84,10.605,41,19.0012,2011,11,18,4,3
1.795731656444039,3,0,1,1,34.44,37.88,44,19.9995,2011,8,8,0,13
1.6579414149579819,2,0,1,1,16.4,20.455,37,26.0027,2011,4,6,2,10
1.6109034750189168,2,0,1,1,16.4,20.455,82,0.0,2011,4,18,0,6
1.8629038905519502,2,0,0,1,27.88,31.82,61,11.0014,2012,6,9,5,23
1.8622302516766631,2,0,1,2,27.06,31.06,65,19.0012,2012,5,1,1,11
1.9513056982825179,4,0,1,1,14.76,17.425,46,8.9981,2011,12,1,3,17
1.712589050021264,2,0,0,2,22.14,25.76,83,19.0012,2012,5,6,6,2
1.952989808340929,3,1,0,2,31.98,35.605,49,0.0,2011,7,4,0,13
1.4087998161504007,2,0,1,2,13.94,16.665,53,11.0014,2012,4,13,4,5
1.9270617593861936,4,0,1,2,24.6,30.305,60,12.998,2012,10,18,3,15
1.2484412575662103,3,0,1,2,31.98,35.605,49,11.0014,2011,8,3,2,2
0.7412763113750153,1,0,1,1,8.2,12.88,86,0.0,2011,2,7,0,4
1.8304098214920528,3,0,1,1,32.8,37.12,52,23.9994,2011,8,18,3,13
1.3852268599316875,4,0,1,2,14.76,17.425,66,15.0013,2012,11,19,0,1
1.8574179522647456,4,0,1,1,20.5,24.24,48,19.0012,2012,10,16,1,10
1.8986319116885528,2,0,1,1,22.96,26.515,35,16.9979,2012,5,11,4,11
1.637662762520353,2,0,1,1,14.76,16.665,40,27.9993,2012,4,10,1,23
1.8160445966634724,2,0,1,2,25.42,29.545,73,16.9979,2012,5,14,0,14
1.4741440143630178,1,0,1,1,4.92,7.575,54,8.9981,2011,1,13,3,6
1.503300998004841,2,0,1,1,16.4,20.455,62,11.0014,2011,5,6,4,1
1.6734888160092363,1,0,1,2,14.76,18.94,87,0.0,2012,3,2,4,22
1.9884835875196611,2,0,0,1,25.42,31.06,57,7.0015,2012,6,17,6,11
1.8581160323277108,1,0,1,1,24.6,31.06,31,16.9979,2012,3,1,3,15
1.8775294779444245,1,0,1,2,18.04,21.97,54,19.9995,2011,3,16,2,17
1.3437034446606386,3,1,0,1,26.24,28.79,89,11.0014,2011,7,4,0,6
1.223156202527103,2,0,1,1,24.6,28.03,83,8.9981,2012,6,13,2,4
1.3105061862047918,3,0,1,3,25.42,27.275,94,6.0032,2011,9,8,3,5
1.9099235639500813,1,0,1,1,12.3,16.665,81,0.0,2012,3,2,4,9
1.798970923559588,1,0,1,1,13.12,15.91,57,11.0014,2012,2,6,0,21
1.8649047698246697,4,0,1,1,14.76,16.665,37,26.0027,2012,11,8,3,21
1.327761429538331,2,0,1,3,25.42,31.06,57,27.9993,2011,4,5,1,1
1.6606403793348095,3,0,1,3,25.42,25.76,100,6.0032,2011,9,8,3,22
1.932298189261516,4,0,0,1,18.04,21.97,44,19.0012,2011,11,12,5,12
1.6466671712706678,1,0,1,1,8.2,9.09,47,22.0028,2012,1,13,4,22
1.9997053615189657,4,0,1,1,24.6,31.06,53,11.0014,2011,10,5,2,18
1.1247482629090362,3,0,1,1,28.7,33.335,74,0.0,2011,8,9,1,4
1.8243068483519838,2,0,1,2,15.58,19.695,43,22.0028,2012,4,11,2,11
1.8206950566924849,1,0,1,1,24.6,31.06,43,12.998,2011,2,18,4,13
1.7542520263946595,1,0,0,1,16.4,20.455,40,30.0026,2012,2,18,5,22
1.8960417361485307,4,0,1,2,20.5,24.24,72,23.9994,2011,11,15,1,19
1.9575872640248104,3,0,1,2,30.34,33.335,51,11.0014,2011,8,3,2,8
1.8494914839851704,3,0,1,2,28.7,33.335,74,12.998,2011,8,4,3,21
1.7254630513334037,4,0,1,1,14.76,17.425,57,12.998,2012,10,12,4,23
1.6783497616208911,1,0,1,2,14.76,18.18,50,7.0015,2012,2,14,1,22
1.2484412575662103,1,0,1,1,8.2,11.365,69,6.0032,2011,1,4,1,23
1.940323909263275,4,0,1,1,8.2,10.605,69,11.0014,2012,11,6,1,7
1.0804178182729878,2,0,1,3,10.66,12.88,100,11.0014,2011,4,1,4,0
1.8719957290222062,1,0,1,1,24.6,30.305,60,19.0012,2012,3,13,1,12
1.5224670302876946,2,0,1,1,22.96,26.515,68,22.0028,2012,5,17,3,5
1.9350305802211858,2,0,0,1,31.98,37.12,59,19.0012,2011,6,12,6,13
1.8862680216940895,3,0,0,1,31.16,34.85,55,12.998,2011,7,10,6,20
1.9799282401219198,3,0,0,1,31.16,34.09,40,7.0015,2012,8,12,6,16
1.7405504459900154,1,0,1,2,9.84,12.88,93,7.0015,2011,1,19,2,9
1.9569408357672031,3,0,1,1,32.8,36.365,43,15.0013,2012,7,10,1,16
1.4298455472897516,3,0,0,1,25.42,29.545,73,11.0014,2011,9,3,5,6
1.8545889886375557,2,0,1,1,26.24,31.06,41,16.9979,2011,6,13,0,21
1.0804178182729878,2,1,0,1,22.14,25.76,77,15.0013,2012,4,16,0,4
1.8991438268879295,3,0,0,2,28.7,33.335,84,15.0013,2012,9,2,6,19
0.7412763113750153,1,0,1,3,8.2,9.09,100,22.0028,2011,3,7,0,1
1.5996388013001026,2,0,1,3,20.5,24.24,82,15.0013,2012,5,9,2,20
1.6830650011356274,1,0,1,2,7.38,9.09,93,12.998,2012,1,10,1,6
1.7289490519659823,4,0,1,1,17.22,21.21,82,7.0015,2012,12,3,0,23
1.6942663054703442,1,0,0,2,12.3,14.395,45,16.9979,2011,1,15,5,18
1.7144962229206409,3,0,1,1,27.06,31.06,74,6.0032,2011,7,5,1,6
0.8697416861919438,1,0,1,2,10.66,15.15,52,0.0,2012,2,14,1,3
1.8494914839851704,1,0,1,1,14.76,17.425,46,11.0014,2012,2,15,2,20
1.9070714954756425,3,0,0,2,39.36,43.18,30,8.9981,2012,7,7,5,14
1.607232291151654,3,0,0,2,26.24,28.79,89,7.0015,2011,7,9,5,1
1.6579414149579819,1,0,0,1,7.38,8.335,43,16.9979,2012,1,14,5,21
1.9278815679894448,3,0,1,1,26.24,29.545,78,22.0028,2011,8,15,0,8
0.9591348389208239,3,0,1,1,26.24,28.03,94,7.0015,2011,7,7,3,3
1.2484412575662103,3,0,1,1,26.24,30.305,69,7.0015,2012,8,13,0,4
1.8787285104503608,2,0,1,2,28.7,31.82,45,26.0027,2012,6,13,2,13
1.8394863420693595,3,0,0,1,28.7,33.335,79,12.998,2011,8,14,6,11
1.8763195102948889,1,0,1,2,22.96,26.515,60,30.0026,2012,3,8,3,12
1.9295054724772276,4,0,1,2,26.24,28.79,89,12.998,2012,10,4,3,9
1.6109034750189168,2,0,1,2,12.3,14.395,93,16.9979,2011,4,8,4,21
1.804210600378433,1,0,0,2,16.4,20.455,76,15.0013,2011,3,5,5,11
1.4892992254175486,3,0,0,1,27.06,30.305,78,12.998,2011,9,4,6,7
1.9950579902465517,2,0,0,1,20.5,24.24,55,16.9979,2012,4,1,6,15
0.9591348389208239,1,0,0,1,5.74,7.575,50,8.9981,2012,1,14,5,5
1.026672031199051,2,0,0,1,24.6,27.275,88,6.0032,2011,6,18,5,4
0.9591348389208239,2,0,1,1,27.06,31.06,44,7.0015,2011,6,2,3,3
1.8260781474077188,3,0,1,1,30.34,34.09,62,11.0014,2011,7,7,3,22
1.765447506801529,1,0,0,1,5.74,6.06,54,19.0012,2012,1,15,6,10
1.8457296531480492,2,0,0,1,26.24,31.06,53,7.0015,2012,6,9,5,0
1.6942663054703442,1,0,1,1,10.66,14.395,35,0.0,2011,1,6,3,12
1.8681746132307353,1,0,1,1,18.86,22.725,24,16.9979,2012,3,9,4,15
1.503300998004841,3,0,0,2,28.7,33.335,84,8.9981,2011,8,7,6,3
1.5957092304038698,1,0,1,2,8.2,9.85,40,16.9979,2011,1,7,4,14
1.9443319639317302,2,0,1,3,21.32,25.0,88,11.0014,2011,5,13,4,18
1.1247482629090362,1,0,1,1,12.3,13.635,70,31.0009,2011,3,1,1,0
1.8295542650992236,4,0,1,1,14.76,16.665,43,19.0012,2011,11,4,4,20
2.0028540398346517,3,0,1,1,32.8,39.395,63,11.0014,2012,8,2,3,19
2.0015147895115666,4,0,1,1,13.12,15.15,53,15.0013,2012,12,11,1,17
1.9907152806964443,2,0,0,1,34.44,35.605,20,19.9995,2012,6,9,5,15
1.6524030880939045,3,0,1,3,22.14,25.76,83,26.0027,2011,9,6,1,12
1.5099182003836584,2,0,1,1,22.14,25.76,88,7.0015,2012,6,15,4,5
1.7182404735813999,2,0,1,1,12.3,14.395,65,16.9979,2012,4,12,3,6
1.9721637202627393,4,0,1,1,18.86,22.725,63,7.0015,2011,11,9,2,17
2.0184294433408136,3,0,1,1,27.88,31.82,61,12.998,2012,8,16,3,8
1.9185596528196553,3,0,1,1,33.62,38.635,52,8.9981,2012,7,17,1,21
1.7542520263946595,1,0,1,1,13.12,15.91,57,12.998,2012,2,7,1,22
1.8928641420201489,2,0,1,2,25.42,31.06,57,15.0013,2012,5,9,2,12
1.870734136494135,4,0,1,1,14.76,17.425,34,11.0014,2012,12,13,3,14
2.0192049927391618,2,0,0,1,27.88,31.82,36,19.0012,2012,6,3,6,13
1.4298455472897516,3,0,1,1,26.24,31.06,53,8.9981,2011,8,12,4,1
1.7087018253879918,1,0,1,2,11.48,13.635,45,11.0014,2011,2,4,4,14
1.7694345201285457,1,0,1,3,9.84,11.365,87,12.998,2012,2,8,2,21
1.6734888160092363,2,0,1,2,20.5,24.24,72,15.0013,2011,4,19,1,10
1.893931943123261,4,0,1,1,26.24,31.06,47,22.0028,2011,10,5,2,16
1.913173172035371,4,0,1,1,13.94,17.425,46,7.0015,2012,11,14,2,16
1.0804178182729878,3,0,1,1,26.24,12.12,65,7.0015,2012,8,17,4,3
0.5265890341390445,1,0,1,1,9.84,12.12,52,8.9981,2011,3,8,1,2
2.0522742867027977,4,0,1,1,21.32,25.0,59,11.0014,2012,10,17,2,18
1.026672031199051,4,0,1,1,18.04,21.97,88,15.0013,2012,10,18,3,4
1.9181193208376597,1,0,1,1,25.42,31.06,35,30.0026,2012,3,12,0,16
1.8553017984487439,1,0,0,1,15.58,19.695,40,15.0013,2012,1,8,6,17
1.5341940066777084,3,0,1,1,27.06,30.305,83,11.0014,2012,8,3,4,5
1.8862680216940895,2,0,0,1,23.78,27.275,49,0.0,2011,5,8,6,18
1.865565153838859,4,0,1,2,18.86,22.725,94,12.998,2011,12,6,1,7
1.9346438389440457,4,0,0,1,22.14,25.76,39,12.998,2011,10,15,5,18
1.570002974208493,1,0,1,1,12.3,14.395,70,12.998,2011,3,4,4,22
1.9909607091955668,3,0,1,2,36.9,39.395,27,8.9981,2011,8,2,1,17
1.8726220769889215,3,0,0,1,27.06,31.06,69,7.0015,2011,9,10,5,20
1.863574168980396,3,0,1,1,36.9,39.395,27,0.0,2011,8,1,0,16
1.6632944814375767,1,1,0,1,8.2,9.85,51,12.998,2011,1,17,0,17
1.9354161398973209,4,0,0,1,22.96,26.515,40,26.0027,2011,10,15,5,11
1.9907152806964443,2,0,1,1,30.34,32.575,30,15.0013,2012,6,8,4,19
1.3437034446606386,4,0,0,2,13.12,15.15,49,19.9995,2012,11,3,5,4
0.8697416861919438,1,0,1,3,12.3,13.635,100,19.9995,2011,3,16,2,1
1.880506958839086,1,0,1,2,13.12,15.91,87,11.0014,2012,2,16,3,19
1.8857031067251113,4,0,1,1,24.6,29.545,69,15.0013,2012,10,5,4,21
1.9051345487873121,1,0,0,1,20.5,24.24,31,26.0027,2011,3,19,5,16
1.8464903775306214,2,0,1,2,30.34,35.605,74,15.0013,2011,6,1,2,9
1.7681175901689328,3,0,1,1,31.98,34.85,43,7.0015,2011,8,17,2,11
1.9154450757061625,3,0,1,1,28.7,31.82,28,7.0015,2012,9,11,1,15
1.9761078731375774,2,0,0,1,29.52,32.575,45,23.9994,2012,5,13,6,15
1.1247482629090362,4,0,1,1,19.68,23.485,67,8.9981,2012,12,5,2,3
1.026672031199051,4,0,1,2,10.66,12.88,81,12.998,2012,12,7,4,3
1.503300998004841,2,0,0,1,14.76,18.18,66,6.0032,2012,4,14,5,3
1.9859544370585949,3,0,0,1,29.52,33.335,51,0.0,2012,8,18,5,11
0.5265890341390445,4,0,1,1,9.84,10.605,60,19.9995,2012,11,14,2,2
2.0144729267566395,4,0,1,1,15.58,19.695,94,0.0,2012,12,18,1,8
0.8697416861919438,1,0,1,1,9.02,11.365,47,11.0014,2011,1,5,2,5
1.583340520839692,1,0,1,2,6.56,11.365,93,0.0,2011,2,1,1,10
1.358504720646626,1,0,0,1,4.92,6.06,54,19.0012,2012,1,15,6,7
1.7373263784001205,1,0,1,3,18.86,22.725,82,7.0015,2012,3,16,4,15
1.9769366905751646,3,1,0,1,33.62,39.395,56,15.0013,2012,7,4,2,22
1.798970923559588,1,0,1,1,12.3,13.635,42,22.0028,2012,2,9,3,13
1.5284269505599697,4,0,1,1,15.58,19.695,87,6.0032,2012,12,18,1,5
1.898117976801967,3,0,1,1,29.52,34.09,66,12.998,2012,8,13,0,21
1.9080291992562277,3,0,1,1,35.26,39.395,44,15.0013,2012,8,2,3,13
1.026672031199051,4,0,1,1,14.76,18.94,93,0.0,2012,12,3,0,4
0.8697416861919438,1,0,1,1,4.1,6.82,54,6.0032,2011,2,11,4,2
1.7026798402849839,2,0,0,3,20.5,24.24,94,0.0,2011,5,14,5,8
1.4741440143630178,4,0,1,1,13.12,16.665,81,8.9981,2011,11,3,3,5
1.9417962470942867,3,0,1,1,29.52,33.335,58,15.0013,2012,7,11,2,21
2.0021862991048716,2,0,1,1,13.94,18.18,57,0.0,2012,4,3,1,8
1.8965639023210192,2,0,0,1,25.42,31.06,46,11.0014,2012,5,12,5,20
1.7667886546960463,3,0,0,1,27.06,31.06,65,11.0014,2011,7,16,5,8
1.3852268599316875,1,0,0,1,4.92,3.79,46,35.0008,2011,1,9,6,9
1.7340313214932865,2,0,1,1,22.14,25.76,64,27.9993,2011,6,13,0,6
1.9506256168552831,3,0,1,1,33.62,37.12,43,7.0015,2011,8,8,0,19
1.8378799982871266,3,0,1,2,28.7,32.575,70,19.0012,2012,7,3,1,21
1.9707236282233618,3,0,0,1,28.7,32.575,54,11.0014,2012,8,18,5,10
1.9051345487873121,2,0,0,1,18.86,22.725,41,27.9993,2011,4,17,6,11
1.9117905099724466,3,0,1,2,31.16,35.605,58,19.0012,2012,7,19,3,9
1.9326921663167214,2,0,0,1,18.04,21.97,33,19.9995,2011,4,3,6,13
1.9299082210139993,2,0,0,2,16.4,20.455,71,7.0015,2012,4,1,6,10
1.6734888160092363,1,0,1,1,13.94,16.665,93,11.0014,2011,2,2,2,13
1.2711498482847257,2,0,0,1,18.86,22.725,67,0.0,2012,5,19,5,5
1.9738697143211963,2,0,1,3,21.32,25.0,88,11.0014,2011,5,13,4,17
1.637662762520353,1,0,1,1,7.38,8.335,29,19.9995,2011,2,10,3,13
1.8021379316915813,4,0,0,1,10.66,11.365,48,26.0027,2011,12,17,5,18
1.026672031199051,1,0,1,1,8.2,9.85,47,12.998,2011,2,16,2,5
2.0580741557044764,3,0,1,1,28.7,31.82,41,19.9995,2012,9,12,2,17
1.8131782269605679,2,0,1,2,20.5,24.24,72,15.0013,2011,4,19,1,20
1.7720331658588133,4,0,1,2,14.76,16.665,66,16.9979,2012,11,19,0,6
1.7935304491330344,4,0,1,3,21.32,25.0,94,16.9979,2011,10,19,2,11
0.9591348389208239,4,0,0,1,10.66,15.15,81,0.0,2011,12,4,6,5
1.7218947624700471,2,0,0,1,22.96,26.515,64,11.0014,2012,5,13,6,0
1.7694345201285457,1,0,1,1,11.48,12.88,56,19.0012,2012,2,3,4,10
1.7613486395430595,4,0,1,2,15.58,19.695,94,11.0014,2012,12,10,0,6
1.583340520839692,1,1,0,2,6.56,7.575,47,15.0013,2011,1,17,0,9
1.0804178182729878,4,0,1,2,12.3,15.15,56,11.0014,2012,11,5,0,2
1.9546513926697417,2,0,0,1,25.42,31.06,57,16.9979,2012,5,13,6,11
1.884565958136911,1,0,1,2,25.42,31.06,50,8.9981,2012,3,15,3,12
1.7783332269022314,1,0,1,1,17.22,21.21,38,19.9995,2012,1,10,1,15
1.961396413006317,1,0,0,1,23.78,27.275,37,19.9995,2012,1,7,5,15
1.637662762520353,4,0,1,3,14.76,16.665,81,19.9995,2011,11,10,3,15
1.5224670302876946,2,0,1,2,13.94,18.18,87,0.0,2011,4,8,4,6
1.607232291151654,3,0,1,1,31.16,36.365,66,11.0014,2012,7,18,2,0
1.9591887074930323,2,0,1,1,19.68,23.485,77,16.9979,2011,5,11,2,8
0.5265890341390445,2,0,1,1,15.58,19.695,66,19.0012,2011,4,4,0,3
1.9482156550040577,2,0,1,2,23.78,27.275,88,6.0032,2012,5,15,1,8
1.9021737291891518,3,0,1,1,29.52,33.335,48,0.0,2011,9,12,0,16
1.1247482629090362,3,0,1,2,25.42,27.275,94,23.9994,2012,9,18,1,4
1.9346438389440457,4,0,0,1,14.76,17.425,46,11.0014,2011,11,5,5,12
1.6684735252826461,1,0,1,2,10.66,12.88,75,15.0013,2012,1,13,4,6
1.755698992678211,3,0,0,2,25.42,30.305,69,6.0032,2012,8,19,6,2
1.710657776180059,4,0,1,1,12.3,16.665,81,0.0,2011,11,2,2,6
1.9011715868708958,3,0,1,1,29.52,34.85,79,0.0,2012,9,5,2,21
1.8434216945775423,2,0,1,1,24.6,31.06,46,6.0032,2012,6,6,2,10
1.6759380249901916,1,0,0,1,6.56,7.575,47,15.0013,2012,1,14,5,23
1.4741440143630178,1,0,0,1,7.38,9.85,51,11.0014,2011,1,16,6,21
1.912253049635755,3,0,1,1,31.16,35.605,62,0.0,2012,7,18,2,21
1.6853704905634923,1,0,1,1,9.02,12.88,25,6.0032,2011,3,3,3,13
1.8862680216940895,1,0,1,2,13.94,15.91,42,16.9979,2012,2,10,4,16
1.358504720646626,3,0,1,1,22.14,25.76,60,23.9994,2012,9,10,0,2
1.9369466978095553,4,0,1,1,15.58,19.695,46,12.998,2011,12,19,0,17
1.4660765372061442,2,0,1,1,11.48,13.635,56,12.998,2012,4,11,2,5
1.926236627583198,2,0,1,1,17.22,21.21,50,16.9979,2012,5,11,4,7
1.1947055233182955,1,0,1,3,13.94,15.91,87,15.0013,2012,1,11,2,23
1.8102520538839093,4,0,0,1,13.12,17.425,66,0.0,2011,11,5,5,20
1.7182404735813999,1,0,0,2,17.22,21.21,88,7.0015,2012,3,18,6,8
1.881679452127038,3,0,1,1,34.44,37.88,44,0.0,2012,8,9,3,11
1.914541129043442,1,0,0,1,13.94,15.91,57,15.0013,2012,1,7,5,11
1.7437063358613225,1,0,0,2,19.68,23.485,48,11.0014,2012,1,1,6,17
0.9591348389208239,3,0,1,2,26.24,29.545,78,8.9981,2012,8,1,2,4
0.5265890341390445,2,0,1,1,14.76,18.18,71,7.0015,2011,5,6,4,4
1.7681175901689328,1,0,1,2,11.48,12.88,57,23.9994,2012,3,5,0,14
1.9207388662156095,3,0,1,2,35.26,40.91,50,19.9995,2012,8,3,4,12
1.7946353028541102,3,0,0,1,27.06,29.545,89,16.9979,2012,9,8,5,0
0.7412763113750153,2,0,1,3,20.5,24.24,88,32.9975,2011,4,5,1,4
0.5265890341390445,1,0,1,1,7.38,8.335,43,16.9979,2011,2,3,3,3
1.9046457503503968,1,0,0,1,20.5,24.24,25,16.9979,2012,3,3,5,18
1.3437034446606386,3,0,0,1,30.34,35.605,74,11.0014,2012,7,7,5,4
1.8799167926221376,2,0,1,2,20.5,24.24,100,0.0,2011,5,19,3,7
1.8449646614985311,3,0,1,1,31.16,35.605,58,0.0,2011,8,4,3,13
1.68988188256892,2,0,0,2,20.5,24.24,88,8.9981,2011,5,14,5,1
1.3437034446606386,3,1,0,1,27.88,31.82,69,16.9979,2012,7,4,2,4
1.9326921663167214,3,0,1,2,29.52,34.09,62,12.998,2012,8,15,2,9
1.8781303494314965,3,0,1,1,31.98,34.85,40,11.0014,2012,8,13,0,13
1.8581160323277108,2,0,1,2,21.32,25.0,88,12.998,2011,5,13,4,12
1.9249888048924875,2,0,1,1,22.96,26.515,28,27.9993,2012,5,11,4,12
1.912253049635755,4,0,1,1,24.6,31.06,40,11.0014,2012,10,10,2,15
1.8601888513706977,2,0,1,2,21.32,25.0,88,26.0027,2011,5,13,4,13
1.8251953231790878,3,0,0,1,30.34,36.365,72,12.998,2012,8,4,5,8
1.8269553882413483,3,1,0,2,31.98,34.85,43,6.0032,2012,7,4,2,23
1.9278815679894448,1,0,1,1,9.84,10.605,32,23.9994,2012,1,18,2,18
1.74525954872198,1,0,1,1,5.74,8.335,28,7.0015,2011,2,10,3,19
1.9715897178889294,2,0,0,1,23.78,27.275,23,11.0014,2012,4,8,6,13
1.0804178182729878,3,0,0,1,23.78,27.275,94,11.0014,2011,9,10,5,6
1.8021379316915813,2,0,1,3,20.5,24.24,88,11.0014,2011,5,13,4,7
1.6985302777514544,1,0,0,1,10.66,13.635,70,7.0015,2012,2,4,5,0
1.9882330476146732,3,0,0,3,30.34,34.85,70,0.0,2012,9,2,6,12
1.4660765372061442,3,0,0,3,24.6,28.03,83,0.0,2011,8,14,6,23
1.6985302777514544,4,0,1,2,18.04,21.97,94,19.0012,2011,12,6,1,6
1.919871631657153,4,0,1,1,15.58,19.695,50,26.0027,2012,12,19,2,19
1.223156202527103,4,0,0,1,6.56,11.365,59,0.0,2011,12,11,6,6
1.8082668738615209,1,0,1,1,15.58,19.695,46,26.0027,2012,2,15,2,12
1.358504720646626,1,0,1,1,7.38,10.605,80,7.0015,2012,2,6,0,5
1.8295542650992236,4,0,1,1,17.22,21.21,58,6.0032,2012,10,11,3,23
1.637662762520353,4,0,0,1,22.96,26.515,52,27.9993,2011,10,16,6,23
1.4741440143630178,1,0,1,1,10.66,15.15,81,0.0,2012,1,11,2,0
2.0408350920247402,4,0,1,2,25.42,28.03,88,7.0015,2012,10,3,2,8
1.6180113091810355,4,0,0,1,22.14,25.76,77,15.0013,2012,10,6,5,3
1.860872764634446,4,1,0,3,16.4,20.455,71,15.0013,2012,10,8,0,20
1.7437063358613225,4,0,0,2,15.58,19.695,94,6.0032,2012,12,8,5,8
1.8102520538839093,2,0,1,1,13.94,15.15,57,26.0027,2012,4,11,2,21
1.8131782269605679,3,0,0,1,27.88,31.82,61,15.0013,2011,7,16,5,23
1.6632944814375767,1,0,1,2,11.48,14.395,96,8.9981,2012,2,17,4,6
1.5957092304038698,4,0,1,1,13.94,16.665,57,11.0014,2012,11,2,4,0
0.9591348389208239,4,0,1,2,12.3,14.395,56,15.0013,2012,11,5,0,3
1.904155101148327,2,0,1,2,13.12,15.15,49,19.9995,2012,4,11,2,9
1.8072636887169242,2,0,1,1,25.42,31.06,41,15.0013,2011,5,9,0,14
1.6466671712706678,1,0,1,2,12.3,15.91,70,6.0032,2012,2,10,4,23
1.8581160323277108,2,0,1,2,26.24,30.305,65,19.0012,2012,5,8,1,21
1.8150956430032537,3,0,0,1,23.78,27.275,68,15.0013,2012,9,9,6,8
1.2484412575662103,1,0,0,3,14.76,16.665,100,19.0012,2011,3,6,6,16
1.8928641420201489,2,0,1,1,18.04,21.97,33,16.9979,2012,4,12,3,20
1.85601087126303,3,0,1,1,31.98,36.365,55,12.998,2011,8,19,4,14
1.890155921849322,2,0,0,1,27.88,31.82,74,16.9979,2011,6,11,5,20
1.7026798402849839,1,0,0,1,11.48,13.635,38,16.9979,2012,3,4,6,20
1.8629038905519502,2,0,1,1,23.78,27.275,40,11.0014,2011,6,3,4,9
1.7627277196400848,1,0,1,1,9.02,9.85,55,27.9993,2011,3,1,1,9
1.8649047698246697,3,0,1,3,25.42,28.79,83,15.0013,2012,9,17,0,21
1.2917246727283112,4,0,1,3,18.86,22.725,94,7.0015,2011,11,16,2,5
1.8976020071415636,4,0,1,1,22.96,26.515,46,8.9981,2011,11,8,1,16
1.8000344713048928,1,0,1,1,14.76,17.425,27,8.9981,2012,2,13,0,15
1.448822238365871,3,0,0,1,26.24,29.545,78,6.0032,2011,7,10,6,6
1.7640939343176614,3,0,0,1,27.06,31.06,65,15.0013,2011,7,17,6,0
1.710657776180059,4,0,1,1,13.12,15.91,66,12.998,2011,12,15,3,6
1.775845981748474,1,0,1,1,13.94,17.425,49,7.0015,2012,2,3,4,21
1.6109034750189168,2,0,0,1,13.12,15.15,33,19.0012,2012,4,7,5,7
1.8907020599217577,3,0,1,3,28.7,33.335,79,11.0014,2012,8,6,0,9
1.6807250824647135,1,0,0,2,9.84,10.605,100,19.0012,2011,2,5,5,17
1.890155921849322,3,0,1,1,32.8,37.88,55,30.0026,2012,9,4,1,13
1.9176774696931478,3,0,1,1,30.34,34.85,66,8.9981,2012,7,10,1,9
1.1247482629090362,1,1,0,1,14.76,15.91,34,30.0026,2012,1,2,0,2
1.6807250824647135,2,0,0,1,22.14,25.76,68,12.998,2012,6,16,5,7
1.873866006687491,2,0,1,2,22.14,25.76,45,15.0013,2012,5,7,0,21
1.026672031199051,2,0,1,1,18.86,22.725,67,6.0032,2011,4,19,1,4
1.8426436266120914,1,0,1,2,12.3,15.15,70,11.0014,2012,2,16,3,9
1.2917246727283112,1,0,1,1,8.2,9.85,51,16.9979,2012,1,3,1,0
1.916789170111494,1,0,0,1,12.3,13.635,33,22.0028,2012,3,10,5,12
2.019398080994574,4,0,1,3,25.42,27.275,94,6.0032,2012,10,2,1,18
1.3105061862047918,3,0,1,1,29.52,33.335,58,0.0,2012,7,3,1,1
1.9931472818006903,2,0,0,2,24.6,30.305,64,0.0,2012,5,6,6,13
1.8538724045702297,1,0,1,2,7.38,10.605,51,6.0032,2011,1,11,1,8
2.0411554358660395,2,0,1,1,32.8,37.88,55,12.998,2012,6,19,1,17
1.603478573504849,2,0,1,2,21.32,25.0,83,11.0014,2011,5,13,4,0
0.9591348389208239,4,0,1,1,8.2,12.88,80,0.0,2011,12,13,1,4
1.223156202527103,4,0,1,2,18.86,22.725,94,7.0015,2011,11,16,2,2
2.0174527389712082,3,0,1,1,31.16,34.09,40,7.0015,2012,8,16,3,19
1.026672031199051,2,0,0,2,18.04,21.97,77,0.0,2011,5,8,6,5
1.7323562465403226,2,0,1,1,19.68,23.485,55,7.0015,2011,4,14,3,22
1.9758303417089067,2,0,1,1,23.78,27.275,53,8.9981,2011,6,15,2,8
1.6659050929776016,1,0,0,2,13.12,15.15,39,16.9979,2012,2,19,6,1
1.8538724045702297,4,0,0,1,20.5,24.24,77,0.0,2011,10,8,5,9
1.801090104041353,1,0,1,1,4.92,4.545,28,27.9993,2012,1,3,1,19
1.997404270945216,4,0,1,1,13.12,15.91,49,12.998,2012,11,14,2,17
1.2484412575662103,4,0,0,1,12.3,14.395,61,12.998,2012,10,13,5,5
1.8216068302034107,3,0,1,1,31.16,33.335,33,22.0028,2011,7,14,3,13
1.0804178182729878,3,0,1,1,27.06,31.06,69,0.0,2011,8,17,2,2
1.1947055233182955,2,0,0,1,22.96,26.515,88,7.0015,2012,5,5,5,4
1.97884890904261,4,0,0,2,13.94,18.18,76,0.0,2012,12,1,5,13
1.1247482629090362,4,0,1,2,24.6,25.76,94,0.0,2012,10,3,2,3
1.6830650011356274,3,0,1,1,31.98,35.605,52,0.0,2011,7,12,1,23
1.8885037407137346,2,0,1,1,30.34,34.09,58,8.9981,2012,6,19,1,13
1.9601397058579975,3,0,1,3,31.16,36.365,66,19.0012,2012,8,7,1,16
1.8337800047354695,2,0,0,1,22.14,25.76,88,0.0,2011,5,15,6,20
1.8917875600189848,3,0,1,1,28.7,31.82,37,11.0014,2012,9,12,2,14
0.9591348389208239,3,0,1,1,28.7,33.335,79,19.0012,2012,9,5,2,3
1.7946353028541102,3,0,0,1,31.98,37.88,66,8.9981,2012,7,7,5,0
1.893931943123261,2,0,1,1,26.24,30.305,65,8.9981,2012,5,1,1,21
1.1622831138840004,2,0,1,1,18.86,22.725,82,0.0,2012,6,6,2,3
1.026672031199051,1,0,1,1,8.2,11.365,51,6.0032,2012,1,5,3,1
0.8697416861919438,1,0,1,3,14.76,17.425,93,16.9979,2012,1,12,3,3
1.8502315274246866,3,0,1,1,30.34,34.09,58,15.0013,2011,9,14,2,12
1.8141402142832723,3,0,1,1,26.24,28.79,89,11.0014,2012,9,6,3,23
1.8726220769889215,3,0,1,1,31.16,34.09,40,6.0032,2012,8,13,0,11
1.4741440143630178,2,0,1,1,26.24,29.545,78,8.9981,2011,6,13,0,0
1.6180113091810355,3,0,1,2,21.32,25.0,68,19.0012,2012,9,19,2,5
1.2917246727283112,2,0,1,3,17.22,21.21,77,7.0015,2012,4,19,3,1
1.6710010327416251,1,0,0,2,13.94,15.15,39,23.9994,2012,2,19,6,0
1.5397794579522743,2,0,1,1,19.68,23.485,77,0.0,2012,6,6,2,5
1.791294740218941,2,0,1,3,19.68,23.485,47,15.0013,2012,4,18,2,10
1.8896075013631948,3,0,1,1,36.9,38.635,25,19.0012,2011,8,2,1,16
1.2484412575662103,3,0,1,2,27.06,31.06,61,0.0,2012,7,13,4,4
1.8304098214920528,4,0,0,1,21.32,25.0,77,0.0,2011,10,8,5,21
1.579009137828587,1,0,1,2,3.28,6.06,42,6.0032,2012,1,4,2,11
1.9094525728270801,4,0,1,1,22.14,25.76,37,23.9994,2012,10,12,4,11
1.9749939323524341,3,0,0,1,35.26,39.395,41,15.0013,2012,7,15,6,16
1.223156202527103,4,0,1,1,17.22,21.21,77,11.0014,2012,12,3,0,2
1.6579414149579819,4,0,1,2,23.78,27.275,94,23.9994,2011,10,19,2,23
1.0804178182729878,2,0,1,2,22.96,26.515,64,8.9981,2011,4,12,1,4
1.8082668738615209,3,0,1,1,31.16,36.365,66,19.0012,2011,7,6,2,14
1.894462592869453,3,0,1,1,30.34,34.09,55,22.0028,2011,8,15,0,16
1.2711498482847257,4,0,0,1,9.84,10.605,60,22.0028,2011,11,19,5,6
1.570002974208493,3,0,1,1,25.42,29.545,73,7.0015,2012,7,12,3,5
1.8329451460953283,4,0,1,1,13.94,17.425,46,7.0015,2011,12,1,3,20
1.9936278224918556,4,0,1,1,13.12,15.91,53,11.0014,2012,11,14,2,18
1.6920895459931111,3,0,0,2,25.42,27.275,94,0.0,2011,9,10,5,1
1.765447506801529,4,0,1,2,12.3,15.15,70,11.0014,2011,12,9,4,10
1.4660765372061442,3,0,0,1,28.7,33.335,79,6.0032,2012,7,1,6,6
1.7182404735813999,3,0,1,3,26.24,28.79,89,6.0032,2011,9,7,2,20
1.6734888160092363,2,0,0,2,14.76,17.425,93,8.9981,2011,4,9,5,21
1.749824041026481,3,0,0,1,27.88,31.82,47,6.0032,2011,7,2,5,0
1.8917875600189848,2,0,1,2,26.24,30.305,73,0.0,2012,5,4,4,13
1.6214540309583532,2,0,0,1,18.04,21.97,94,16.9979,2011,4,10,6,22
1.700619000072578,4,0,1,1,9.02,13.635,80,0.0,2011,12,2,4,6
1.6830650011356274,3,0,0,1,29.52,34.85,74,8.9981,2012,9,1,5,1
1.749824041026481,1,0,1,1,4.92,6.06,33,16.9979,2012,1,3,1,20
2.020549974511097,4,0,1,1,13.12,15.91,57,11.0014,2012,11,9,4,8
1.6920895459931111,1,0,0,1,7.38,6.82,37,30.0026,2011,1,9,6,12
1.4660765372061442,4,0,1,2,16.4,20.455,87,6.0032,2011,10,4,1,0
1.8102520538839093,2,0,0,1,26.24,30.305,73,11.0014,2011,6,5,6,21
1.9464652902368638,2,0,0,1,25.42,31.06,43,15.0013,2012,6,3,6,10
1.8879483638033878,2,1,0,1,27.88,31.82,57,16.9979,2012,4,16,0,12
1.984669696731773,2,0,0,1,32.8,34.85,29,16.9979,2012,6,9,5,12
1.6281310150671582,1,0,1,2,8.2,9.85,37,16.9979,2011,1,7,4,12
1.7323562465403226,2,0,1,1,38.54,41.665,31,11.0014,2011,6,9,3,15
1.9270617593861936,3,0,0,1,28.7,32.575,65,15.0013,2011,9,3,5,13
1.7627277196400848,4,0,1,2,13.94,15.15,49,30.0026,2011,11,17,3,13
1.5653166550596793,3,0,1,2,31.16,35.605,58,15.0013,2012,7,2,0,0
1.5604997616108318,1,0,0,2,18.04,21.97,88,0.0,2012,3,17,5,2
1.0804178182729878,3,0,1,1,21.32,25.0,83,0.0,2012,9,13,3,4
1.797899348601363,2,0,1,1,33.62,37.88,46,0.0,2011,6,10,4,11
1.9384588842298294,4,0,1,2,17.22,21.21,77,15.0013,2012,10,9,1,9
1.8122095959040794,1,0,0,2,18.04,21.97,67,16.9979,2011,3,5,5,12
1.7389471062414084,4,0,1,1,14.76,18.18,81,6.0032,2011,11,7,0,22
1.579009137828587,1,0,1,1,8.2,9.09,59,19.9995,2011,3,1,1,6
1.8839936846137324,2,0,1,1,22.14,25.76,49,0.0,2012,4,19,3,12
1.3852268599316875,2,0,1,1,22.96,26.515,56,0.0,2012,6,8,4,2
1.7867156538126496,1,0,0,1,9.02,11.365,41,12.998,2012,1,14,5,18
1.6734888160092363,1,0,1,1,16.4,20.455,58,16.9979,2011,1,19,2,14
1.844195357303668,3,0,1,1,31.98,35.605,52,16.9979,2011,8,5,4,13
1.2711498482847257,3,0,1,2,29.52,33.335,54,19.9995,2012,7,2,0,4
1.8524277618844993,3,0,1,1,29.52,33.335,54,0.0,2011,8,16,1,21
1.9026719155555414,3,0,1,1,27.06,31.06,65,0.0,2011,9,12,0,20
1.8744836395596192,3,0,1,1,27.06,29.545,89,16.9979,2012,9,7,4,23
1.884565958136911,2,0,0,1,17.22,21.21,54,8.9981,2012,4,14,5,9
1.781985597277665,2,0,1,1,18.04,21.97,72,15.0013,2012,5,10,3,6
1.9902229150624744,2,0,1,1,23.78,27.275,40,23.9994,2011,5,6,4,17
1.026672031199051,3,0,1,2,21.32,25.0,63,16.9979,2012,9,19,2,3
1.9311088435575234,4,0,1,1,10.66,13.635,75,8.9981,2012,12,19,2,7
1.503300998004841,1,0,1,1,8.2,8.335,44,30.0026,2011,2,2,2,23
1.867527001142399,2,0,0,1,22.96,26.515,78,16.9979,2011,5,15,6,18
1.8933991317302272,1,0,1,1,15.58,19.695,46,7.0015,2012,1,10,1,19
1.7389471062414084,1,0,1,2,8.2,9.85,55,15.0013,2011,2,16,2,7
1.6659050929776016,1,0,0,1,16.4,20.455,37,22.0028,2011,3,19,5,22
1.875710366758475,3,0,1,1,27.06,30.305,83,11.0014,2011,7,8,4,20
1.8102520538839093,3,0,1,1,24.6,28.79,78,11.0014,2012,8,16,3,6
1.9741517421386063,3,0,1,1,28.7,31.82,42,11.0014,2011,7,1,4,8
1.9536571131560738,2,0,1,2,20.5,24.24,51,7.0015,2011,5,10,1,8
1.5099182003836584,2,0,1,1,16.4,20.455,43,8.9981,2012,4,3,1,0
1.945047123513961,2,0,1,1,24.6,31.06,38,32.9975,2012,4,17,1,9
1.223156202527103,2,0,1,1,18.86,22.725,82,7.0015,2012,6,6,2,4
1.7405504459900154,1,0,1,1,17.22,21.21,77,16.9979,2012,3,8,3,6
1.8787285104503608,3,0,1,1,27.88,31.06,30,6.0032,2012,9,11,1,14
1.700619000072578,4,0,1,1,9.84,12.12,70,8.9981,2012,11,14,2,23
1.358504720646626,2,0,1,1,27.06,31.06,74,7.0015,2012,6,11,0,2
2.0112090454763987,2,0,1,1,22.14,25.76,34,19.9995,2012,4,9,0,18
1.7694345201285457,1,0,1,3,19.68,23.485,77,0.0,2012,3,16,4,16
1.1247482629090362,1,0,1,1,9.84,12.88,52,6.0032,2011,3,8,1,3
1.5875644833216505,1,0,0,1,17.22,21.21,47,32.9975,2011,3,19,5,8
1.9158946735023363,2,0,0,1,31.16,34.85,55,0.0,2011,6,18,5,13
1.8890567804069143,4,0,1,2,14.76,17.425,81,11.0014,2011,11,10,3,18
1.7745861482661287,4,0,1,1,27.06,30.305,78,12.998,2011,10,13,3,14
1.5653166550596793,2,0,0,1,15.58,19.695,46,26.0027,2011,4,17,6,8
1.8896075013631948,2,0,1,1,22.14,25.76,88,12.998,2011,5,18,2,7
1.5397794579522743,2,0,1,2,21.32,25.0,55,8.9981,2011,5,11,2,0
1.6214540309583532,1,0,1,3,12.3,14.395,75,16.9979,2012,1,17,1,6
1.1247482629090362,4,0,1,1,22.96,26.515,94,8.9981,2011,10,14,4,3
1.9443319639317302,3,0,1,1,30.34,33.335,51,7.0015,2012,7,2,0,7
1.583340520839692,2,0,1,1,24.6,28.79,78,7.0015,2012,5,2,2,0
0.5265890341390445,1,0,1,1,9.02,11.365,51,11.0014,2012,3,5,0,3
1.8601888513706977,3,0,1,1,28.7,32.575,61,11.0014,2012,8,15,2,22
1.4741440143630178,2,1,0,1,25.42,30.305,61,23.9994,2012,4,16,0,1
1.9454031760832335,3,0,1,2,36.9,38.635,24,0.0,2012,7,3,1,15
1.884565958136911,2,0,1,1,29.52,32.575,37,16.9979,2012,6,7,3,14
1.8337800047354695,2,0,0,2,21.32,25.0,83,11.0014,2012,5,6,6,9
1.7694345201285457,3,0,1,1,29.52,34.09,66,0.0,2011,7,7,3,23
1.8970839874548464,1,0,1,1,24.6,31.06,40,6.0032,2012,3,14,2,21
1.801090104041353,4,0,1,1,25.42,31.06,43,23.9994,2011,10,14,4,14
1.327761429538331,4,0,0,1,18.04,21.97,88,0.0,2011,10,9,6,5
1.5745651437258248,4,0,0,1,14.76,18.94,87,0.0,2011,11,6,6,22
1.8243068483519838,2,1,0,1,22.14,25.76,52,16.9979,2011,4,15,4,13
1.327761429538331,4,0,1,1,12.3,15.91,65,6.0032,2012,12,19,2,1
1.0804178182729878,3,0,0,1,18.04,21.97,77,15.0013,2011,9,18,6,5
1.9211702864987459,2,0,0,2,27.06,31.06,50,27.9993,2012,5,13,6,19
1.5504460211620947,1,0,1,1,9.02,10.605,44,16.9979,2011,2,2,2,22
1.2711498482847257,4,0,0,1,17.22,21.21,54,12.998,2011,10,16,6,4
1.6524030880939045,2,0,0,1,23.78,27.275,53,0.0,2012,6,16,5,2
1.7946353028541102,1,0,1,1,14.76,17.425,43,8.9981,2011,3,14,0,19
1.9436126948827355,4,0,1,2,14.76,18.18,57,7.0015,2011,12,14,2,17
1.927472325029152,3,0,0,2,21.32,25.0,72,12.998,2011,9,17,5,15
1.9061066457543656,4,0,1,2,16.4,20.455,40,27.9993,2012,11,2,4,15
1.6313704001963978,4,0,1,3,18.86,22.725,94,6.0032,2011,11,16,2,11
1.74525954872198,4,0,1,1,9.84,12.88,75,6.0032,2012,12,19,2,6
1.372306733580753,4,0,1,2,18.04,21.97,94,8.9981,2012,12,18,1,0
1.5163019408528369,1,0,1,1,4.92,7.575,42,7.0015,2011,2,10,3,23
1.8642411184013048,2,0,1,1,20.5,24.24,42,7.0015,2012,5,10,3,22
1.7306622908306295,1,0,1,2,15.58,19.695,76,22.0028,2012,1,17,1,13
1.4741440143630178,4,0,1,1,22.14,25.76,68,19.0012,2011,11,15,1,5
1.6985302777514544,1,1,0,2,7.38,10.605,43,7.0015,2011,1,17,0,14
0.8697416861919438,4,0,1,1,9.02,13.635,80,0.0,2011,12,2,4,4
1.8775294779444245,3,1,0,2,27.88,31.82,79,19.0012,2011,9,5,0,15
1.7968196318819551,2,0,1,2,23.78,27.275,83,6.0032,2012,5,14,0,21
1.6281310150671582,1,0,1,1,0.82,2.275,41,11.0014,2012,1,4,2,6
1.4576463830228739,3,0,0,1,26.24,31.06,53,0.0,2011,7,2,5,3
1.5604997616108318,4,0,1,1,14.76,17.425,50,11.0014,2012,10,11,3,5
1.6248263889219656,3,0,0,1,24.6,29.545,73,8.9981,2011,7,16,5,2
1.8810945047250232,2,0,1,1,26.24,31.06,47,7.0015,2011,5,11,2,17
1.781985597277665,4,0,1,2,12.3,14.395,49,19.0012,2012,11,5,0,6
1.8524277618844993,3,0,0,1,30.34,34.85,70,15.0013,2011,8,6,5,9
1.6437209301888343,1,0,1,2,8.2,9.09,34,19.0012,2011,2,9,2,15
1.9976363861196942,3,0,1,1,34.44,35.605,26,19.9995,2011,8,10,2,17
1.503300998004841,1,0,0,1,9.02,13.635,80,0.0,2011,1,1,5,2
1.9536571131560738,3,0,1,1,31.16,35.605,58,35.0008,2011,8,19,4,18
1.8464903775306214,4,0,0,1,13.12,15.15,45,19.0012,2011,12,18,6,15
1.5099182003836584,3,0,0,1,22.14,25.76,49,27.9993,2012,9,15,5,6
1.327761429538331,3,0,1,1,28.7,33.335,79,6.0032,2011,8,8,0,5
1.8243068483519838,2,0,1,3,22.14,25.76,73,12.998,2011,5,19,3,14
0.7412763113750153,1,0,1,1,9.84,11.365,48,15.0013,2011,1,5,2,4
1.969559219559395,2,0,0,1,26.24,30.305,19,22.0028,2012,4,8,6,16
1.7599564649868773,1,0,1,1,13.94,15.15,31,23.9994,2011,3,7,0,16
1.7356879059276584,2,0,1,3,22.14,25.76,68,19.0012,2011,4,12,1,13
1.7843700777314968,4,0,1,1,12.3,13.635,61,22.0028,2011,12,19,0,12
1.6109034750189168,4,0,1,3,22.14,25.76,94,6.0032,2011,10,12,2,23
1.8434216945775423,2,0,1,1,19.68,23.485,36,30.0026,2012,4,12,3,13
1.3973634811730353,1,1,0,1,5.74,8.335,43,7.0015,2012,1,16,0,1
1.5163019408528369,2,0,1,2,20.5,24.24,39,19.0012,2012,4,18,2,5
1.6495606454510718,2,0,0,1,26.24,28.79,89,16.9979,2011,6,12,6,2
1.7144962229206409,1,0,0,3,15.58,19.695,87,6.0032,2012,3,3,5,9
1.6281310150671582,1,0,1,1,5.74,9.09,36,0.0,2011,2,9,2,10
1.8986319116885528,2,0,1,1,29.52,34.85,79,6.0032,2012,6,19,1,22
1.748318097194945,4,0,1,2,18.04,21.97,72,15.0013,2011,11,14,0,6
0.8697416861919438,1,0,0,2,17.22,21.21,88,23.9994,2011,3,6,6,4
1.7340313214932865,1,0,0,3,17.22,21.21,67,26.0027,2012,1,1,6,19
1.9384588842298294,3,0,1,1,32.8,36.365,43,12.998,2011,8,1,0,8
1.9046457503503968,2,0,0,2,18.86,22.725,31,12.998,2011,4,3,6,16
1.7613486395430595,2,0,0,1,13.94,15.91,34,16.9979,2012,4,7,5,8
1.1947055233182955,4,0,1,1,9.84,10.605,52,19.0012,2012,12,6,3,2
1.6437209301888343,1,0,1,1,13.94,18.18,34,0.0,2011,3,1,1,15
1.6783497616208911,1,0,0,1,13.12,15.15,57,19.9995,2011,3,13,6,20
1.6248263889219656,1,0,0,1,10.66,13.635,60,7.0015,2012,1,8,6,22
1.7935304491330344,3,0,1,2,26.24,30.305,73,6.0032,2011,9,2,4,21
1.6109034750189168,2,0,0,2,13.12,15.15,93,11.0014,2011,4,9,5,8
1.8329451460953283,4,0,0,1,21.32,25.0,27,22.0028,2011,11,13,6,18
1.4395687003478856,2,0,1,1,16.4,20.455,76,32.9975,2012,4,2,0,5
1.8851357588170432,3,0,1,1,31.98,38.635,70,7.0015,2012,9,5,2,12
1.836254638743768,1,0,0,1,18.86,22.725,38,26.0027,2011,3,13,6,12
0.5265890341390445,1,0,1,2,12.3,16.665,61,0.0,2012,2,16,3,3
1.579009137828587,4,0,1,1,22.14,25.76,68,7.0015,2012,10,5,4,1
1.026672031199051,4,0,1,2,15.58,19.695,94,7.0015,2012,12,10,0,2
1.928696117898278,3,0,1,1,34.44,12.12,36,26.0027,2012,8,17,4,13
1.7306622908306295,1,0,0,2,12.3,14.395,52,19.0012,2012,2,19,6,20
1.637662762520353,2,0,0,1,24.6,28.79,78,7.0015,2012,6,10,6,7
1.4576463830228739,1,0,0,1,11.48,14.395,61,7.0015,2011,2,6,6,20
2.0003871212614466,2,0,1,1,26.24,30.305,23,19.0012,2012,5,11,4,18
1.5875644833216505,1,0,0,2,12.3,14.395,36,19.0012,2012,2,19,6,2
1.6807250824647135,1,0,1,3,17.22,21.21,77,7.0015,2012,2,2,3,10
1.9380825371667785,4,0,1,1,22.96,26.515,37,26.0027,2012,10,12,4,13
1.8122095959040794,3,0,1,1,32.8,37.88,55,11.0014,2011,8,4,3,14
1.1947055233182955,4,0,1,1,18.86,22.725,67,11.0014,2012,12,5,2,2
1.1247482629090362,4,0,1,1,14.76,18.94,81,0.0,2011,10,3,0,3
1.866876239930001,4,1,0,1,15.58,19.695,37,36.9974,2011,11,11,4,13
1.8160445966634724,4,0,1,1,13.12,14.395,45,23.9994,2012,11,14,2,10
1.7681175901689328,4,0,1,2,22.14,25.76,60,19.0012,2011,11,14,0,11
1.9172340894587216,3,0,0,1,24.6,31.06,43,6.0032,2012,9,15,5,20
1.6920895459931111,1,0,1,1,12.3,14.395,49,16.9979,2011,1,4,1,16
1.3437034446606386,3,1,0,2,27.88,31.82,74,19.9995,2011,9,5,0,3
1.8810945047250232,3,0,0,1,29.52,34.85,74,15.0013,2011,8,14,6,19
1.81792340526738,4,0,0,1,22.14,25.76,83,7.0015,2011,10,9,6,21
1.4818766360989102,1,0,0,1,18.04,21.97,51,19.9995,2012,1,1,6,23
1.9080291992562277,3,0,1,1,37.72,41.665,33,15.0013,2012,7,5,3,13
1.969266378383766,2,0,0,1,34.44,36.365,30,15.0013,2012,6,10,6,15
1.6281310150671582,1,0,1,2,13.12,14.395,76,26.0027,2011,3,9,2,11
1.8197772781208725,4,0,1,1,10.66,13.635,60,7.0015,2011,12,8,3,20
1.7340313214932865,4,0,1,2,25.42,28.03,88,0.0,2011,10,13,3,12
1.96108343429015,2,0,1,1,27.06,31.06,39,31.0009,2012,6,4,0,16
1.797899348601363,4,0,1,1,18.04,21.97,88,19.9995,2012,10,18,3,6
1.757131886054717,3,0,1,2,28.7,33.335,79,23.9994,2011,9,8,3,14
1.0804178182729878,2,0,1,2,24.6,31.06,56,16.9979,2012,6,14,3,4
1.9194357985353954,2,0,0,1,22.14,25.76,49,0.0,2012,5,12,5,9
1.583340520839692,1,0,1,2,10.66,13.635,93,8.9981,2011,1,19,2,10
1.8251953231790878,3,0,0,1,29.52,34.09,66,15.0013,2011,7,17,6,22
1.6830650011356274,1,0,0,1,14.76,17.425,50,11.0014,2012,1,7,5,0
1.8681746132307353,2,0,1,1,18.86,22.725,28,8.9981,2012,4,2,0,21
1.5341940066777084,4,0,1,1,10.66,12.88,60,12.998,2012,12,12,2,5
1.9338667840812656,2,0,1,1,22.14,25.76,60,8.9981,2011,6,15,2,7
1.8141402142832723,1,0,1,1,9.84,12.12,38,8.9981,2011,1,5,2,18
1.8216068302034107,2,0,1,1,23.78,27.275,83,0.0,2011,5,16,0,21
1.8487473895449305,3,0,1,1,28.7,33.335,79,19.0012,2012,9,5,2,6
1.3437034446606386,4,0,1,1,15.58,19.695,76,0.0,2012,10,17,2,2
1.9990196811606853,2,0,0,1,27.88,31.06,24,12.998,2012,5,12,5,15
1.372306733580753,2,0,0,1,21.32,25.0,59,7.0015,2011,6,4,5,3
1.7272161148848966,3,0,1,1,31.98,37.12,62,0.0,2011,7,7,3,10
1.8928641420201489,1,0,1,1,17.22,21.21,67,16.9979,2011,3,18,4,8
1.798970923559588,1,0,0,1,15.58,19.695,29,23.9994,2011,2,13,6,13
1.8681746132307353,1,0,1,1,8.2,9.85,59,15.0013,2012,2,9,3,9
0.7412763113750153,3,0,1,1,22.96,26.515,88,0.0,2011,9,12,0,2
1.5284269505599697,2,0,0,1,16.4,20.455,43,7.0015,2011,4,3,6,22
2.0197833055673775,4,0,1,3,16.4,20.455,50,15.0013,2012,11,1,3,17
1.0804178182729878,2,0,0,2,25.42,30.305,61,8.9981,2011,6,5,6,5
1.327761429538331,1,0,1,1,13.12,16.665,49,6.0032,2012,2,7,1,5
1.1247482629090362,3,0,1,1,24.6,28.03,83,12.998,2011,8,15,0,3
1.804210600378433,2,0,0,1,28.7,32.575,65,11.0014,2012,6,10,6,22
1.868819104784765,2,0,1,3,26.24,30.305,73,12.998,2012,5,15,1,13
1.496434016604423,3,0,1,1,24.6,28.79,78,0.0,2011,9,15,3,5
1.9962368841455098,3,0,0,1,31.16,35.605,62,30.0026,2012,9,8,5,11
1.6632944814375767,4,0,0,1,10.66,12.88,65,12.998,2011,12,3,5,1
1.6783497616208911,1,0,1,1,4.92,6.06,50,15.0013,2011,1,10,0,7
1.887390630978784,4,0,1,2,23.78,27.275,56,15.0013,2012,12,4,1,14
1.3973634811730353,3,0,0,2,25.42,30.305,69,7.0015,2012,8,19,6,6
1.7613486395430595,2,0,1,1,21.32,25.0,77,0.0,2012,6,6,2,23
1.583340520839692,4,0,1,2,23.78,27.275,88,12.998,2011,10,13,3,23
1.8472468792313919,3,0,0,1,29.52,34.85,79,7.0015,2012,8,5,6,21
1.8810945047250232,2,0,1,1,22.14,25.76,32,0.0,2011,4,14,3,19
1.1622831138840004,2,0,1,2,24.6,28.79,78,7.0015,2012,6,19,1,3
1.8545889886375557,2,0,0,1,22.14,25.76,49,19.0012,2011,5,7,5,9
1.5555453730992024,2,0,1,1,28.7,32.575,65,7.0015,2012,6,11,0,0
1.6109034750189168,1,0,1,2,8.2,9.09,40,19.0012,2011,1,10,0,13
1.7855476541684288,2,0,0,2,14.76,18.18,81,0.0,2011,4,9,5,11
1.8206950566924849,4,0,1,2,18.04,21.97,88,6.0032,2011,12,5,0,21
0.8697416861919438,1,0,1,3,9.02,12.12,93,7.0015,2011,2,2,2,5
1.7236894193081456,2,0,1,1,17.22,21.21,67,12.998,2011,4,13,2,22
1.9350305802211858,4,0,1,1,10.66,12.88,60,12.998,2012,12,6,3,19
1.8917875600189848,4,0,1,2,14.76,16.665,66,16.9979,2012,11,19,0,9
1.971013006967968,4,0,1,1,23.78,27.275,46,27.9993,2011,10,14,4,17
1.9319029813181672,2,0,1,1,27.88,31.82,57,23.9994,2011,5,3,1,19
1.6734888160092363,1,0,1,1,9.84,9.85,48,36.9974,2011,2,2,2,20
1.7694345201285457,4,0,0,3,16.4,20.455,82,23.9994,2011,10,1,5,9
1.748318097194945,3,0,1,2,28.7,33.335,74,39.0007,2012,9,18,1,13
1.9894805655993109,4,0,1,1,13.12,16.665,42,7.0015,2012,12,13,3,17
1.7585509609170316,3,0,1,3,22.14,25.76,88,19.0012,2011,9,6,1,21
1.7047134862451474,4,0,0,2,16.4,20.455,82,12.998,2012,12,16,6,22
1.9311088435575234,2,0,0,1,17.22,21.21,28,16.9979,2012,4,7,5,10
2.034403428784452,2,0,1,1,22.96,26.515,35,35.0008,2012,5,10,3,18
1.6710010327416251,1,0,1,1,8.2,10.605,40,8.9981,2011,1,10,0,16
1.8378799982871266,2,0,1,2,32.8,36.365,43,16.9979,2011,6,7,1,13
1.2484412575662103,4,0,1,2,24.6,25.0,100,0.0,2012,10,3,2,4
1.1622831138840004,2,0,0,1,22.14,25.76,68,8.9981,2012,6,16,5,4
1.6437209301888343,1,0,1,2,9.84,11.365,93,15.0013,2011,2,2,2,12
1.8295542650992236,3,0,1,1,31.16,35.605,58,6.0032,2011,8,8,0,21
1.6830650011356274,1,0,0,1,9.02,10.605,51,19.0012,2011,1,16,6,10
1.8595014474498321,4,1,0,1,24.6,29.545,73,0.0,2011,10,10,0,20
2.018234751868829,2,0,0,1,27.06,31.06,44,19.0012,2012,4,15,6,13
1.7373263784001205,1,0,1,1,22.14,25.76,10,16.9979,2011,2,18,4,22
1.8524277618844993,1,0,0,1,21.32,25.0,42,7.0015,2012,1,7,5,19
1.9867187683398329,4,0,0,1,25.42,30.305,69,19.0012,2012,10,6,5,10
1.8949910974525486,3,0,0,1,31.16,34.09,45,19.0012,2011,7,2,5,20
1.6830650011356274,2,0,1,1,20.5,24.24,59,0.0,2012,4,3,1,23
2.014069852200787,2,0,0,2,26.24,31.06,27,30.0026,2012,4,14,5,14
1.9254061069071156,3,0,0,2,21.32,25.0,68,12.998,2011,9,17,5,13
1.7163798514467992,2,0,0,1,18.04,21.97,88,12.998,2011,4,10,6,21
1.883418917934741,2,0,1,1,29.52,32.575,42,6.0032,2012,5,16,2,14
1.9241500751450369,4,0,1,1,22.14,25.76,41,22.0028,2012,10,16,1,15
1.8949910974525486,2,0,1,1,27.88,31.82,57,11.0014,2012,6,14,3,13
1.358504720646626,4,0,0,2,10.66,12.12,56,19.0012,2011,12,17,5,6
1.879323983956676,2,0,1,1,26.24,30.305,65,12.998,2012,5,2,2,15
1.952989808340929,2,0,1,1,27.06,31.06,39,19.0012,2011,6,13,0,19
1.8072636887169242,3,0,0,1,27.88,31.82,83,7.0015,2011,9,3,5,22
1.7878742218230284,2,0,1,2,23.78,27.275,49,12.998,2011,4,18,0,14
1.6524030880939045,4,0,0,1,13.94,16.665,53,12.998,2012,10,13,5,2
1.8879483638033878,4,0,0,1,14.76,18.18,50,7.0015,2012,11,17,5,18
1.6248263889219656,4,0,1,1,10.66,12.88,52,15.0013,2011,11,17,3,23
1.5284269505599697,4,0,1,2,12.3,15.91,65,6.0032,2012,11,16,4,5
1.828693382742085,3,0,1,1,31.16,36.365,70,19.0012,2011,7,6,2,15
1.748318097194945,1,0,1,1,9.84,9.09,38,40.9973,2012,1,13,4,11
2.0082771743099452,3,0,0,1,32.8,37.88,55,7.0015,2012,7,14,5,14
1.9354161398973209,3,0,1,2,32.8,35.605,38,8.9981,2012,7,13,4,13
1.026672031199051,4,0,0,1,13.94,16.665,61,11.0014,2011,11,13,6,5
1.7236894193081456,1,0,1,2,16.4,20.455,87,11.0014,2012,3,16,4,6
1.1947055233182955,4,0,0,1,9.84,12.12,70,8.9981,2011,12,3,5,3
2.018234751868829,2,0,1,1,21.32,25.0,77,0.0,2012,6,7,3,8
1.3973634811730353,1,0,0,1,5.74,5.305,46,27.9993,2011,1,9,6,21
1.865565153838859,1,0,0,1,7.38,8.335,40,19.9995,2012,1,15,6,12
2.0176487313006515,4,0,1,2,16.4,20.455,50,11.0014,2012,11,1,3,18
1.7613486395430595,3,1,0,1,27.06,29.545,89,6.0032,2011,9,5,0,18
1.798970923559588,3,0,0,1,29.52,33.335,54,19.0012,2011,7,2,5,23
1.8386855209387276,4,0,1,2,22.14,25.76,88,30.0026,2011,10,12,2,9
1.873866006687491,2,0,1,1,22.96,26.515,37,27.9993,2012,5,10,3,14
1.9326921663167214,3,0,0,1,38.54,43.94,38,12.998,2012,7,7,5,11
1.8588105191644075,4,0,1,2,23.78,27.275,88,12.998,2012,10,19,4,10
2.05125379803827,3,0,1,1,26.24,31.06,36,11.0014,2012,9,11,1,18
1.9181193208376597,2,0,1,2,24.6,29.545,73,12.998,2012,6,18,0,16
2.019590851607455,4,0,1,2,10.66,12.88,65,11.0014,2012,12,12,2,8
1.583340520839692,2,0,1,1,18.86,22.725,59,7.0015,2011,4,14,3,23
1.7389471062414084,1,0,1,1,9.84,14.395,60,0.0,2012,1,9,0,10
1.7026798402849839,1,0,1,2,11.48,15.91,61,0.0,2011,3,14,0,7
1.223156202527103,3,0,1,1,27.06,29.545,89,7.0015,2011,8,8,0,4
1.8553017984487439,3,0,0,1,33.62,39.395,56,0.0,2012,7,1,6,9
1.7890235001604364,4,0,1,3,24.6,25.76,94,6.0032,2011,10,19,2,20
1.8225126721028055,3,0,1,1,32.8,37.12,49,11.0014,2011,7,5,1,14
1.7890235001604364,1,0,1,1,6.56,6.82,37,19.0012,2011,3,3,3,9
1.8251953231790878,4,0,1,1,16.4,20.455,71,6.0032,2012,10,16,1,22
1.6684735252826461,3,0,0,1,22.14,25.76,52,19.0012,2012,9,15,5,7
1.923305787045047,2,0,0,2,29.52,32.575,34,16.9979,2011,6,4,5,17
1.8487473895449305,3,0,1,1,28.7,32.575,54,8.9981,2011,7,15,4,11
1.6281310150671582,4,0,0,1,14.76,17.425,66,15.0013,2012,11,18,6,23
1.4087998161504007,4,0,0,1,9.84,11.365,70,15.0013,2012,11,17,5,6
1.2484412575662103,4,0,1,1,21.32,25.0,55,22.0028,2012,12,5,2,1
1.9237286302332202,4,0,1,2,20.5,24.24,88,7.0015,2012,12,10,0,16
1.7667886546960463,2,0,1,2,22.14,25.76,65,11.0014,2011,4,19,1,15
1.7843700777314968,2,0,1,1,18.86,22.725,51,15.0013,2011,4,6,2,20
1.7667886546960463,4,0,1,2,14.76,17.425,53,8.9981,2011,12,19,0,21
1.8662223006181342,4,0,1,1,24.6,31.06,53,0.0,2011,10,7,4,12
1.026672031199051,3,0,1,1,29.52,34.09,70,8.9981,2011,7,19,1,4
1.912253049635755,4,0,1,2,10.66,11.365,56,19.9995,2012,11,7,2,7
0.5265890341390445,4,0,1,3,18.86,22.725,100,11.0014,2011,12,7,2,4
1.6632944814375767,4,0,1,1,10.66,15.15,70,0.0,2011,12,12,0,22
1.9026719155555414,3,0,1,1,28.7,33.335,74,15.0013,2012,9,7,4,22
2.0099614252030538,3,0,1,1,31.16,35.605,62,19.9995,2012,8,10,4,18
1.8418611059620993,3,0,0,1,36.08,39.395,37,12.998,2012,7,7,5,21
1.8206950566924849,2,0,0,1,23.78,27.275,56,6.0032,2012,5,12,5,23
0.9591348389208239,2,0,1,1,16.4,20.455,76,32.9975,2012,4,2,0,4
1.9502841776383666,4,0,1,1,17.22,21.21,62,11.0014,2012,10,11,3,20
1.8629038905519502,4,0,1,1,27.06,30.305,78,11.0014,2012,10,3,2,11
0.8697416861919438,2,0,1,3,15.58,19.695,94,22.0028,2011,5,4,2,4
0.7412763113750153,1,0,1,1,9.84,12.88,75,7.0015,2011,3,9,2,4
1.7935304491330344,2,0,0,2,22.96,26.515,83,19.0012,2012,5,5,5,23
1.5284269505599697,4,0,1,2,22.14,25.76,88,0.0,2012,10,19,4,5
1.223156202527103,4,0,1,2,22.96,26.515,83,6.0032,2012,10,2,1,4
1.8509675611842284,2,0,1,2,24.6,31.06,43,23.9994,2012,4,4,2,11
1.9985603616227083,4,0,1,1,9.02,11.365,69,11.0014,2012,11,6,1,8
2.0074259711743165,3,0,1,1,29.52,33.335,54,16.9979,2011,9,1,3,17
1.6853704905634923,4,0,0,1,14.76,17.425,93,8.9981,2012,10,7,6,23
1.8216068302034107,1,0,1,1,17.22,21.21,41,12.998,2012,1,6,4,20
1.9539894255178158,3,0,1,1,27.88,31.82,39,15.0013,2011,8,12,4,8
1.5224670302876946,4,0,1,2,12.3,14.395,42,15.0013,2012,11,8,3,5
1.9319029813181672,4,1,0,2,28.7,32.575,48,6.0032,2011,10,10,0,12
1.9245701304885587,3,0,1,2,25.42,29.545,78,11.0014,2012,9,14,4,9
1.8649047698246697,4,0,1,2,19.68,23.485,67,22.0028,2011,11,14,0,9
1.9319029813181672,3,0,1,1,33.62,12.12,41,15.0013,2012,8,17,4,12
1.7389471062414084,3,0,0,1,31.16,36.365,66,22.0028,2012,8,5,6,8
1.696412959743625,4,0,1,2,23.78,27.275,94,8.9981,2011,10,19,2,21
1.6659050929776016,1,0,1,2,8.2,10.605,37,11.0014,2011,1,7,4,15
1.1247482629090362,1,0,1,2,5.74,7.575,63,8.9981,2011,2,4,4,5
1.832105201899316,4,0,1,1,18.86,22.725,55,11.0014,2011,11,2,2,12
1.9454031760832335,3,0,0,2,29.52,34.09,70,6.0032,2012,7,14,5,10
1.9519820823132483,2,0,0,1,30.34,34.85,66,6.0032,2011,6,18,5,12
1.9588700741253928,3,0,1,2,32.8,37.12,49,19.0012,2012,8,8,2,16
1.2484412575662103,1,0,0,2,9.84,12.12,75,11.0014,2011,2,5,5,3
1.8960417361485307,2,0,1,1,27.06,31.06,50,12.998,2012,6,15,4,11
1.8000344713048928,3,0,0,2,29.52,34.85,74,19.0012,2011,9,4,6,22
1.9346438389440457,4,0,1,1,24.6,28.79,78,8.9981,2012,10,5,4,20
1.4741440143630178,3,0,0,1,18.86,22.725,72,8.9981,2011,9,17,5,3
1.8206950566924849,2,0,1,2,25.42,29.545,73,15.0013,2012,5,14,0,13
0.9591348389208239,4,0,1,2,15.58,19.695,94,7.0015,2012,12,10,0,3
1.870734136494135,3,0,1,1,33.62,36.365,38,11.0014,2012,7,10,1,14
1.7047134862451474,3,0,1,2,25.42,27.275,94,11.0014,2011,9,8,3,20
1.7901636276798083,3,0,1,1,35.26,42.425,56,27.9993,2011,7,11,0,15
1.919871631657153,4,1,0,2,23.78,27.275,78,6.0032,2011,10,10,0,19
1.8487473895449305,4,0,1,3,22.14,25.76,70,32.9975,2011,10,19,2,8
1.8402825130491083,4,1,0,1,13.12,15.91,39,11.0014,2011,11,11,4,19
2.0494828414671686,3,0,1,1,33.62,38.635,52,16.9979,2012,8,2,3,17
0.9591348389208239,4,0,1,1,12.3,16.665,87,0.0,2011,11,8,1,4
1.8122095959040794,4,0,0,3,14.76,17.425,87,11.0014,2011,10,2,6,17
1.8601888513706977,2,0,1,1,25.42,31.06,43,6.0032,2012,6,6,2,11
1.8949910974525486,1,0,1,2,13.94,14.395,42,35.0008,2012,3,9,4,9
1.3105061862047918,3,0,1,1,22.14,25.76,77,0.0,2012,9,14,4,3
1.836254638743768,3,0,0,2,23.78,27.275,88,6.0032,2012,9,8,5,20
1.4395687003478856,4,0,1,1,10.66,12.12,56,16.9979,2011,12,1,3,5
1.8502315274246866,1,0,1,1,14.76,17.425,50,8.9981,2012,2,7,1,20
1.8426436266120914,2,0,1,1,31.16,35.605,58,11.0014,2011,6,8,2,9
1.8402825130491083,1,0,1,1,13.12,17.425,36,0.0,2012,2,9,3,20
0.5265890341390445,1,0,1,3,9.02,10.605,93,19.0012,2011,2,2,2,4
1.795731656444039,3,0,1,2,27.88,31.82,79,43.0006,2012,9,18,1,11
1.6942663054703442,1,0,1,1,12.3,14.395,26,16.9979,2011,2,11,4,14
1.5284269505599697,1,0,0,2,16.4,20.455,87,16.9979,2011,1,1,5,20
1.9543208505321603,4,0,1,1,21.32,25.0,77,19.0012,2012,12,10,0,19
1.6109034750189168,1,0,1,2,8.2,10.605,51,11.0014,2011,1,11,1,10
1.9303096939764732,2,0,0,1,21.32,25.0,34,26.0027,2011,4,17,6,14
1.8021379316915813,2,0,1,2,18.04,21.97,54,16.9979,2011,4,4,0,7
1.5224670302876946,2,0,0,1,20.5,24.24,68,7.0015,2012,6,3,6,7
1.994583162332888,2,0,0,2,29.52,32.575,37,15.0013,2012,6,16,5,18
1.8269553882413483,4,0,1,1,23.78,27.275,53,16.9979,2011,10,4,1,14
1.7843700777314968,3,0,1,1,27.88,31.82,69,19.0012,2011,8,15,0,10
1.579009137828587,3,0,1,1,27.06,31.06,69,19.9995,2011,7,14,3,0
1.9443319639317302,3,0,0,1,36.08,37.12,22,15.0013,2011,7,2,5,16
1.372306733580753,1,0,1,1,8.2,11.365,55,6.0032,2012,3,5,0,5
1.1247482629090362,4,0,1,1,22.96,26.515,54,26.0027,2011,10,17,0,2
1.8260781474077188,3,0,1,3,30.34,34.09,55,19.9995,2011,8,15,0,15
1.8955174731725755,3,0,1,1,22.96,26.515,49,11.0014,2012,9,10,0,21
1.7182404735813999,4,0,1,3,14.76,16.665,81,23.9994,2011,11,10,3,13
1.971013006967968,4,0,1,1,20.5,24.24,36,8.9981,2012,10,11,3,16
1.358504720646626,3,0,1,1,31.16,35.605,62,8.9981,2012,7,6,4,2
1.9163427015318748,2,0,1,1,26.24,30.305,73,6.0032,2012,6,19,1,9
1.5957092304038698,1,0,0,1,6.56,7.575,47,12.998,2012,1,14,5,1
1.6759380249901916,1,0,1,1,13.12,15.15,49,19.9995,2011,1,19,2,20
1.8890567804069143,4,0,1,2,13.12,14.395,53,23.9994,2012,11,7,2,16
2.0274129059095127,2,0,0,1,29.52,32.575,30,6.0032,2012,5,19,5,14
0.5265890341390445,1,0,1,2,9.02,9.85,75,30.0026,2012,2,9,3,4
1.827827111719085,3,1,0,1,29.52,34.09,76,7.0015,2012,9,3,0,21
1.9495984779180693,3,0,1,1,31.98,34.85,40,19.0012,2012,7,9,0,16
1.804210600378433,3,0,1,1,25.42,29.545,73,6.0032,2012,8,13,0,6
1.81792340526738,2,0,1,2,28.7,31.82,24,36.9974,2011,4,4,0,20
1.886830523322648,3,0,0,2,29.52,34.85,74,16.9979,2011,8,13,5,17
1.9346438389440457,4,0,1,1,16.4,20.455,50,0.0,2011,12,2,4,18
1.448822238365871,4,0,0,1,14.76,18.18,81,6.0032,2011,10,2,6,23
1.5504460211620947,2,0,0,1,28.7,32.575,61,8.9981,2011,6,11,5,6
1.8494914839851704,1,0,1,1,23.78,27.275,32,16.9979,2012,3,1,3,13
1.9026719155555414,2,0,1,1,25.42,29.545,78,7.0015,2011,6,6,0,7
1.2484412575662103,3,1,0,2,27.06,31.06,74,8.9981,2011,9,5,0,6
1.496434016604423,4,0,1,2,18.86,22.725,94,0.0,2011,11,16,2,0
1.863574168980396,2,0,0,1,22.96,26.515,83,7.0015,2011,5,15,6,19
1.8295542650992236,3,0,1,1,35.26,39.395,44,23.9994,2012,7,5,3,10
1.7306622908306295,1,0,1,2,10.66,13.635,56,7.0015,2012,1,9,0,12
1.8329451460953283,3,0,1,1,31.16,35.605,62,12.998,2012,7,10,1,10
1.6109034750189168,4,0,1,3,18.86,22.725,100,0.0,2011,11,16,2,12
1.7855476541684288,3,0,1,1,33.62,38.635,52,8.9981,2011,7,7,3,11
1.9566163513210957,2,0,0,2,27.06,31.06,69,23.9994,2012,5,5,5,18
1.1247482629090362,4,0,1,3,18.86,22.725,88,15.0013,2011,12,6,1,4
1.6109034750189168,1,0,1,1,7.38,10.605,55,7.0015,2011,2,3,3,21
1.8713664243280277,2,0,1,2,26.24,31.06,53,16.9979,2012,5,9,2,14
1.9864645289231955,4,0,1,1,22.14,25.76,64,6.0032,2011,10,6,3,18
1.1622831138840004,4,0,1,2,18.86,22.725,88,0.0,2012,10,10,2,2
1.5099182003836584,3,0,1,1,25.42,29.545,78,6.0032,2011,9,14,2,0
1.9509661221302974,4,0,1,1,18.86,22.725,82,0.0,2011,10,7,4,8
1.8426436266120914,2,0,1,3,15.58,19.695,46,15.0013,2012,4,11,2,15
1.8141402142832723,3,0,1,2,27.06,30.305,78,12.998,2011,7,8,4,22
1.8386855209387276,1,0,1,1,17.22,21.21,47,31.0009,2012,3,1,3,21
1.5224670302876946,3,0,0,1,20.5,24.24,72,0.0,2012,9,16,6,6
1.7272161148848966,1,0,1,1,15.58,19.695,37,11.0014,2011,3,14,0,15
1.8828416375415338,4,0,1,2,16.4,20.455,40,32.9975,2012,11,2,4,14
1.7182404735813999,4,0,0,2,18.04,21.97,77,12.998,2012,12,2,6,22
1.223156202527103,1,0,0,1,4.92,9.85,80,0.0,2011,2,12,5,3
1.327761429538331,2,0,1,3,13.94,15.91,87,15.0013,2011,4,8,4,14
1.9516443500946277,3,0,0,2,31.98,37.12,62,19.0012,2011,9,4,6,13
1.7694345201285457,4,0,0,2,12.3,15.15,70,11.0014,2012,11,18,6,0
1.6579414149579819,2,0,0,1,22.14,25.76,88,15.0013,2011,5,15,6,23
1.8122095959040794,3,0,0,3,23.78,27.275,83,8.9981,2012,9,8,5,18
1.026672031199051,4,0,1,1,17.22,21.21,88,12.998,2012,12,18,1,3
1.8912459334298568,3,0,0,1,38.54,41.665,29,6.0032,2012,7,7,5,18
1.7924169706841675,4,0,1,1,13.94,16.665,61,11.0014,2012,11,1,3,6
1.5875644833216505,1,0,1,1,12.3,12.88,26,36.9974,2011,3,2,2,22
1.2711498482847257,2,0,1,3,9.84,11.365,93,15.0013,2011,4,1,4,5
1.8662223006181342,3,0,1,2,31.16,36.365,70,11.0014,2012,9,5,2,10
1.8112342343546721,4,0,1,1,20.5,24.24,68,0.0,2011,10,7,4,21
1.1622831138840004,3,0,1,3,22.14,25.76,94,23.9994,2011,9,6,1,0
1.5451936315479267,2,0,0,1,12.3,14.395,65,12.998,2011,4,3,6,0
2.0484369434843095,3,0,1,1,33.62,37.12,41,0.0,2012,8,6,0,17
1.8494914839851704,1,0,1,1,8.2,9.09,75,26.0027,2011,3,7,0,8
1.6437209301888343,2,0,1,1,18.86,22.725,55,7.0015,2012,5,11,4,0
1.9432515053140835,4,0,0,1,24.6,29.545,73,12.998,2012,10,6,5,9
1.223156202527103,4,0,1,2,22.96,26.515,68,15.0013,2012,10,15,0,4
1.5555453730992024,3,0,1,1,22.96,26.515,52,19.0012,2012,9,10,0,0
0.9591348389208239,4,1,0,1,16.4,20.455,76,6.0032,2012,11,12,0,4
0.9591348389208239,3,0,1,3,24.6,25.76,94,12.998,2012,9,18,1,2
1.832105201899316,4,0,1,1,13.94,15.91,42,16.9979,2012,12,13,3,11
1.9909607091955668,3,0,1,1,31.16,34.85,55,16.9979,2011,8,17,2,18
1.2917246727283112,1,0,1,3,13.12,15.15,66,22.0028,2012,1,17,1,5
1.9046457503503968,2,0,1,1,22.96,26.515,60,6.0032,2012,6,6,2,9
1.8976020071415636,1,0,1,1,13.12,16.665,49,0.0,2012,2,7,1,9
1.9266498629615478,3,0,1,1,27.88,31.82,36,8.9981,2012,9,12,2,12
1.4741440143630178,1,0,1,1,10.66,13.635,65,8.9981,2011,3,14,0,6
1.7272161148848966,1,0,1,1,14.76,18.94,50,0.0,2012,1,6,4,23
1.8251953231790878,3,0,0,1,28.7,32.575,58,8.9981,2012,8,12,6,22
1.607232291151654,1,0,1,1,8.2,12.88,40,0.0,2011,3,3,3,22
1.8649047698246697,4,0,1,1,22.96,26.515,83,7.0015,2012,10,19,4,18
1.7389471062414084,4,0,1,1,9.84,11.365,67,12.998,2011,12,19,0,10
1.797899348601363,4,0,1,2,14.76,18.94,93,0.0,2012,12,4,1,6
1.8615532204780585,2,0,1,1,27.06,31.06,57,16.9979,2012,6,14,3,11
1.77073964639405,3,0,1,1,28.7,33.335,79,27.9993,2011,7,11,0,21
1.916789170111494,2,0,1,1,18.86,22.725,31,11.0014,2012,4,2,0,20
1.4395687003478856,4,0,1,1,16.4,20.455,87,0.0,2011,11,10,3,0
1.7968196318819551,1,0,1,1,8.2,9.09,32,26.0027,2011,2,8,1,18
1.327761429538331,2,0,0,3,20.5,24.24,88,39.0007,2011,4,16,5,17
1.4576463830228739,2,0,1,2,22.14,25.76,77,11.0014,2012,5,14,0,5
1.9894805655993109,3,0,1,1,32.8,37.12,49,8.9981,2012,7,5,3,8
1.4395687003478856,2,0,1,2,18.86,22.725,88,7.0015,2012,5,3,3,1
1.5224670302876946,2,0,1,2,18.04,21.97,77,15.0013,2011,5,2,0,2
0.5265890341390445,1,0,1,1,9.84,12.88,70,6.0032,2012,2,8,2,4
1.7405504459900154,4,0,0,1,14.76,17.425,93,8.9981,2012,12,16,6,19
1.8839936846137324,2,0,0,1,30.34,34.09,58,11.0014,2011,6,11,5,10
1.9432515053140835,2,0,1,1,26.24,31.06,36,11.0014,2012,5,18,4,13
1.8955174731725755,3,0,1,2,31.98,36.365,55,6.0032,2012,8,6,0,12
1.579009137828587,3,0,1,1,31.16,35.605,62,0.0,2011,7,13,2,0
1.9546513926697417,3,0,1,2,29.52,34.85,74,7.0015,2011,7,6,2,8
1.8713664243280277,2,0,1,1,22.14,25.76,45,0.0,2012,4,3,1,21
1.2917246727283112,3,0,0,1,29.52,34.85,79,12.998,2012,8,4,5,4
0.8697416861919438,1,1,0,1,4.92,9.85,50,0.0,2012,1,16,0,3
1.1247482629090362,4,0,1,2,21.32,25.0,77,12.998,2011,10,19,2,2
1.5504460211620947,3,0,1,1,25.42,28.03,88,0.0,2012,9,7,4,5
1.962640442240814,2,0,1,3,23.78,27.275,83,12.998,2011,5,16,0,18
1.7373263784001205,1,0,1,1,8.2,9.09,59,22.0028,2011,3,1,1,7
1.836254638743768,3,0,1,1,32.8,36.365,46,8.9981,2011,7,12,1,22
1.9629494968760168,2,0,1,2,29.52,34.85,79,12.998,2011,6,1,2,8
1.0804178182729878,4,0,1,2,13.12,15.15,70,15.0013,2011,12,15,3,4
1.5653166550596793,1,0,0,1,6.56,9.09,64,8.9981,2011,2,12,5,9
1.496434016604423,4,0,0,1,12.3,13.635,52,22.0028,2011,11,5,5,2
1.6495606454510718,3,0,1,1,30.34,34.85,66,6.0032,2012,7,19,3,0
2.0522742867027977,3,0,1,1,29.52,32.575,42,12.998,2012,9,13,3,17
1.5653166550596793,4,0,0,1,13.94,15.91,66,15.0013,2011,11,13,6,7
2.0297313402277135,2,0,1,1,28.7,32.575,54,8.9981,2012,5,1,1,18
1.1622831138840004,1,0,1,1,18.04,21.97,72,15.0013,2011,2,18,4,1
1.2484412575662103,1,0,1,3,16.4,20.455,0,16.9979,2011,3,10,3,11
1.7467966996992919,1,0,0,1,18.86,22.725,82,8.9981,2012,3,18,6,1
1.8260781474077188,3,0,1,1,31.16,34.09,45,27.9993,2011,8,16,1,14
1.7373263784001205,4,0,0,1,18.86,22.725,88,0.0,2011,10,9,6,8
1.327761429538331,1,0,1,1,18.86,22.725,88,7.0015,2012,3,19,0,1
1.1947055233182955,4,0,0,3,13.94,15.91,87,19.0012,2011,10,2,6,3
1.7867156538126496,3,0,1,3,24.6,25.76,94,31.0009,2012,9,18,1,14
1.8418611059620993,3,0,0,1,29.52,33.335,51,11.0014,2011,7,2,5,22
1.6437209301888343,4,0,1,1,6.56,9.09,80,7.0015,2011,12,12,0,6
1.1947055233182955,2,0,1,2,21.32,25.0,77,12.998,2012,5,7,0,1
1.2917246727283112,3,0,1,2,21.32,25.0,72,8.9981,2011,9,19,0,2
1.8102520538839093,2,0,1,1,14.76,16.665,46,16.9979,2011,4,6,2,9
1.7272161148848966,4,0,0,1,16.4,20.455,58,11.0014,2011,11,12,5,23
1.8378799982871266,4,0,1,1,16.4,20.455,37,23.9994,2011,11,4,4,19
1.8700988387609099,3,0,1,1,37.72,41.665,33,22.0028,2012,7,5,3,14
1.9585506171458116,2,0,0,2,29.52,32.575,30,8.9981,2011,6,4,5,16
1.818853419699573,1,0,0,1,13.94,15.15,29,27.9993,2011,2,12,5,15
1.795731656444039,2,0,1,2,29.52,33.335,54,16.9979,2011,6,16,3,13
1.9620199972165449,2,0,0,1,30.34,32.575,33,15.0013,2011,6,4,5,14
1.7745861482661287,1,0,1,1,16.4,20.455,62,8.9981,2012,2,1,2,10
1.8464903775306214,3,0,1,1,26.24,30.305,69,7.0015,2011,9,1,3,9
1.9103928415548865,4,0,0,1,15.58,19.695,54,19.0012,2011,11,12,5,11
1.9181193208376597,3,0,1,3,27.06,29.545,89,16.9979,2012,7,19,3,21
1.579009137828587,2,0,1,3,14.76,15.91,87,32.9975,2011,4,5,1,9
1.9620199972165449,4,0,1,2,20.5,24.24,72,12.998,2011,11,15,1,17
1.7067206012930416,4,0,0,2,11.48,15.15,87,6.0032,2011,11,6,6,8
1.358504720646626,3,0,1,2,27.88,31.82,89,6.0032,2011,8,4,3,0
1.6710010327416251,4,0,0,2,14.76,16.665,66,16.9979,2012,11,18,6,22
1.3973634811730353,1,0,1,1,13.94,15.91,49,15.0013,2012,3,2,4,1
1.1622831138840004,4,0,1,1,17.22,21.21,82,11.0014,2012,12,18,1,4
1.6942663054703442,2,0,0,3,27.88,31.82,74,7.0015,2011,6,19,6,8
1.9926648078181803,4,0,1,1,24.6,31.06,56,16.9979,2011,10,7,4,17
2.0406745847812164,3,0,1,1,30.34,34.85,70,16.9979,2012,9,6,3,17
1.8839936846137324,2,0,0,1,28.7,32.575,65,12.998,2011,6,11,5,19
2.0505192396434,3,0,1,1,31.98,35.605,49,12.998,2012,7,10,1,17
1.9686785871062156,4,0,0,1,18.04,21.97,62,16.9979,2012,12,2,6,14
1.327761429538331,4,0,1,1,22.96,26.515,64,16.9979,2011,11,15,1,2
1.7745861482661287,3,0,1,3,26.24,28.79,89,7.0015,2012,8,10,4,7
1.83126011355907,3,0,1,1,30.34,33.335,51,11.0014,2012,7,2,0,22
1.945047123513961,4,0,1,1,20.5,24.24,39,19.9995,2012,10,12,4,9
2.036420868292835,2,0,1,3,24.6,31.06,53,12.998,2012,6,6,2,18
1.7946353028541102,3,0,1,1,25.42,28.79,83,11.0014,2011,9,12,0,22
2.0107946349110515,3,0,0,1,30.34,32.575,40,12.998,2012,8,18,5,13
1.7340313214932865,3,0,1,2,22.96,26.515,64,8.9981,2011,9,19,0,10
1.9579092161758105,4,0,0,1,25.42,30.305,61,7.0015,2011,10,9,6,17
1.3105061862047918,2,0,1,1,13.94,17.425,76,6.0032,2011,4,14,3,5
1.5099182003836584,4,0,1,1,18.04,21.97,100,12.998,2011,12,7,2,0
1.775845981748474,4,0,1,1,11.48,15.15,75,6.0032,2012,12,14,4,23
1.9278815679894448,4,0,1,1,14.76,17.425,93,8.9981,2012,12,18,1,7
1.8781303494314965,1,0,1,1,18.04,21.97,44,27.9993,2012,3,1,3,20
1.8234126545313947,1,0,1,1,5.74,7.575,69,11.0014,2011,1,4,1,8
1.8434216945775423,3,0,1,1,33.62,37.12,43,7.0015,2011,7,5,1,13
1.9964712752393343,3,0,1,1,27.88,31.82,57,11.0014,2012,9,14,4,19
1.884565958136911,2,0,1,2,27.06,31.06,61,15.0013,2012,6,14,3,12
1.993387792889887,2,0,0,1,27.06,31.06,39,11.0014,2012,6,16,5,11
1.780778386075876,4,0,0,1,11.48,13.635,45,12.998,2011,12,18,6,18
1.607232291151654,1,1,0,1,9.84,11.365,35,16.9979,2012,1,2,0,8
1.9807314840803059,3,0,1,1,33.62,35.605,26,0.0,2011,8,12,4,17
1.9270617593861936,2,0,1,1,27.06,31.06,74,7.0015,2011,6,8,2,7
1.7924169706841675,1,0,1,1,13.12,15.91,49,12.998,2012,3,6,1,21
1.9938673724294378,2,0,1,1,27.06,31.06,34,16.9979,2012,5,18,4,16
1.358504720646626,1,0,0,2,18.86,22.725,88,19.9995,2011,1,2,6,0
1.913173172035371,2,0,1,1,11.48,14.395,52,8.9981,2012,4,11,2,7
1.8502315274246866,3,0,0,1,22.96,26.515,49,27.9993,2012,9,15,5,8
1.8000344713048928,3,0,0,3,24.6,27.275,88,32.9975,2011,8,14,6,21
1.912253049635755,3,0,0,1,36.9,43.18,45,0.0,2012,7,8,6,10
1.5504460211620947,4,0,1,3,11.48,13.635,65,15.0013,2012,11,7,2,23
1.4087998161504007,3,0,1,1,27.06,31.06,74,8.9981,2011,8,2,1,5
1.9185596528196553,2,0,1,1,19.68,23.485,55,16.9979,2011,4,7,3,18
1.8781303494314965,3,0,1,1,34.44,38.635,47,8.9981,2012,7,19,3,13
1.696412959743625,2,0,0,1,13.94,15.91,53,19.0012,2011,4,2,5,20
1.765447506801529,4,0,0,2,13.12,17.425,81,0.0,2012,12,1,5,23
1.9410622367698473,4,0,1,1,9.02,10.605,51,19.9995,2012,12,6,3,7
1.95596482071691,4,0,1,1,18.86,22.725,55,0.0,2012,10,16,1,20
2.0041783736409347,4,0,1,3,22.96,26.515,64,7.0015,2012,10,1,0,18
1.7340313214932865,1,0,1,1,12.3,13.635,33,26.0027,2012,1,18,2,14
1.6180113091810355,2,0,1,1,18.04,21.97,44,11.0014,2011,5,6,4,0
1.7087018253879918,1,0,1,1,11.48,12.12,45,32.9975,2011,2,2,2,19
1.8234126545313947,4,0,1,1,22.14,25.76,56,0.0,2012,10,1,0,10
1.987730399007307,3,0,0,1,31.98,34.85,40,0.0,2012,8,12,6,13
1.8516996259697707,3,0,1,2,31.16,36.365,66,6.0032,2012,8,7,1,11
1.7745861482661287,4,0,1,2,18.86,22.725,67,0.0,2011,12,5,0,14
1.68988188256892,2,0,1,3,20.5,24.24,88,8.9981,2011,5,13,4,6
1.9831097569663099,4,0,1,1,15.58,19.695,46,22.0028,2012,12,18,1,18
1.1247482629090362,3,0,1,1,26.24,28.79,83,7.0015,2012,8,1,2,3
0.5265890341390445,1,0,1,1,4.92,7.575,54,7.0015,2012,2,13,0,3
1.8622302516766631,3,0,0,1,30.34,34.85,70,19.9995,2011,9,4,6,20
1.8150956430032537,1,0,0,1,20.5,24.24,39,16.9979,2012,1,7,5,20
0.7412763113750153,1,0,0,2,6.56,8.335,74,11.0014,2011,1,8,5,6
1.6734888160092363,4,0,0,1,12.3,14.395,56,16.9979,2011,12,3,5,0
1.8434216945775423,3,0,1,1,38.54,42.425,33,0.0,2012,7,18,2,13
1.570002974208493,4,0,0,1,13.12,17.425,81,0.0,2012,11,10,5,2
1.7200786095266942,4,0,1,3,22.14,25.76,94,11.0014,2011,10,19,2,14
1.7389471062414084,1,0,1,1,5.74,10.605,59,0.0,2012,1,19,3,10
1.2484412575662103,2,0,1,2,20.5,24.24,88,8.9981,2011,5,13,4,2
0.8697416861919438,4,0,1,1,11.48,15.91,65,0.0,2011,12,14,2,3
1.9659980865692606,2,0,0,2,18.04,21.97,62,12.998,2012,4,1,6,13
1.358504720646626,3,0,0,1,28.7,33.335,84,15.0013,2012,8,4,5,5
1.496434016604423,1,0,1,2,9.84,12.12,70,8.9981,2011,2,4,4,23
1.9350305802211858,3,0,1,2,22.14,25.76,88,26.0027,2011,9,6,1,18
1.9475184513869421,3,0,0,1,29.52,34.09,62,6.0032,2012,8,11,5,10
1.9967052077739862,4,0,1,1,14.76,17.425,46,12.998,2012,11,16,4,17
1.935800524776163,2,0,0,1,33.62,35.605,28,19.0012,2012,6,10,6,19
1.9516443500946277,1,0,1,1,20.5,24.24,29,16.9979,2012,1,6,4,18
1.9620199972165449,4,0,0,1,26.24,31.06,44,6.0032,2011,10,8,5,16
1.9519820823132483,2,0,0,1,28.7,31.82,32,11.0014,2011,6,4,5,12
1.6830650011356274,1,0,1,1,6.56,6.06,43,35.0008,2012,1,3,1,14
1.1622831138840004,1,0,1,1,9.02,10.605,37,19.9995,2012,3,6,1,0
1.9311088435575234,3,0,0,1,34.44,37.12,36,15.0013,2011,7,10,6,17
1.8879483638033878,2,1,0,1,27.88,31.82,51,16.9979,2012,4,16,0,21
2.0128522839700533,4,0,1,1,17.22,21.21,44,8.9981,2012,11,9,4,17
1.865565153838859,4,0,1,2,23.78,27.275,83,15.0013,2011,10,11,1,20
1.765447506801529,4,0,1,1,19.68,23.485,67,19.0012,2011,10,4,1,10
1.3852268599316875,2,0,0,1,24.6,31.06,56,7.0015,2012,6,9,5,5
1.7289490519659823,4,0,0,2,16.4,20.455,87,7.0015,2012,12,9,6,1
1.8851357588170432,3,0,1,2,30.34,34.09,58,8.9981,2012,7,9,0,12
1.9509661221302974,4,0,0,2,15.58,19.695,82,12.998,2012,12,16,6,12
1.832105201899316,2,0,1,1,31.16,32.575,22,35.0008,2011,4,4,0,16
1.5451936315479267,1,0,0,1,10.66,15.15,56,0.0,2011,1,16,6,0
1.8449646614985311,3,0,1,1,25.42,30.305,61,8.9981,2012,9,12,2,10
1.8681746132307353,4,0,0,1,20.5,24.24,51,8.9981,2011,10,15,5,19
1.9140867590359603,4,0,1,1,12.3,15.91,87,7.0015,2011,11,8,1,7
1.8896075013631948,3,0,0,2,26.24,30.305,73,12.998,2012,8,19,6,20
1.828693382742085,2,0,1,1,29.52,34.85,74,16.9979,2011,6,10,4,22
1.9406936156614254,3,0,0,2,29.52,34.85,79,0.0,2012,9,2,6,10
1.8251953231790878,4,0,0,1,13.94,16.665,53,8.9981,2012,11,3,5,20
1.327761429538331,2,0,1,1,20.5,24.24,94,0.0,2011,5,19,3,2
1.832105201899316,2,0,1,1,19.68,23.485,63,6.0032,2012,4,19,3,10
1.947867540121006,3,1,0,1,33.62,37.12,43,6.0032,2011,7,4,0,15
1.949941799623649,2,0,0,1,22.96,26.515,73,7.0015,2012,5,6,6,11
0.9591348389208239,1,0,0,1,9.84,12.88,81,6.0032,2012,2,4,5,5
1.8457296531480492,4,0,1,1,20.5,24.24,77,0.0,2012,10,19,4,21
2.0385673564544904,2,0,1,1,32.8,37.88,55,11.0014,2012,6,19,1,18
1.748318097194945,4,0,1,1,20.5,24.24,72,8.9981,2011,10,4,1,22
1.791294740218941,3,0,0,1,33.62,39.395,56,8.9981,2012,7,8,6,0
2.0001603010151285,3,0,1,1,30.34,32.575,37,8.9981,2011,7,14,3,17
1.968087962547812,3,0,0,2,32.8,37.88,55,11.0014,2012,9,1,5,12
1.9154450757061625,2,0,0,2,30.34,33.335,51,7.0015,2011,6,18,5,19
1.879323983956676,3,0,0,1,21.32,25.0,68,8.9981,2011,9,17,5,19
1.8378799982871266,2,0,1,1,27.06,31.06,41,19.0012,2011,6,13,0,12
1.6313704001963978,2,0,1,2,13.12,15.15,93,16.9979,2011,4,8,4,16
1.7733152706473527,4,0,1,2,21.32,25.0,52,22.0028,2011,12,15,3,14
1.932298189261516,2,0,1,2,18.04,21.97,62,0.0,2012,4,4,2,7
1.6710010327416251,4,0,1,1,12.3,13.635,49,26.0027,2012,12,5,2,23
1.9051345487873121,4,0,0,1,16.4,20.455,87,7.0015,2012,12,8,5,18
1.9752733740725503,2,0,0,1,28.7,31.82,34,16.9979,2012,6,3,6,18
1.8719957290222062,2,0,0,2,28.7,32.575,61,7.0015,2011,6,19,6,10
1.866876239930001,4,0,0,2,11.48,13.635,48,16.9979,2011,12,17,5,13
1.6632944814375767,4,0,1,3,18.86,22.725,100,12.998,2011,12,6,1,13
1.4298455472897516,1,0,0,1,5.74,7.575,63,8.9981,2011,1,15,5,8
1.9163427015318748,3,0,1,1,35.26,12.12,34,27.9993,2012,8,17,4,14
0.9591348389208239,3,0,1,3,22.96,26.515,94,11.0014,2011,9,7,2,4
1.8574179522647456,4,0,0,1,11.48,13.635,45,15.0013,2011,12,17,5,16
0.8697416861919438,1,0,1,1,12.3,13.635,56,23.9994,2012,3,7,2,3
1.9417962470942867,3,0,0,1,31.16,34.85,55,19.0012,2011,7,17,6,11
1.4298455472897516,4,0,1,2,15.58,19.695,87,0.0,2011,11,4,4,5
1.9884835875196611,2,0,0,2,27.06,31.06,31,12.998,2012,5,12,5,18
1.4576463830228739,4,0,1,2,13.12,15.91,66,11.0014,2012,11,2,4,5
1.6579414149579819,3,0,1,1,28.7,32.575,70,6.0032,2012,7,10,1,0
1.8234126545313947,3,0,1,3,25.42,27.275,94,7.0015,2011,9,8,3,7
1.6684735252826461,1,0,1,1,13.12,16.665,81,6.0032,2012,2,16,3,23
0.9591348389208239,4,0,0,1,9.84,14.395,93,0.0,2011,12,4,6,6
1.4087998161504007,3,0,1,1,26.24,30.305,73,0.0,2012,8,16,3,1
1.8304098214920528,3,0,1,2,27.88,31.82,79,7.0015,2012,7,10,1,6
1.7272161148848966,1,0,0,1,11.48,12.88,38,19.9995,2011,1,15,5,13
1.712589050021264,1,0,1,1,12.3,13.635,42,31.0009,2012,1,18,2,10
1.8949910974525486,3,0,1,1,31.16,36.365,66,7.0015,2011,7,5,1,20
1.8857031067251113,2,0,0,1,22.96,26.515,43,12.998,2011,5,7,5,19
2.0265087481035677,3,0,1,1,29.52,34.85,74,12.998,2012,9,5,2,8
2.0288450992961247,4,0,1,1,26.24,28.79,89,0.0,2012,10,4,3,8
1.8763195102948889,4,0,1,2,14.76,17.425,53,11.0014,2011,12,19,0,19
1.748318097194945,3,1,0,2,27.06,29.545,89,7.0015,2011,9,5,0,17
1.832105201899316,2,0,1,2,17.22,21.21,82,6.0032,2012,4,18,2,21
1.6684735252826461,1,0,1,1,13.94,15.15,53,22.0028,2011,3,2,2,11
1.9513056982825179,3,0,1,1,36.08,39.395,35,15.0013,2012,7,6,4,19
1.9909607091955668,3,0,1,2,35.26,37.88,34,12.998,2011,8,2,1,18
1.9755521762697152,4,1,0,2,17.22,21.21,66,16.9979,2012,10,8,0,17
1.9326921663167214,3,0,0,2,21.32,25.0,68,15.0013,2011,9,17,5,11
1.8131782269605679,4,0,1,1,15.58,19.695,50,12.998,2011,12,9,4,13
1.8464903775306214,3,0,0,1,29.52,34.85,74,16.9979,2011,9,4,6,21
1.327761429538331,4,0,0,2,10.66,13.635,81,8.9981,2012,12,1,5,3
1.9724497132493741,3,0,1,2,25.42,29.545,73,7.0015,2012,9,17,0,19
1.372306733580753,3,0,1,3,28.7,33.335,89,7.0015,2012,7,9,0,1
1.8799167926221376,2,0,1,1,26.24,31.06,47,15.0013,2011,6,15,2,21
1.912253049635755,2,0,1,1,17.22,21.21,67,12.998,2012,4,10,1,9
1.1622831138840004,2,1,0,1,23.78,27.275,68,12.998,2012,4,16,0,3
1.8197772781208725,2,0,1,1,25.42,28.03,88,8.9981,2011,6,17,4,22
1.781985597277665,3,0,1,2,26.24,28.79,83,8.9981,2012,7,10,1,22
1.8394863420693595,2,0,1,2,21.32,25.0,88,11.0014,2011,5,13,4,15
1.9365657970706844,2,0,0,2,29.52,33.335,58,6.0032,2011,6,19,6,11
1.742136743805324,4,0,1,2,13.94,15.15,49,26.0027,2011,11,17,3,14
1.9319029813181672,3,0,1,1,34.44,37.12,36,19.0012,2012,7,2,0,16
1.9176774696931478,3,0,1,2,30.34,34.09,55,6.0032,2012,7,9,0,21
1.863574168980396,4,0,0,1,21.32,25.0,27,22.0028,2011,11,13,6,17
1.0804178182729878,3,0,1,2,27.88,31.82,83,6.0032,2011,7,6,2,4
0.7412763113750153,1,0,1,1,5.74,6.06,50,19.0012,2011,1,13,3,1
1.9189984754722385,4,0,1,1,17.22,21.21,50,23.9994,2012,12,19,2,16
1.4660765372061442,3,0,0,1,26.24,28.79,89,7.0015,2011,8,6,5,6
1.8160445966634724,4,0,0,1,18.04,21.97,67,15.0013,2012,11,11,6,21
1.8092629643515203,3,0,1,1,35.26,38.635,39,19.0012,2011,8,9,1,15
1.6985302777514544,2,0,0,1,17.22,21.21,82,8.9981,2011,5,7,5,0
1.6214540309583532,4,0,1,2,22.96,26.515,83,19.0012,2011,10,11,1,23
0.9591348389208239,1,0,1,1,4.92,7.575,54,7.0015,2012,1,19,3,3
1.6807250824647135,3,0,1,2,22.96,26.515,83,15.0013,2012,9,18,1,23
1.8082668738615209,4,0,0,2,14.76,18.18,57,7.0015,2011,11,19,5,20
1.8346098354356497,2,0,1,1,18.04,21.97,38,12.998,2012,4,13,4,10
1.9509661221302974,1,0,1,1,13.94,16.665,31,11.0014,2012,2,9,3,18
1.5916858743493758,1,0,1,3,9.02,12.88,87,6.0032,2012,1,9,0,16
1.748318097194945,4,0,1,1,21.32,25.0,63,22.0028,2011,12,15,3,23
1.8516996259697707,4,0,1,1,14.76,16.665,43,16.9979,2012,11,14,2,13
1.4818766360989102,3,0,1,1,29.52,34.09,62,0.0,2012,7,5,3,5
1.8457296531480492,4,0,1,2,22.14,25.76,68,8.9981,2011,10,18,1,21
1.2484412575662103,1,0,1,1,10.66,13.635,65,7.0015,2011,3,14,0,0
1.700619000072578,2,0,0,1,23.78,27.275,64,7.0015,2012,6,9,5,7
1.797899348601363,3,0,0,1,30.34,34.85,70,19.0012,2012,8,5,6,0
1.9001616577562157,2,0,1,3,27.06,31.06,69,12.998,2011,6,16,3,16
1.8879483638033878,2,0,1,1,15.58,19.695,58,16.9979,2011,5,5,3,7
1.3973634811730353,4,0,0,1,12.3,16.665,81,0.0,2012,11,10,5,3
1.77073964639405,4,0,0,1,20.5,24.24,63,26.0027,2011,10,1,5,0
1.4576463830228739,3,1,0,1,26.24,29.545,78,0.0,2011,7,4,0,3
1.8102520538839093,2,0,1,1,29.52,33.335,51,0.0,2011,5,16,0,15
1.358504720646626,1,0,1,1,9.84,11.365,44,12.998,2012,3,5,0,0
1.6985302777514544,3,0,1,3,24.6,27.275,88,6.0032,2011,9,7,2,7
1.7627277196400848,4,0,1,1,13.94,15.91,46,16.9979,2011,12,13,1,11
1.6407200993500939,1,0,0,2,6.56,6.06,43,36.9974,2012,2,11,5,20
1.6437209301888343,3,0,1,1,26.24,30.305,65,12.998,2011,9,2,4,0
1.4395687003478856,4,0,1,1,17.22,21.21,62,12.998,2011,10,6,3,5
1.77073964639405,1,0,0,1,9.02,11.365,80,8.9981,2012,1,7,5,9
1.8434216945775423,2,0,0,1,22.96,26.515,73,12.998,2012,5,6,6,21
1.9189984754722385,3,0,1,1,33.62,35.605,28,0.0,2011,8,12,4,16
1.6734888160092363,1,0,1,1,15.58,19.695,36,22.0028,2011,3,14,0,13
1.880506958839086,1,0,0,1,20.5,24.24,31,19.0012,2012,3,11,6,19
1.8642411184013048,4,0,1,3,18.86,22.725,94,0.0,2011,11,16,2,8
1.9772117130908506,1,0,0,2,18.04,21.97,88,8.9981,2012,3,18,6,12
1.7795609835022244,3,0,1,2,29.52,34.85,79,15.0013,2012,9,6,3,12
1.4395687003478856,2,0,1,1,27.06,31.06,74,11.0014,2012,6,11,0,1
1.7323562465403226,2,0,1,1,27.06,30.305,78,6.0032,2011,6,10,4,6
1.7694345201285457,1,0,1,1,10.66,10.605,33,36.9974,2012,1,13,4,14
1.804210600378433,3,1,0,1,27.88,31.82,79,6.0032,2012,7,4,2,0
1.886830523322648,2,0,1,1,27.06,31.06,61,15.0013,2011,5,2,0,16
1.5397794579522743,2,0,1,1,22.14,25.76,94,7.0015,2012,5,16,2,5
1.8052356503890232,1,0,1,3,14.76,17.425,87,12.998,2012,3,2,4,18
1.7163798514467992,2,0,1,3,17.22,21.21,82,16.9979,2011,4,13,2,12
0.9591348389208239,1,0,1,2,5.74,9.09,69,6.0032,2011,1,6,3,5
1.0804178182729878,3,0,1,1,25.42,31.06,53,16.9979,2011,7,14,3,4
1.6606403793348095,3,0,0,1,33.62,38.635,52,7.0015,2012,7,8,6,2
1.755698992678211,1,0,0,1,17.22,21.21,38,15.0013,2012,1,7,5,23
1.9436126948827355,3,0,1,1,27.88,31.82,69,11.0014,2011,9,13,1,19
1.9785775703622708,1,0,1,1,13.12,15.91,81,12.998,2012,1,12,3,8
1.327761429538331,3,0,0,2,27.06,29.545,94,16.9979,2012,9,8,5,5
1.9061066457543656,2,0,1,1,13.94,15.15,66,26.0027,2012,4,2,0,7
1.9749939323524341,4,0,0,1,21.32,25.0,48,27.9993,2012,10,6,5,18
1.358504720646626,1,0,1,2,18.86,22.725,55,0.0,2012,2,2,3,1
1.9604550845697712,4,0,0,1,25.42,31.06,35,0.0,2011,10,8,5,12
1.4892992254175486,3,0,1,1,24.6,30.305,64,8.9981,2011,7,1,4,5
1.85601087126303,3,0,1,1,28.7,32.575,70,16.9979,2011,8,1,0,21
1.8197772781208725,2,0,1,1,25.42,31.06,50,7.0015,2011,6,15,2,22
1.9997053615189657,4,0,1,1,28.7,32.575,65,0.0,2012,10,3,2,19
1.780778386075876,1,0,1,1,12.3,15.15,56,11.0014,2012,1,6,4,11
1.8337800047354695,1,0,1,1,14.76,16.665,50,16.9979,2012,1,6,4,12
1.8622302516766631,3,0,0,1,32.8,38.635,59,23.9994,2012,8,5,6,9
1.798970923559588,4,0,1,2,13.94,16.665,66,11.0014,2011,12,14,2,21
1.836254638743768,2,0,1,1,24.6,29.545,69,12.998,2011,5,16,0,9
1.8862680216940895,4,0,1,3,25.42,28.79,83,16.9979,2011,10,13,3,18
1.1247482629090362,4,0,1,1,18.04,21.97,77,0.0,2012,10,1,0,3
1.965696607064784,2,0,0,2,25.42,30.305,61,12.998,2012,5,6,6,18
1.7795609835022244,1,0,1,2,10.66,15.15,52,0.0,2012,3,5,0,12
1.9016736242907473,1,0,0,1,22.14,25.76,45,8.9981,2012,1,7,5,18
1.9172340894587216,2,0,1,1,17.22,21.21,41,11.0014,2012,4,13,4,9
1.8102520538839093,3,0,1,3,25.42,29.545,73,31.0009,2011,8,19,4,19
1.6313704001963978,1,0,1,1,9.84,12.88,70,7.0015,2012,1,5,3,23
1.1247482629090362,3,0,1,1,29.52,33.335,58,0.0,2012,7,5,3,4
1.6579414149579819,2,0,1,1,30.34,33.335,51,11.0014,2011,6,1,2,23
1.7373263784001205,1,0,1,1,16.4,20.455,35,7.0015,2011,3,14,0,16
1.9016736242907473,4,0,0,2,13.94,18.18,76,0.0,2012,12,1,5,18
1.9384588842298294,3,0,0,1,32.8,37.88,55,15.0013,2011,8,6,5,12
0.8697416861919438,1,0,0,1,4.1,3.79,49,26.0027,2012,2,12,6,5
1.7867156538126496,3,0,0,1,20.5,24.24,72,15.0013,2011,9,17,5,22
1.9662988278566547,4,0,1,2,13.12,14.395,53,23.9994,2012,11,7,2,18
1.603478573504849,4,0,0,1,13.12,14.395,45,23.9994,2011,11,5,5,0
1.3852268599316875,3,0,0,1,29.52,34.85,79,16.9979,2012,8,5,6,6
1.9085054025106725,3,0,1,1,25.42,31.06,35,0.0,2012,9,19,2,15
1.1247482629090362,1,0,1,3,5.74,7.575,80,8.9981,2011,2,10,3,1
1.8464903775306214,3,0,1,2,24.6,27.275,88,12.998,2012,9,18,1,21
1.8890567804069143,2,0,1,1,17.22,21.21,38,27.9993,2011,4,5,1,17
1.496434016604423,2,0,0,3,17.22,21.21,94,30.0026,2011,4,16,5,11
1.5996388013001026,3,0,1,1,28.7,33.335,74,8.9981,2011,7,18,0,0
1.9026719155555414,3,0,0,1,25.42,30.305,61,16.9979,2012,9,9,6,9
1.8744836395596192,3,0,1,1,18.86,22.725,63,22.0028,2011,9,15,3,20
1.8713664243280277,4,0,1,1,14.76,16.665,46,26.0027,2011,12,16,4,9
2.0430589660894567,2,0,1,1,30.34,33.335,42,12.998,2012,6,14,3,18
2.0024092961280906,3,0,1,2,28.7,33.335,79,0.0,2012,8,6,0,8
1.7373263784001205,4,0,0,1,18.86,22.725,44,8.9981,2011,10,16,6,0
1.8402825130491083,3,0,1,2,31.16,34.09,40,0.0,2012,8,13,0,10
2.0443106710141867,2,0,1,2,32.8,36.365,43,19.9995,2012,6,11,0,18
1.8354346948604652,1,0,1,1,10.66,11.365,41,22.0028,2012,1,19,3,16
1.5996388013001026,4,0,0,1,17.22,21.21,82,15.0013,2012,10,14,6,7
0.8697416861919438,2,0,0,1,14.76,17.425,71,11.0014,2011,4,17,6,5
1.8386855209387276,1,0,1,1,14.76,16.665,34,19.0012,2012,1,5,3,16
1.8346098354356497,3,0,1,2,27.06,31.06,74,7.0015,2011,9,2,4,11
1.9380825371667785,3,0,1,2,28.7,32.575,70,7.0015,2011,9,14,2,19
1.5555453730992024,3,0,0,1,29.52,34.85,74,16.9979,2012,8,5,6,3
1.7405504459900154,4,0,1,3,22.14,25.76,94,8.9981,2011,10,12,2,19
1.223156202527103,4,0,1,1,17.22,21.21,82,7.0015,2012,10,1,0,4
1.795731656444039,4,1,0,2,16.4,20.455,76,15.0013,2012,10,8,0,21
1.6606403793348095,1,0,1,1,8.2,11.365,40,6.0032,2011,3,3,3,20
1.7218947624700471,1,0,1,1,13.94,15.91,19,16.9979,2011,2,15,1,16
1.7694345201285457,4,0,0,1,9.84,11.365,60,16.9979,2011,12,18,6,10
1.9021737291891518,3,0,0,3,26.24,30.305,73,0.0,2012,8,19,6,12
1.7783332269022314,4,0,1,1,14.76,16.665,57,16.9979,2011,11,10,3,21
1.6466671712706678,2,0,1,2,15.58,19.695,94,15.0013,2011,4,13,2,9
1.8923269571335788,2,0,0,3,21.32,25.0,100,6.0032,2011,5,14,5,12
1.6853704905634923,4,0,0,1,8.2,10.605,75,11.0014,2011,12,17,5,22
1.6734888160092363,4,0,0,1,22.96,26.515,78,12.998,2012,10,6,5,2
1.8197772781208725,2,0,1,2,23.78,27.275,83,7.0015,2012,5,2,2,10
2.0003871212614466,3,0,1,1,25.42,31.06,41,12.998,2012,9,11,1,19
1.8295542650992236,3,0,1,1,28.7,33.335,79,12.998,2011,7,6,2,22
1.503300998004841,3,0,1,1,26.24,28.79,89,7.0015,2011,7,7,3,5
1.932298189261516,3,0,0,1,35.26,39.395,44,19.9995,2012,7,1,6,10
1.7389471062414084,4,0,1,2,22.96,26.515,64,6.0032,2011,11,15,1,6
1.940323909263275,4,0,1,1,22.14,25.76,39,31.0009,2012,10,12,4,12
1.7890235001604364,3,0,1,1,23.78,27.275,88,7.0015,2011,9,14,2,6
1.8216068302034107,4,0,1,2,24.6,25.76,94,8.9981,2012,10,3,2,6
1.856716243803005,1,0,0,1,18.86,22.725,38,26.0027,2011,3,13,6,13
1.9237286302332202,3,0,0,1,36.9,40.91,37,19.0012,2012,7,1,6,15
1.2711498482847257,1,0,0,2,6.56,9.85,59,6.0032,2011,1,15,5,2
1.8072636887169242,3,0,0,2,27.06,30.305,78,7.0015,2011,7,3,6,22
1.1247482629090362,4,0,1,3,14.76,16.665,87,16.9979,2012,10,9,1,2
1.4087998161504007,4,0,1,2,17.22,21.21,82,11.0014,2012,12,3,0,0
1.6853704905634923,1,0,1,2,10.66,13.635,56,7.0015,2012,1,9,0,13
1.6659050929776016,1,0,1,1,5.74,10.605,39,0.0,2011,2,10,3,21
1.9149938977261756,3,0,0,2,22.96,26.515,64,12.998,2011,9,18,6,17
1.8622302516766631,3,0,0,3,28.7,33.335,74,8.9981,2012,8,5,6,18
1.9844111006657337,3,0,1,1,30.34,33.335,51,19.0012,2011,8,15,0,17
1.0804178182729878,2,0,1,1,16.4,20.455,87,11.0014,2011,4,18,0,4
1.8991438268879295,2,0,1,3,22.14,25.76,52,23.9994,2011,5,6,4,19
1.77073964639405,3,0,1,1,30.34,32.575,33,7.0015,2011,8,12,4,10
1.8102520538839093,1,0,0,1,6.56,7.575,47,15.0013,2012,1,15,6,11
1.875710366758475,3,0,1,2,30.34,34.85,70,8.9981,2012,8,7,1,10
1.8426436266120914,1,1,0,1,11.48,13.635,36,16.9979,2012,1,2,0,12
1.904155101148327,4,0,0,1,22.96,26.515,73,6.0032,2011,10,9,6,19
1.827827111719085,2,0,0,3,13.12,16.665,81,8.9981,2011,4,2,5,12
1.700619000072578,1,0,0,2,8.2,7.575,40,36.9974,2012,2,11,5,19
1.603478573504849,2,0,1,1,22.96,26.515,64,23.9994,2011,6,15,2,0
0.7412763113750153,1,0,1,3,21.32,25.0,72,19.9995,2012,3,13,1,3
1.8304098214920528,4,0,1,1,12.3,13.635,49,23.9994,2012,11,13,1,21
1.603478573504849,1,0,0,1,16.4,20.455,50,11.0014,2012,3,11,6,23
1.894462592869453,2,0,1,1,27.06,31.06,61,12.998,2012,5,3,3,15
1.9899759740157912,2,0,0,1,28.7,32.575,48,8.9981,2012,5,13,6,14
1.9026719155555414,2,0,1,1,25.42,29.545,78,8.9981,2012,5,3,3,21
1.3437034446606386,1,0,1,1,5.74,6.82,50,12.998,2012,1,19,3,0
1.8150956430032537,2,0,1,2,16.4,20.455,66,8.9981,2011,4,7,3,9
2.0203587773573926,2,0,1,1,15.58,19.695,62,8.9981,2012,4,10,1,8
1.9659980865692606,4,0,1,1,14.76,18.18,81,7.0015,2012,10,17,2,7
1.5163019408528369,3,0,1,1,29.52,34.85,79,0.0,2011,7,8,4,1
1.5916858743493758,2,0,1,1,23.78,27.275,53,0.0,2012,6,4,0,0
1.5957092304038698,2,0,0,1,18.86,22.725,88,6.0032,2011,5,8,6,23
1.881679452127038,4,0,1,1,24.6,31.06,53,0.0,2012,12,3,0,14
1.8082668738615209,3,0,1,2,20.5,24.24,63,0.0,2011,9,16,4,21
1.8524277618844993,2,0,1,1,26.24,31.06,57,11.0014,2012,6,8,4,23
1.9566163513210957,4,0,1,1,18.86,22.725,38,11.0014,2012,11,9,4,16
0.5265890341390445,1,0,1,1,0.82,0.76,34,19.0012,2012,1,4,2,3
1.9509661221302974,3,0,1,1,31.16,35.605,58,15.0013,2011,7,12,1,8
1.6606403793348095,1,0,0,2,18.04,21.97,77,22.0028,2011,3,5,5,20
1.712589050021264,1,1,0,2,8.2,10.605,47,11.0014,2011,1,17,0,15
1.8851357588170432,3,0,0,1,32.8,40.15,66,8.9981,2011,8,7,6,10
1.327761429538331,4,0,0,1,11.48,13.635,81,11.0014,2012,11,18,6,6
1.6109034750189168,2,0,1,1,22.96,26.515,94,19.9995,2011,5,18,2,12
0.8697416861919438,1,0,1,1,12.3,15.15,62,6.0032,2011,3,15,1,2
1.448822238365871,3,0,1,1,26.24,31.06,61,12.998,2011,8,11,3,5
1.8122095959040794,4,0,1,1,20.5,24.24,51,11.0014,2011,11,9,2,13
1.63454690370149,2,0,1,2,18.04,21.97,77,12.998,2011,4,13,2,13
1.8917875600189848,3,0,0,1,31.98,37.88,65,15.0013,2012,8,4,5,9
1.026672031199051,1,0,1,1,4.1,6.06,54,11.0014,2011,1,14,4,1
1.372306733580753,1,0,1,3,13.94,16.665,93,12.998,2011,3,9,2,23
1.9575872640248104,2,0,0,1,26.24,30.305,73,12.998,2011,5,15,6,14
1.8370697219086884,4,0,1,1,18.86,22.725,63,0.0,2012,10,16,1,21
1.9761078731375774,2,0,0,1,31.16,34.09,45,6.0032,2012,6,10,6,11
2.0172564188484525,2,1,0,1,32.8,34.85,31,26.0027,2012,4,16,0,18
1.9485628011601908,4,0,0,2,14.76,16.665,46,19.9995,2012,11,3,5,17
1.496434016604423,2,0,1,1,22.96,26.515,88,6.0032,2011,6,6,0,5
0.5265890341390445,1,0,1,2,18.86,22.725,82,12.998,2012,3,13,1,4
1.6659050929776016,1,0,1,1,6.56,9.09,86,7.0015,2012,2,6,0,6
0.5265890341390445,1,0,1,1,6.56,6.82,47,26.0027,2011,1,3,0,4
1.8225126721028055,1,0,1,1,13.94,16.665,53,11.0014,2012,2,15,2,21
1.7356879059276584,4,0,0,2,15.58,19.695,62,11.0014,2011,11,19,5,22
1.7627277196400848,4,0,1,1,9.02,10.605,55,19.9995,2012,12,6,3,6
1.0804178182729878,3,0,1,2,25.42,27.275,94,19.0012,2012,9,18,1,3
2.019011585847093,1,0,0,1,26.24,31.06,50,0.0,2012,3,17,5,16
1.781985597277665,3,0,1,1,30.34,32.575,37,0.0,2011,8,10,2,22
1.777094949793928,3,0,1,2,28.7,33.335,74,7.0015,2011,8,18,3,22
1.6920895459931111,4,0,1,3,22.14,25.76,100,7.0015,2011,10,12,2,21
0.7412763113750153,1,0,1,3,9.02,12.12,93,7.0015,2011,2,2,2,0
1.748318097194945,1,0,1,1,12.3,15.15,70,6.0032,2012,1,10,1,22
1.8976020071415636,3,0,1,1,24.6,31.06,40,16.9979,2012,9,19,2,13
1.9338667840812656,4,1,0,1,30.34,32.575,37,0.0,2011,10,10,0,14
1.9482156550040577,3,0,1,1,17.22,21.21,67,15.0013,2011,9,16,4,8
1.579009137828587,1,0,1,1,18.04,21.97,62,22.0028,2012,3,8,3,0
1.9001616577562157,2,0,1,1,24.6,28.79,78,0.0,2012,5,4,4,9
1.223156202527103,1,0,1,1,12.3,15.15,62,6.0032,2011,3,15,1,1
1.7613486395430595,3,0,0,3,27.88,31.82,83,6.0032,2012,7,8,6,23
1.4741440143630178,3,0,1,1,26.24,30.305,73,0.0,2011,8,17,2,5
1.5099182003836584,3,0,0,3,27.88,31.82,65,6.0032,2011,7,3,6,3
0.7412763113750153,2,0,1,1,13.12,15.15,45,19.0012,2012,4,11,2,2
1.327761429538331,3,0,1,1,28.7,33.335,74,8.9981,2012,7,10,1,1
1.6495606454510718,4,0,1,1,15.58,19.695,87,0.0,2011,11,9,2,23
1.9623306102568445,2,0,1,1,26.24,31.06,41,8.9981,2012,6,6,2,16
1.7867156538126496,4,0,1,1,18.86,22.725,59,15.0013,2011,10,14,4,22
1.8225126721028055,1,0,1,1,18.86,22.725,36,12.998,2012,1,6,4,14
1.3852268599316875,1,0,1,1,20.5,24.24,59,0.0,2012,3,15,3,2
1.9117905099724466,3,0,1,1,29.52,33.335,51,11.0014,2012,7,12,3,22
1.881679452127038,1,0,1,1,20.5,24.24,51,16.9979,2012,3,7,2,20
1.9601397058579975,4,0,1,1,9.84,14.395,87,0.0,2011,12,2,4,8
1.8426436266120914,4,0,1,2,12.3,14.395,52,16.9979,2012,12,12,2,21
1.9006676027900098,3,0,1,1,33.62,37.88,46,11.0014,2012,8,1,2,15
1.9543208505321603,3,0,1,1,28.7,32.575,61,8.9981,2012,8,15,2,20
1.2484412575662103,2,0,1,1,22.96,26.515,60,15.0013,2012,6,4,0,2
1.8991438268879295,3,0,1,1,32.8,36.365,43,12.998,2011,8,9,1,20
1.9421616481775266,4,0,0,2,17.22,21.21,71,0.0,2012,10,7,6,12
1.9172340894587216,4,0,0,1,17.22,21.21,58,15.0013,2011,12,4,6,16
0.8697416861919438,4,0,1,1,18.04,21.97,67,8.9981,2012,10,16,1,2
1.8102520538839093,2,0,1,1,24.6,31.06,33,19.9995,2011,4,18,0,20
1.0804178182729878,2,0,1,1,25.42,28.79,83,0.0,2011,6,8,2,4
1.7968196318819551,3,0,1,1,22.14,25.76,88,0.0,2012,9,14,4,6
1.4087998161504007,1,0,0,3,4.1,3.79,68,26.0027,2012,2,12,6,0
1.880506958839086,1,0,1,3,19.68,23.485,82,6.0032,2012,3,16,4,17
1.9730196976615502,3,0,1,1,27.06,31.06,34,22.0028,2012,9,10,0,16
1.8092629643515203,1,0,1,4,8.2,11.365,86,6.0032,2012,1,9,0,18
1.5653166550596793,3,0,1,2,27.88,31.82,89,11.0014,2012,8,8,2,5
1.8260781474077188,1,0,0,1,13.94,18.18,46,0.0,2011,2,6,6,13
1.1622831138840004,3,0,1,1,19.68,23.485,67,8.9981,2012,9,11,1,3
1.8370697219086884,3,0,1,3,25.42,27.275,94,8.9981,2011,9,8,3,8
0.7412763113750153,1,0,1,1,5.74,6.06,50,23.9994,2011,1,13,3,2
1.8769258727448193,2,0,0,3,27.88,31.82,83,19.0012,2011,6,12,6,17
1.6437209301888343,3,0,0,2,24.6,25.0,97,7.0015,2011,9,10,5,2
1.1247482629090362,1,0,1,1,20.5,24.24,63,0.0,2012,3,15,3,3
1.358504720646626,1,0,1,1,4.1,3.79,36,23.9994,2011,2,9,2,0
1.6495606454510718,1,0,1,1,9.84,11.365,60,16.9979,2011,3,4,4,10
1.6606403793348095,1,0,1,2,12.3,15.91,81,6.0032,2011,1,19,2,12
1.8810945047250232,4,0,0,1,14.76,17.425,66,12.998,2012,11,10,5,9
1.9127139332707952,4,0,0,2,18.04,21.97,72,6.0032,2012,10,7,6,13
1.8251953231790878,2,0,1,1,23.78,27.275,60,19.0012,2012,6,14,3,6
1.798970923559588,2,0,1,1,22.14,25.76,28,30.0026,2011,5,5,3,14
1.63454690370149,1,0,0,1,16.4,20.455,35,19.0012,2011,2,13,6,19
1.6437209301888343,1,0,1,1,9.02,11.365,51,11.0014,2011,2,4,4,11
1.6551961525056738,4,0,1,1,16.4,20.455,66,7.0015,2012,10,12,4,0
1.9163427015318748,3,0,0,1,28.7,32.575,51,11.0014,2012,8,12,6,10
1.8449646614985311,1,0,0,1,9.02,10.605,29,19.9995,2012,1,15,6,16
1.8102520538839093,3,0,1,2,29.52,34.09,66,6.0032,2011,8,19,4,11
1.7047134862451474,3,0,0,1,26.24,30.305,69,11.0014,2011,9,3,5,8
1.327761429538331,2,0,1,1,12.3,15.91,49,7.0015,2011,4,6,2,0
1.4818766360989102,4,0,1,1,20.5,24.24,63,19.9995,2011,10,17,0,5
1.757131886054717,2,0,0,1,22.14,25.76,49,12.998,2011,5,7,5,22
1.765447506801529,1,1,0,1,10.66,12.12,33,16.9979,2012,1,2,0,18
1.755698992678211,2,0,0,1,27.06,30.305,78,15.0013,2011,6,12,6,0
1.8700988387609099,3,0,1,1,32.8,35.605,41,15.0013,2012,7,11,2,14
1.9350305802211858,4,0,1,1,15.58,19.695,27,23.9994,2012,11,8,3,19
1.9176774696931478,1,0,1,1,27.88,31.82,39,11.0014,2011,3,18,4,18
1.6313704001963978,4,0,1,1,14.76,18.18,57,6.0032,2012,11,1,3,0
1.868819104784765,3,0,1,2,32.8,37.12,52,0.0,2012,8,8,2,11
1.7389471062414084,4,0,1,2,14.76,17.425,93,8.9981,2012,12,17,0,6
1.7924169706841675,4,0,1,1,18.86,22.725,82,0.0,2011,10,6,3,22
1.2917246727283112,4,0,1,1,14.76,18.94,87,0.0,2011,11,9,2,0
1.5099182003836584,1,1,0,3,6.56,7.575,80,12.998,2011,1,17,0,20
0.7412763113750153,4,0,1,1,17.22,21.21,67,7.0015,2012,10,16,1,3
1.775845981748474,2,0,1,2,20.5,24.24,39,19.0012,2012,4,18,2,6
1.9755521762697152,3,0,1,2,34.44,37.12,36,8.9981,2012,7,3,1,19
1.6920895459931111,1,0,1,1,6.56,9.09,80,8.9981,2011,3,4,4,7
1.916789170111494,3,0,0,2,21.32,25.0,72,15.0013,2011,9,17,5,18
1.9384588842298294,2,0,0,1,24.6,31.06,46,6.0032,2011,5,8,6,12
1.8410740844298052,1,0,1,1,13.94,17.425,53,7.0015,2012,1,10,1,20
2.012033526440284,2,0,1,1,23.78,27.275,83,0.0,2012,5,16,2,8
1.6180113091810355,2,0,1,2,14.76,16.665,63,27.9993,2011,4,5,1,13
1.8378799982871266,3,0,1,1,30.34,34.09,62,0.0,2012,8,14,1,11
1.700619000072578,1,0,1,1,16.4,20.455,66,15.0013,2011,3,17,3,22
1.9303096939764732,3,0,1,1,29.52,33.335,51,12.998,2011,7,15,4,16
1.4741440143630178,1,0,0,1,4.92,6.06,36,16.9979,2011,1,8,5,20
1.0804178182729878,1,0,1,2,4.92,6.06,50,15.0013,2011,2,10,3,5
1.6684735252826461,2,0,0,1,26.24,30.305,69,8.9981,2012,6,10,6,2
1.9176774696931478,3,0,1,1,32.8,37.88,55,16.9979,2012,9,7,4,15
1.9311088435575234,2,0,0,1,28.7,32.575,58,7.0015,2011,6,5,6,18
1.7878742218230284,3,0,1,1,26.24,28.79,89,0.0,2011,9,7,2,16
1.223156202527103,4,0,1,1,10.66,13.635,75,7.0015,2012,12,7,4,4
1.9194357985353954,2,0,0,2,26.24,30.305,69,7.0015,2011,6,5,6,12
0.5265890341390445,4,0,0,1,9.02,10.605,55,15.0013,2011,12,18,6,4
1.880506958839086,3,0,1,1,31.16,34.09,45,8.9981,2012,7,2,0,21
1.8996537373231852,3,0,1,1,36.9,39.395,27,7.0015,2012,7,6,4,13
1.898117976801967,3,0,1,1,31.16,35.605,62,22.0028,2011,8,4,3,16
1.9334764565955942,2,0,1,1,29.52,32.575,39,22.0028,2012,6,8,4,12
1.9149938977261756,4,0,1,1,29.52,33.335,54,19.0012,2012,10,4,3,15
1.9185596528196553,4,0,0,3,16.4,20.455,82,11.0014,2012,10,7,6,16
1.026672031199051,4,0,1,1,21.32,25.0,59,11.0014,2011,10,17,0,4
1.6759380249901916,3,0,1,1,24.6,28.03,83,8.9981,2011,9,2,4,6
1.7733152706473527,1,0,1,1,14.76,17.425,50,11.0014,2012,3,2,4,10
1.6281310150671582,2,0,1,1,21.32,25.0,94,6.0032,2011,5,18,2,23
1.5341940066777084,3,0,0,1,24.6,27.275,88,0.0,2011,9,11,6,7
1.9158946735023363,1,0,1,1,15.58,19.695,43,35.0008,2012,2,2,3,19
2.0072122107985986,2,0,1,3,18.86,22.725,88,12.998,2012,5,3,3,8
1.9914500672545563,2,0,1,1,22.96,26.515,26,7.0015,2012,4,3,1,19
1.5875644833216505,3,0,0,1,26.24,29.545,78,19.0012,2012,7,14,5,7
1.9644832377931056,4,0,1,1,14.76,16.665,46,27.9993,2011,12,16,4,8
1.827827111719085,2,0,0,1,15.58,19.695,54,23.9994,2011,4,2,5,17
2.0112090454763987,3,0,1,3,28.7,33.335,79,0.0,2012,9,6,3,8
1.74525954872198,1,0,1,1,13.12,14.395,57,27.9993,2011,1,19,2,19
1.4892992254175486,3,0,1,1,28.7,33.335,79,7.0015,2011,8,8,0,0
1.8839936846137324,2,0,1,1,26.24,30.305,73,12.998,2012,5,15,1,12
1.8890567804069143,1,0,1,2,27.06,31.06,41,6.0032,2012,3,15,3,13
1.7968196318819551,1,0,1,2,13.94,15.91,71,19.0012,2011,3,15,1,19
1.804210600378433,3,0,1,1,36.9,38.635,25,19.0012,2011,8,2,1,14
1.7694345201285457,3,0,0,1,27.88,31.82,89,6.0032,2012,9,2,6,8
1.9051345487873121,4,0,1,1,25.42,31.06,57,16.9979,2011,10,18,1,16
1.3105061862047918,2,0,1,1,21.32,25.0,88,8.9981,2011,5,3,1,5
1.748318097194945,4,0,1,1,20.5,24.24,55,16.9979,2011,10,17,0,6
1.9194357985353954,2,0,1,2,21.32,25.0,72,16.9979,2012,6,5,1,9
1.6876424851132221,1,0,1,1,6.56,6.82,59,22.0028,2011,1,12,2,9
1.945047123513961,4,0,0,2,15.58,19.695,82,7.0015,2012,12,16,6,16
1.8487473895449305,1,0,1,1,12.3,13.635,45,19.9995,2012,3,5,0,16
2.0048350446551164,4,0,1,2,19.68,23.485,82,19.0012,2012,12,10,0,17
0.8697416861919438,1,0,0,2,18.86,22.725,94,12.998,2011,1,2,6,4
1.894462592869453,4,0,1,2,22.14,25.76,77,12.998,2012,10,18,3,21
1.9758303417089067,1,0,1,2,12.3,15.91,70,6.0032,2012,2,16,3,8
1.7144962229206409,2,0,0,2,22.14,25.76,68,8.9981,2012,5,13,6,1
1.879323983956676,4,0,0,3,14.76,17.425,81,11.0014,2011,10,2,6,14
1.7437063358613225,1,0,1,2,13.94,15.91,53,16.9979,2011,3,11,4,12
1.9867187683398329,4,0,0,1,26.24,31.06,44,12.998,2012,10,14,6,17
1.6710010327416251,2,0,1,1,12.3,15.15,56,11.0014,2011,4,1,4,22
1.0804178182729878,1,0,1,1,4.92,6.06,50,15.0013,2012,2,13,0,1
1.026672031199051,1,0,0,1,5.74,7.575,50,0.0,2012,1,14,5,6
1.026672031199051,4,0,1,3,14.76,16.665,87,23.9994,2012,11,13,1,3
1.963257777844227,4,0,0,1,26.24,31.06,44,6.0032,2011,10,9,6,12
1.026672031199051,1,0,1,1,9.84,12.12,60,8.9981,2012,1,9,0,1
2.0166654812837916,3,0,1,2,29.52,33.335,51,6.0032,2012,8,13,0,8
1.8601888513706977,3,0,1,2,26.24,28.79,89,0.0,2011,9,7,2,19
1.4660765372061442,1,0,1,1,16.4,20.455,65,12.998,2011,3,16,2,23
1.7843700777314968,2,0,1,1,22.96,26.515,64,6.0032,2011,5,11,2,11
1.3437034446606386,2,0,1,1,22.96,26.515,83,0.0,2012,5,2,2,2
1.9724497132493741,3,0,1,1,26.24,28.79,89,7.0015,2012,9,7,4,7
1.7946353028541102,1,0,1,1,13.94,17.425,31,7.0015,2011,3,8,1,19
1.6632944814375767,4,0,0,1,8.2,10.605,75,8.9981,2011,12,18,6,0
1.7946353028541102,4,0,1,1,13.94,15.91,46,15.0013,2012,11,5,0,11
1.327761429538331,3,0,1,1,26.24,30.305,69,12.998,2012,8,16,3,2
1.9410622367698473,4,0,1,2,22.14,25.76,94,7.0015,2012,10,19,4,9
1.777094949793928,2,0,1,1,19.68,23.485,48,7.0015,2012,5,10,3,23
1.8150956430032537,3,0,0,2,20.5,24.24,72,12.998,2011,9,17,5,21
1.6734888160092363,4,0,1,3,21.32,25.0,88,11.0014,2011,10,14,4,12
1.9051345487873121,4,0,1,1,28.7,32.575,48,12.998,2012,10,5,4,11
1.6632944814375767,4,0,0,2,14.76,17.425,66,12.998,2011,11,13,6,1
1.9099235639500813,2,0,0,1,27.06,31.06,39,12.998,2012,6,3,6,20
1.8713664243280277,2,1,0,1,21.32,25.0,55,32.9975,2011,4,15,4,16
1.8169871572575529,2,0,1,1,19.68,23.485,77,0.0,2012,6,6,2,6
1.5653166550596793,4,0,1,2,16.4,20.455,82,0.0,2011,11,4,4,0
1.8700988387609099,4,0,1,1,14.76,17.425,57,15.0013,2012,12,19,2,20
1.6214540309583532,1,0,1,2,12.3,14.395,75,16.9979,2011,3,9,2,10
1.5875644833216505,4,0,1,1,18.86,22.725,63,26.0027,2012,10,16,1,0
1.4298455472897516,2,0,1,1,19.68,23.485,88,22.0028,2011,4,11,0,0
1.8169871572575529,4,0,0,2,13.94,17.425,66,6.0032,2012,11,17,5,20
1.607232291151654,1,0,1,1,7.38,8.335,51,19.0012,2011,1,14,4,11
1.8072636887169242,2,0,1,1,22.14,25.76,30,16.9979,2012,4,17,1,22
1.9094525728270801,4,0,1,3,19.68,23.485,48,16.9979,2012,12,18,1,12
1.607232291151654,2,0,1,1,18.86,22.725,82,6.0032,2011,5,9,0,0
1.9249888048924875,4,0,1,1,21.32,25.0,32,6.0032,2012,10,11,3,14
1.914541129043442,3,0,0,1,24.6,31.06,53,7.0015,2012,9,16,6,20
1.8787285104503608,1,0,1,1,18.86,22.725,28,19.0012,2011,2,16,2,17
1.9406936156614254,2,0,1,2,24.6,31.06,53,26.0027,2012,5,7,0,16
1.9644832377931056,2,0,1,2,22.96,26.515,83,19.0012,2011,5,3,1,8
0.9591348389208239,4,0,1,1,10.66,15.15,60,0.0,2012,12,12,2,4
1.7067206012930416,1,0,1,1,13.94,17.425,81,7.0015,2012,1,12,3,10
1.6759380249901916,3,0,1,1,25.42,31.06,50,8.9981,2011,8,12,4,6
1.68988188256892,1,0,1,1,16.4,20.455,54,19.0012,2011,1,19,2,15
1.026672031199051,3,0,1,3,22.14,25.76,94,16.9979,2011,9,7,2,1
1.887390630978784,4,0,1,1,13.12,17.425,39,0.0,2012,12,6,3,15
2.0472297850184633,2,0,1,1,24.6,31.06,43,0.0,2012,6,5,1,17
1.5555453730992024,3,1,0,1,27.06,31.06,74,11.0014,2011,9,5,0,7
1.6942663054703442,3,0,1,2,22.14,25.76,94,22.0028,2011,9,6,1,22
1.8052356503890232,2,0,1,2,13.94,16.665,76,11.0014,2011,4,7,3,7
0.9591348389208239,1,0,0,1,9.84,10.605,41,23.9994,2012,3,10,5,4
2.0024092961280906,4,0,1,1,18.04,21.97,35,19.0012,2012,12,5,2,17
0.8697416861919438,1,0,0,2,9.02,13.635,55,0.0,2011,2,13,6,7
1.8260781474077188,3,0,1,1,33.62,37.88,46,22.0028,2011,8,18,3,14
1.026672031199051,2,0,1,1,13.94,15.91,49,16.9979,2012,4,6,4,4
1.607232291151654,3,0,0,1,27.06,30.305,78,15.0013,2011,8,6,5,2
1.8545889886375557,4,0,1,1,19.68,23.485,33,32.9975,2012,12,5,2,14
1.8092629643515203,3,0,1,1,34.44,40.15,53,22.0028,2011,7,18,0,15
1.894462592869453,2,0,1,1,23.78,27.275,83,27.9993,2011,5,17,1,20
1.9414297785949048,3,0,1,1,24.6,31.06,40,12.998,2012,9,10,0,20
1.496434016604423,3,0,0,1,30.34,35.605,74,8.9981,2012,7,7,5,3
1.781985597277665,3,0,0,2,25.42,28.03,88,0.0,2011,9,10,5,23
1.777094949793928,4,0,1,1,10.66,11.365,56,22.0028,2012,11,13,1,22
1.8434216945775423,2,0,1,1,21.32,25.0,72,8.9981,2011,5,11,2,9
1.8131782269605679,4,0,1,3,13.94,15.91,61,19.0012,2011,11,17,3,7
1.223156202527103,2,0,0,1,20.5,24.24,68,11.0014,2012,4,15,6,5
1.9635652888016641,4,0,0,1,23.78,27.275,35,36.9974,2011,10,15,5,12
1.7613486395430595,4,0,1,1,25.42,28.79,83,12.998,2011,10,13,3,21
1.765447506801529,1,1,0,2,5.74,6.82,59,12.998,2012,1,16,0,10
1.8402825130491083,3,0,1,1,30.34,33.335,48,8.9981,2012,8,16,3,10
1.3852268599316875,1,0,1,3,16.4,20.455,82,0.0,2012,2,2,3,5
1.5957092304038698,4,0,1,3,18.86,22.725,94,19.0012,2011,12,6,1,10
0.5265890341390445,1,0,1,1,8.2,7.575,80,39.0007,2011,3,7,0,3
1.6807250824647135,1,0,1,1,13.12,17.425,39,0.0,2011,3,1,1,13
1.0804178182729878,3,0,1,1,25.42,31.06,57,19.9995,2011,7,14,3,3
1.9021737291891518,2,0,1,2,26.24,28.79,83,15.0013,2012,6,1,4,9
1.932298189261516,2,0,0,1,24.6,31.06,49,0.0,2011,5,8,6,14
1.988733607234547,3,1,0,1,36.9,40.91,37,11.0014,2012,7,4,2,14
1.9604550845697712,2,0,1,1,29.52,32.575,45,7.0015,2012,5,16,2,16
1.9224558706047865,3,0,1,1,28.7,33.335,84,11.0014,2011,7,13,2,20
1.6144954397020792,1,0,1,1,8.2,7.575,47,39.0007,2011,1,12,2,12
1.9601397058579975,2,0,0,2,17.22,21.21,67,15.0013,2012,4,1,6,12
1.9361837416040704,3,0,0,1,37.72,44.695,42,12.998,2012,7,8,6,12
1.8487473895449305,3,0,1,1,25.42,31.06,50,19.0012,2012,9,10,0,10
1.818853419699573,4,0,1,2,13.94,16.665,100,8.9981,2011,11,7,0,9
1.7783332269022314,1,0,1,2,6.56,7.575,86,15.0013,2011,1,11,1,17
1.223156202527103,4,0,1,2,16.4,20.455,76,0.0,2011,11,4,4,2
1.6807250824647135,1,0,1,2,8.2,10.605,75,8.9981,2012,1,5,3,6
1.868819104784765,2,0,0,1,24.6,31.06,56,11.0014,2012,5,19,5,23
1.7218947624700471,1,0,0,2,8.2,9.09,59,23.9994,2011,1,8,5,12
1.8991438268879295,3,0,1,1,31.98,34.09,35,8.9981,2012,7,12,3,12
1.372306733580753,4,0,1,1,13.94,17.425,87,6.0032,2011,11,8,1,0
1.7047134862451474,2,0,0,1,21.32,25.0,59,7.0015,2012,6,3,6,2
1.8907020599217577,1,0,1,2,14.76,17.425,71,12.998,2012,2,1,2,9
1.026672031199051,4,0,1,2,17.22,21.21,82,15.0013,2011,11,17,3,2
1.8581160323277108,3,0,1,1,30.34,32.575,35,16.9979,2011,7,14,3,12
1.7356879059276584,4,0,0,3,16.4,20.455,82,12.998,2012,10,7,6,18
1.757131886054717,1,0,0,1,7.38,9.09,29,15.0013,2012,1,15,6,18
1.9730196976615502,3,0,1,1,28.7,33.335,79,0.0,2011,7,13,2,17
1.6313704001963978,4,0,1,1,14.76,17.425,53,11.0014,2011,12,19,0,23
1.860872764634446,4,0,0,1,14.76,16.665,43,16.9979,2012,11,4,6,19
1.74525954872198,3,0,0,1,18.86,22.725,77,15.0013,2011,9,18,6,0
1.2484412575662103,4,1,0,1,18.86,22.725,88,0.0,2011,10,10,0,3
2.0048350446551164,2,0,0,1,29.52,32.575,39,23.9994,2012,4,15,6,16
1.866876239930001,3,0,1,1,25.42,31.06,43,19.9995,2012,9,10,0,11
1.797899348601363,1,0,1,1,22.96,26.515,49,22.0028,2012,3,8,3,22
1.783182776049518,3,0,1,1,27.88,31.82,79,8.9981,2012,7,16,0,6
1.8337800047354695,1,0,1,1,27.06,31.06,36,19.9995,2011,2,18,4,14
1.7289490519659823,1,0,1,2,14.76,17.425,50,15.0013,2011,3,15,1,12
1.8991438268879295,3,0,1,2,27.06,29.545,89,7.0015,2011,7,7,3,7
1.8588105191644075,1,0,1,1,13.12,15.91,39,12.998,2011,3,1,1,18
0.8697416861919438,4,0,1,2,18.86,22.725,87,12.998,2011,12,6,1,2
1.6109034750189168,2,0,1,2,16.4,20.455,94,19.9995,2011,4,12,1,22
1.1622831138840004,3,0,1,2,27.06,29.545,89,0.0,2012,9,4,1,4
1.9482156550040577,2,0,1,1,36.9,40.91,37,16.9979,2011,6,9,3,17
1.8744836395596192,2,0,0,3,22.14,25.76,94,8.9981,2011,5,14,5,19
1.448822238365871,3,0,1,1,28.7,33.335,79,12.998,2012,8,6,0,5
1.904155101148327,2,0,1,1,26.24,31.06,38,0.0,2012,6,6,2,14
1.7613486395430595,4,0,0,1,20.5,24.24,88,7.0015,2011,10,9,6,23
1.7542520263946595,2,1,0,2,16.4,20.455,76,22.0028,2011,4,15,4,20
1.0804178182729878,3,0,1,1,29.52,34.09,70,8.9981,2012,7,18,2,4
1.8713664243280277,2,0,0,1,17.22,21.21,41,16.9979,2011,4,3,6,11
1.8732454942989716,4,0,1,1,21.32,25.0,77,11.0014,2011,10,5,2,20
1.570002974208493,3,0,1,3,26.24,28.79,89,19.9995,2012,8,10,4,6
1.1947055233182955,3,0,1,1,25.42,28.79,83,6.0032,2012,9,7,4,3
1.98046432676698,2,0,1,1,18.86,22.725,82,7.0015,2012,5,18,4,7
1.4576463830228739,3,0,1,1,17.22,21.21,67,12.998,2011,9,16,4,1
1.223156202527103,3,0,0,1,26.24,31.06,61,12.998,2012,8,12,6,5
0.7412763113750153,4,0,1,1,7.38,12.12,74,0.0,2011,12,12,0,3
2.0215013028841584,3,0,1,1,29.52,34.85,74,7.0015,2012,8,9,3,8
1.8464903775306214,3,0,0,1,26.24,29.545,78,19.9995,2011,9,10,5,9
1.7599564649868773,2,1,0,1,20.5,24.24,55,12.998,2011,4,15,4,10
1.8917875600189848,4,0,1,1,13.94,16.665,46,8.9981,2012,11,6,1,13
1.223156202527103,4,0,1,1,8.2,11.365,75,6.0032,2012,12,14,4,4
0.7412763113750153,1,0,1,1,6.56,6.82,50,19.9995,2011,2,3,3,5
1.9254061069071156,3,0,1,1,20.5,24.24,59,11.0014,2012,9,19,2,21
1.2711498482847257,3,0,1,2,22.14,25.76,68,16.9979,2012,9,19,2,1
1.6407200993500939,1,0,1,1,13.94,16.665,46,8.9981,2011,3,14,0,21
1.583340520839692,2,0,0,2,21.32,25.0,100,7.0015,2011,5,15,6,1
1.372306733580753,3,0,1,1,30.34,33.335,51,0.0,2012,7,5,3,2
1.7542520263946595,4,0,0,2,16.4,20.455,87,8.9981,2012,12,9,6,0
1.798970923559588,4,0,1,1,16.4,20.455,40,15.0013,2011,12,1,3,13
2.009752201333546,2,0,1,2,20.5,24.24,82,12.998,2012,5,7,0,8
1.8260781474077188,3,0,1,1,33.62,37.88,46,16.9979,2011,8,8,0,12
1.795731656444039,2,0,1,1,22.14,25.76,83,8.9981,2012,6,15,4,6
1.0804178182729878,4,0,0,1,9.84,12.88,70,6.0032,2011,12,3,5,5
1.7163798514467992,1,0,0,1,16.4,20.455,32,19.9995,2011,2,13,6,18
1.7289490519659823,4,0,1,2,22.96,26.515,68,0.0,2011,10,18,1,10
1.4087998161504007,2,0,1,3,13.94,15.15,93,26.0027,2011,5,4,2,6
1.7200786095266942,2,0,1,1,22.96,26.515,94,0.0,2011,6,17,4,6
1.9454031760832335,3,0,0,1,34.44,36.365,32,0.0,2011,7,9,5,17
1.6214540309583532,4,0,0,1,16.4,20.455,76,7.0015,2011,10,15,5,7
1.9919374395287388,3,0,1,1,36.9,40.15,33,16.9979,2012,7,6,4,18
1.9735870328878404,3,0,0,1,25.42,31.06,50,7.0015,2012,9,16,6,10
1.8694605040153234,2,0,1,1,25.42,30.305,69,6.0032,2012,5,2,2,14
2.0003871212614466,4,1,0,1,22.96,26.515,64,19.0012,2012,11,12,0,17
1.8502315274246866,2,0,1,2,20.5,24.24,77,19.0012,2011,5,12,3,9
1.6830650011356274,2,0,1,1,24.6,28.79,78,8.9981,2012,5,17,3,0
1.6495606454510718,4,0,1,3,19.68,23.485,94,7.0015,2011,11,16,2,15
1.9330849197075204,4,0,1,2,10.66,12.12,60,19.0012,2012,11,7,2,9
2.0453948121991954,4,0,1,1,20.5,24.24,42,11.0014,2012,10,16,1,18
1.8810945047250232,4,0,1,2,15.58,19.695,62,16.9979,2012,11,19,0,20
1.583340520839692,2,0,1,1,24.6,31.06,56,7.0015,2011,6,16,3,0
0.9591348389208239,1,0,1,2,8.2,10.605,86,11.0014,2012,1,10,1,4
1.503300998004841,1,0,0,1,13.94,16.665,42,8.9981,2012,1,8,6,3
1.8912459334298568,3,0,1,1,36.9,42.425,42,19.9995,2011,7,19,1,16
2.037416521841526,4,0,1,2,22.96,26.515,64,22.0028,2012,10,18,3,18
1.7144962229206409,1,0,1,2,22.96,26.515,49,30.0026,2012,3,8,3,23
1.9990196811606853,2,0,1,1,28.7,32.575,54,19.0012,2012,5,16,2,19
1.603478573504849,1,0,1,2,9.02,12.12,87,7.0015,2012,1,9,0,23
1.8629038905519502,2,0,1,1,20.5,24.24,42,12.998,2012,5,10,3,21
1.4196068415100236,3,0,0,1,27.06,29.545,89,0.0,2012,9,2,6,4
1.9516443500946277,3,0,1,1,28.7,33.335,79,7.0015,2011,7,13,2,19
1.2484412575662103,2,0,1,1,20.5,24.24,68,0.0,2012,6,6,2,2
1.327761429538331,3,0,1,1,28.7,33.335,74,7.0015,2012,7,16,0,2
1.7542520263946595,3,0,0,1,27.88,31.82,65,15.0013,2011,7,17,6,8
1.579009137828587,4,0,0,1,8.2,11.365,69,7.0015,2011,12,18,6,1
1.2484412575662103,4,0,1,1,15.58,19.695,94,6.0032,2011,11,10,3,3
1.7542520263946595,4,0,1,2,13.94,15.15,71,19.9995,2012,12,11,1,6
1.8763195102948889,2,0,1,2,24.6,31.06,46,16.9979,2012,4,4,2,13
1.9931472818006903,2,0,1,1,24.6,29.545,69,8.9981,2011,5,18,2,17
1.6109034750189168,4,0,1,2,17.22,21.21,94,8.9981,2012,12,17,0,22
1.7627277196400848,3,0,1,2,24.6,28.03,83,16.9979,2011,9,15,3,6
1.8102520538839093,4,0,0,1,10.66,14.395,81,6.0032,2012,11,4,6,1
1.8822618226261445,3,0,1,1,27.06,31.06,50,8.9981,2011,7,14,3,21
1.8434216945775423,3,0,1,1,35.26,37.12,30,15.0013,2011,8,2,1,13
1.4818766360989102,3,0,1,2,25.42,25.76,100,0.0,2011,9,9,4,10
1.8197772781208725,3,0,1,2,27.06,30.305,83,12.998,2012,7,9,0,10
1.8923269571335788,2,0,1,1,23.78,27.275,49,15.0013,2012,5,17,3,11
1.7795609835022244,1,0,1,1,17.22,21.21,67,15.0013,2011,3,17,3,20
1.637662762520353,2,0,1,1,18.04,21.97,88,7.0015,2011,5,2,0,6
1.9741517421386063,3,0,1,1,31.16,35.605,62,19.0012,2012,8,10,4,19
1.847999202156157,4,0,1,1,17.22,21.21,71,7.0015,2011,11,3,3,20
1.8744836395596192,4,0,1,2,16.4,20.455,58,11.0014,2012,11,1,3,13
1.6606403793348095,4,0,0,2,14.76,17.425,93,8.9981,2012,12,8,5,2
1.7067206012930416,1,0,1,2,8.2,12.88,44,0.0,2012,1,4,2,21
1.026672031199051,1,0,0,2,6.56,8.335,74,11.0014,2011,1,8,5,5
1.3973634811730353,4,0,1,1,9.02,13.635,80,0.0,2011,12,9,4,5
1.844195357303668,1,0,1,1,27.88,31.82,39,19.0012,2011,3,18,4,16
1.9897285248560848,4,1,0,1,21.32,25.0,72,8.9981,2012,11,12,0,18
1.4087998161504007,4,0,1,2,14.76,18.18,76,7.0015,2011,10,3,0,5
1.8732454942989716,2,0,1,2,27.06,31.06,54,30.0026,2012,6,13,2,11
1.1247482629090362,2,0,1,1,16.4,20.455,62,16.9979,2011,4,4,0,5
1.9727350380661053,3,0,1,1,28.7,32.575,54,11.0014,2011,8,17,2,8
1.74525954872198,2,0,1,1,18.86,22.725,38,32.9975,2011,4,6,2,13
1.5653166550596793,3,0,1,3,28.7,33.335,79,6.0032,2011,7,6,2,10
1.9266498629615478,2,0,0,2,27.06,31.06,47,12.998,2012,6,16,5,20
1.5996388013001026,1,0,1,1,7.38,10.605,40,7.0015,2011,3,3,3,21
1.3105061862047918,1,0,1,1,18.04,21.97,77,7.0015,2012,3,15,3,4
1.795731656444039,4,0,1,2,12.3,14.395,56,16.9979,2012,11,6,1,21
1.949941799623649,4,0,1,1,15.58,19.695,43,23.9994,2012,12,5,2,19
1.865565153838859,1,0,1,2,10.66,11.365,48,19.9995,2012,1,19,3,19
1.8122095959040794,3,0,1,1,27.06,30.305,83,11.0014,2012,8,9,3,6
1.5555453730992024,1,0,0,1,9.84,14.395,70,0.0,2012,2,18,5,7
1.358504720646626,1,0,1,2,8.2,9.85,64,12.998,2011,1,7,4,0
1.2711498482847257,4,0,0,2,14.76,18.94,93,0.0,2012,12,8,5,4
1.9752733740725503,4,0,0,1,27.06,31.06,39,0.0,2011,10,8,5,15
1.5875644833216505,4,0,0,2,16.4,20.455,87,7.0015,2012,12,9,6,3
1.1622831138840004,4,0,0,1,12.3,13.635,52,19.9995,2011,11,5,5,3
1.8601888513706977,2,0,1,1,24.6,31.06,56,0.0,2011,5,11,2,12
1.4660765372061442,1,1,0,3,6.56,7.575,80,12.998,2011,1,17,0,21
1.2917246727283112,2,0,1,1,9.84,12.88,70,7.0015,2011,4,6,2,5
2.0362540876734387,2,0,1,1,26.24,30.305,25,19.9995,2012,4,17,1,17
1.9607696594246842,3,1,0,2,31.98,35.605,52,0.0,2011,7,4,0,12
1.752790725901759,1,0,0,1,13.12,15.15,49,16.9979,2011,2,6,6,11
1.8912459334298568,3,0,1,1,30.34,36.365,74,6.0032,2011,7,19,1,20
1.8996537373231852,3,0,1,1,34.44,39.395,49,19.9995,2012,7,5,3,9
1.9799282401219198,2,0,1,1,23.78,27.275,46,16.9979,2012,6,5,1,19
1.847999202156157,4,0,1,3,25.42,28.79,83,8.9981,2012,10,2,1,15
1.904155101148327,4,0,1,3,16.4,20.455,94,16.9979,2012,12,17,0,16
1.5397794579522743,3,0,0,2,26.24,28.79,83,12.998,2011,7,9,5,6
1.3105061862047918,3,0,1,1,27.88,31.82,79,15.0013,2012,8,3,4,2
1.8574179522647456,1,0,1,2,22.14,25.76,42,19.0012,2011,2,17,3,18
1.8260781474077188,1,0,0,1,17.22,21.21,44,32.9975,2011,3,12,5,15
1.7087018253879918,3,0,0,1,29.52,34.85,79,8.9981,2012,7,15,6,23
1.9395812163258002,1,0,1,1,16.4,20.455,40,7.0015,2012,1,10,1,18
1.9016736242907473,3,0,1,1,27.88,31.82,44,7.0015,2012,9,13,3,12
1.7694345201285457,2,0,1,1,30.34,34.85,66,8.9981,2011,6,1,2,22
2.0158729116970755,2,0,1,1,26.24,31.06,38,15.0013,2012,5,18,4,18
2.015673931331266,3,0,1,1,29.52,34.09,70,8.9981,2012,8,3,4,8
1.8516996259697707,4,0,1,2,13.12,15.15,45,15.0013,2011,12,16,4,19
1.4395687003478856,1,0,1,2,18.86,22.725,82,12.998,2012,3,13,1,5
1.797899348601363,4,0,1,2,12.3,14.395,56,15.0013,2012,11,6,1,22
1.6551961525056738,2,0,1,1,16.4,20.455,46,31.0009,2011,4,5,1,15
1.883418917934741,2,0,1,2,22.96,26.515,68,15.0013,2012,5,7,0,12
1.8516996259697707,2,0,1,1,27.88,31.82,51,0.0,2011,5,16,0,13
1.8839936846137324,3,0,1,1,26.24,31.06,44,11.0014,2011,8,12,4,7
1.873866006687491,4,0,0,1,19.68,23.485,55,16.9979,2012,10,6,5,20
1.8744836395596192,2,0,1,1,21.32,25.0,77,6.0032,2012,6,6,2,22
2.0257803326904438,4,0,1,2,18.04,21.97,88,11.0014,2012,12,4,1,8
1.9338667840812656,3,0,1,1,30.34,34.85,66,19.9995,2012,8,10,4,20
0.8697416861919438,3,0,1,1,29.52,34.09,66,0.0,2012,7,17,1,3
1.8150956430032537,1,0,1,1,5.74,6.06,59,16.9979,2012,1,3,1,7
1.2711498482847257,1,0,1,3,11.48,13.635,75,16.9979,2012,1,17,1,2
1.5745651437258248,1,0,0,1,11.48,14.395,56,7.0015,2011,2,6,6,9
1.6313704001963978,2,0,0,1,28.7,33.335,79,7.0015,2011,6,11,5,2
1.9715897178889294,3,0,1,1,30.34,34.09,58,0.0,2012,7,3,1,7
2.0072122107985986,4,0,1,1,13.12,15.15,53,15.0013,2012,11,6,1,17
1.7340313214932865,2,0,0,2,18.86,22.725,82,0.0,2011,5,1,6,21
1.7323562465403226,4,0,1,2,24.6,27.275,88,12.998,2012,10,2,1,12
1.8243068483519838,1,0,1,2,16.4,20.455,87,6.0032,2012,3,16,4,10
1.780778386075876,1,0,0,1,13.94,16.665,76,8.9981,2012,1,1,6,11
1.5099182003836584,1,0,1,1,8.2,9.85,47,15.0013,2011,1,5,2,6
1.949941799623649,4,0,0,1,26.24,31.06,50,7.0015,2011,10,9,6,18
1.8713664243280277,1,0,1,1,18.86,22.725,33,40.9973,2011,2,14,0,17
1.6759380249901916,3,0,1,1,27.06,31.06,69,0.0,2012,8,16,3,0
2.0172564188484525,1,0,1,1,28.7,31.82,37,7.0015,2012,3,13,1,17
1.8965639023210192,3,0,0,1,31.98,36.365,55,12.998,2011,7,10,6,11
1.8234126545313947,3,0,1,2,28.7,33.335,79,12.998,2012,8,7,1,6
1.7613486395430595,4,0,1,3,21.32,25.0,88,32.9975,2011,10,19,2,10
1.9326921663167214,2,0,0,1,25.42,29.545,73,19.9995,2011,5,15,6,12
1.8449646614985311,3,0,1,1,32.8,37.88,55,15.0013,2012,8,9,3,10
1.223156202527103,3,0,1,1,28.7,32.575,61,19.0012,2011,7,11,0,1
1.4741440143630178,3,0,1,2,27.06,30.305,83,15.0013,2012,7,9,0,5
1.797899348601363,2,0,1,2,29.52,33.335,54,22.0028,2011,6,16,3,14
1.3973634811730353,1,0,1,1,9.84,12.88,70,6.0032,2012,2,8,2,5
1.7681175901689328,1,0,0,2,13.94,16.665,34,12.998,2011,1,15,5,16
1.8150956430032537,4,0,1,3,14.76,17.425,62,12.998,2012,11,1,3,11
1.961396413006317,4,0,0,2,14.76,16.665,46,23.9994,2012,11,3,5,13
1.1247482629090362,1,0,1,1,12.3,14.395,81,15.0013,2011,3,11,4,5
1.934255909204192,4,0,0,2,22.14,25.76,28,32.9975,2011,11,13,6,14
1.026672031199051,4,0,0,1,6.56,8.335,59,11.0014,2011,12,11,6,4
1.9410622367698473,3,0,1,2,31.98,37.88,66,15.0013,2012,8,3,4,20
1.6942663054703442,4,0,1,1,18.86,22.725,88,16.9979,2012,12,10,0,23
1.1947055233182955,3,0,1,1,27.88,31.82,83,8.9981,2012,8,7,1,4
1.9031681972312866,4,0,1,1,12.3,16.665,87,0.0,2011,11,9,2,7
1.8588105191644075,4,0,1,1,12.3,13.635,52,22.0028,2011,12,1,3,9
1.8581160323277108,1,0,0,1,10.66,11.365,35,27.9993,2012,3,10,5,10
1.8062533133730014,3,0,1,1,31.98,37.12,59,12.998,2012,7,17,1,23
1.6551961525056738,4,0,1,1,6.56,9.09,86,7.0015,2011,12,19,0,6
1.9741517421386063,2,0,0,1,34.44,36.365,28,8.9981,2012,6,10,6,13
0.7412763113750153,1,1,0,2,7.38,9.09,43,12.998,2011,1,17,0,3
1.4087998161504007,2,0,1,1,12.3,14.395,61,15.0013,2012,4,12,3,5
1.765447506801529,4,0,0,2,15.58,19.695,82,12.998,2011,10,1,5,19
1.7667886546960463,4,0,0,1,12.3,15.91,61,6.0032,2011,12,3,5,20
1.3437034446606386,1,0,0,1,10.66,14.395,56,6.0032,2011,1,16,6,2
1.9080291992562277,3,0,1,1,36.9,38.635,25,12.998,2012,7,3,1,14
1.1947055233182955,1,0,1,1,5.74,6.82,46,15.0013,2012,2,13,0,0
1.3973634811730353,4,0,1,1,8.2,11.365,69,6.0032,2011,12,12,0,0
1.327761429538331,1,0,1,1,9.02,12.88,41,6.0032,2011,2,16,2,0
1.637662762520353,1,0,0,1,15.58,19.695,46,11.0014,2012,1,7,5,1
1.9591887074930323,3,0,0,2,33.62,38.635,52,0.0,2012,9,1,5,18
1.6437209301888343,1,0,1,1,9.02,10.605,41,19.0012,2011,1,14,4,14
1.9140867590359603,4,0,0,1,17.22,21.21,62,8.9981,2011,12,4,6,14
1.9099235639500813,1,0,0,1,16.4,20.455,37,19.9995,2012,1,8,6,16
0.5265890341390445,1,0,1,2,5.74,6.82,59,15.0013,2011,2,10,3,4
1.1622831138840004,3,0,1,2,28.7,33.335,79,0.0,2011,7,12,1,3
1.7667886546960463,2,0,1,2,26.24,30.305,69,23.9994,2011,5,3,1,10
1.8160445966634724,1,0,1,1,17.22,21.21,32,19.0012,2012,2,6,0,15
1.7542520263946595,4,0,0,1,17.22,21.21,47,16.9979,2011,11,12,5,22
1.884565958136911,3,0,1,1,28.7,32.575,51,12.998,2011,7,15,4,14
1.4087998161504007,1,0,1,2,8.2,11.365,64,6.0032,2012,1,9,0,5
1.637662762520353,4,0,1,2,19.68,23.485,88,0.0,2011,10,17,0,23
1.8225126721028055,2,0,1,1,25.42,28.79,83,8.9981,2011,6,17,4,23
1.791294740218941,3,0,1,2,31.16,34.85,52,16.9979,2011,8,5,4,11
1.875710366758475,3,0,0,1,31.98,37.12,62,11.0014,2012,7,8,6,19
1.780778386075876,3,1,0,2,29.52,34.09,70,7.0015,2011,7,4,0,23
1.894462592869453,2,0,1,1,21.32,25.0,23,11.0014,2012,4,10,1,13
1.6985302777514544,4,0,1,3,23.78,27.275,88,8.9981,2012,10,2,1,9
1.8694605040153234,1,0,1,2,17.22,21.21,71,12.998,2012,1,12,3,20
1.8072636887169242,3,0,1,1,31.16,34.09,48,22.0028,2011,8,16,1,12
1.9665988343400544,2,0,1,1,29.52,32.575,34,15.0013,2012,6,7,3,16
1.8681746132307353,4,1,0,1,14.76,16.665,34,22.0028,2011,11,11,4,16
1.63454690370149,2,0,1,2,17.22,21.21,82,12.998,2011,4,13,2,11
1.775845981748474,1,0,0,2,17.22,21.21,28,22.0028,2011,2,13,6,16
1.7867156538126496,1,0,1,1,21.32,25.0,77,15.0013,2012,3,13,1,10
1.7878742218230284,2,0,0,2,17.22,21.21,44,12.998,2011,4,3,6,19
1.026672031199051,1,0,1,1,5.74,7.575,86,11.0014,2011,1,12,2,5
2.0021862991048716,2,0,1,1,25.42,30.305,65,27.9993,2011,5,17,1,17
1.8649047698246697,1,0,1,1,24.6,30.305,60,26.0027,2012,3,13,1,13
1.9556377660352045,3,0,0,1,29.52,35.605,84,6.0032,2012,7,14,5,19
1.9270617593861936,4,1,0,1,22.14,25.76,73,19.0012,2012,11,12,0,19
1.026672031199051,2,0,0,2,14.76,18.18,93,7.0015,2011,4,10,6,4
1.7599564649868773,3,0,1,2,30.34,34.09,58,7.0015,2011,8,3,2,11
2.0430589660894567,2,0,1,1,30.34,32.575,37,19.0012,2012,6,15,4,17
1.8976020071415636,1,0,1,2,8.2,10.605,37,8.9981,2012,1,4,2,18
1.836254638743768,2,0,1,1,24.6,28.03,83,15.0013,2012,6,13,2,6
1.927472325029152,4,0,1,1,14.76,17.425,50,12.998,2011,12,19,0,18
1.927472325029152,3,0,1,1,32.8,38.635,59,16.9979,2012,9,7,4,13
1.7087018253879918,4,1,0,1,13.12,15.91,39,12.998,2011,11,11,4,22
1.916789170111494,3,0,0,1,31.16,35.605,62,8.9981,2011,8,14,6,17
1.886830523322648,3,0,0,1,28.7,33.335,84,15.0013,2012,7,14,5,21
1.8062533133730014,4,0,1,1,13.12,15.91,49,11.0014,2011,12,13,1,20
1.026672031199051,4,0,1,3,18.04,21.97,88,43.0006,2012,11,13,1,1
1.8052356503890232,2,0,1,1,24.6,31.06,38,7.0015,2011,4,7,3,15
1.9046457503503968,4,0,1,2,14.76,17.425,71,11.0014,2012,12,7,4,15
1.797899348601363,2,0,0,1,24.6,28.03,83,0.0,2012,5,5,5,0
1.6684735252826461,2,0,1,3,24.6,27.275,88,8.9981,2012,6,1,4,23
1.997171703943881,2,0,0,2,26.24,31.06,27,23.9994,2012,4,14,5,16
1.9016736242907473,3,0,1,1,33.62,39.395,56,0.0,2012,7,18,2,9
1.92030598439472,2,0,1,1,17.22,21.21,58,11.0014,2011,4,14,3,8
1.9495984779180693,3,0,1,1,32.8,34.85,26,16.9979,2011,8,10,2,19
1.7613486395430595,1,0,1,2,9.84,12.88,93,6.0032,2011,2,2,2,9
0.7412763113750153,1,0,1,1,10.66,12.88,60,15.0013,2012,2,3,4,4
1.9326921663167214,2,0,0,1,24.6,30.305,60,6.0032,2012,6,16,5,9
1.6920895459931111,1,0,1,2,5.74,7.575,86,11.0014,2011,2,9,2,21
0.5265890341390445,1,0,1,1,13.94,14.395,46,35.0008,2012,1,18,2,4
1.8642411184013048,2,0,1,1,20.5,24.24,31,19.9995,2011,4,6,2,19
1.583340520839692,1,0,0,1,13.12,14.395,28,35.0008,2011,2,19,5,20
1.0804178182729878,3,0,1,1,26.24,29.545,78,6.0032,2011,8,5,4,3
0.7412763113750153,2,0,1,2,18.86,22.725,88,8.9981,2012,5,7,0,4
1.7901636276798083,4,0,1,1,20.5,24.24,68,0.0,2011,10,7,4,22
1.9744331191949223,3,0,0,3,29.52,34.85,74,6.0032,2012,9,2,6,13
0.9591348389208239,1,0,1,1,9.02,9.09,32,31.0009,2011,2,15,1,5
1.6524030880939045,1,0,0,3,12.3,14.395,70,12.998,2012,2,4,5,17
1.7356879059276584,4,0,0,2,14.76,18.94,93,0.0,2012,12,16,6,21
1.9326921663167214,2,0,1,1,26.24,30.305,65,11.0014,2012,5,2,2,16
1.579009137828587,1,0,1,3,6.56,8.335,80,11.0014,2011,2,9,2,22
1.8329451460953283,1,0,1,1,9.84,11.365,38,12.998,2011,1,5,2,17
1.4087998161504007,1,0,0,2,14.76,17.425,93,11.0014,2012,3,3,5,3
1.8524277618844993,4,0,1,3,11.48,13.635,81,11.0014,2012,12,7,4,7
1.6313704001963978,2,0,0,1,21.32,25.0,68,11.0014,2012,5,13,6,7
1.8991438268879295,4,0,0,1,14.76,18.18,50,6.0032,2011,12,3,5,13
1.8457296531480492,4,0,1,1,16.4,20.455,40,11.0014,2011,12,19,0,20
1.7272161148848966,4,0,1,3,22.14,25.76,88,15.0013,2011,10,12,2,13
1.579009137828587,3,0,0,1,22.14,25.76,73,15.0013,2012,9,9,6,3
1.804210600378433,1,0,1,1,22.14,25.76,52,19.0012,2011,3,18,4,11
1.3105061862047918,4,0,1,1,18.86,22.725,82,12.998,2012,10,18,3,2
1.7946353028541102,2,0,0,2,29.52,34.09,62,0.0,2011,6,18,5,23
1.9662988278566547,4,0,1,1,22.96,26.515,60,6.0032,2011,10,7,4,18
1.886830523322648,2,0,1,2,28.7,32.575,58,15.0013,2012,5,1,1,12
1.7585509609170316,2,0,1,1,24.6,28.03,83,0.0,2012,5,3,3,23
1.3973634811730353,2,0,1,2,28.7,33.335,84,0.0,2011,6,9,3,5
1.7843700777314968,4,0,0,1,13.12,14.395,53,23.9994,2012,11,4,6,20
1.1622831138840004,4,0,1,1,9.84,12.12,60,11.0014,2012,11,6,1,1
1.5996388013001026,1,0,1,1,8.2,9.09,40,22.0028,2011,1,3,0,11
1.9938673724294378,4,0,1,2,15.58,19.695,66,0.0,2012,12,7,4,17
1.7681175901689328,3,0,1,1,28.7,32.575,70,15.0013,2012,8,13,0,23
1.9266498629615478,2,0,1,2,26.24,30.305,69,39.0007,2012,6,13,2,9
1.81792340526738,1,0,0,1,21.32,25.0,72,6.0032,2012,3,18,6,21
1.9395812163258002,2,0,1,2,19.68,23.485,82,7.0015,2012,5,7,0,7
1.3852268599316875,4,0,1,1,9.84,12.88,60,7.0015,2012,11,6,1,0
0.5265890341390445,2,0,1,1,13.94,16.665,76,12.998,2011,4,7,3,4
1.5099182003836584,1,0,1,1,15.58,19.695,40,15.0013,2011,2,16,2,23
2.035079830026609,3,0,1,2,25.42,29.545,73,11.0014,2012,9,17,0,18
1.9546513926697417,1,0,1,1,8.2,11.365,59,7.0015,2012,3,5,0,8
1.9436126948827355,2,0,1,1,26.24,31.06,44,23.9994,2012,6,13,2,21
1.223156202527103,3,0,1,2,27.88,31.82,89,8.9981,2012,8,9,3,4
1.8394863420693595,4,0,1,1,13.94,16.665,53,12.998,2012,11,16,4,10
1.9181193208376597,4,0,1,1,14.76,17.425,46,15.0013,2012,11,16,4,19
1.8538724045702297,3,0,1,1,31.16,33.335,31,15.0013,2011,8,11,3,13
0.5265890341390445,1,0,0,1,9.84,14.395,75,0.0,2011,1,1,5,4
0.7412763113750153,1,0,1,1,20.5,24.24,68,12.998,2012,3,14,2,2
1.7733152706473527,3,0,1,2,32.8,37.12,49,11.0014,2011,8,2,1,23
1.8601888513706977,3,0,1,1,28.7,32.575,54,7.0015,2012,8,16,3,23
1.7745861482661287,4,0,1,1,22.96,26.515,56,26.0027,2011,10,5,2,10
1.8234126545313947,3,0,1,1,30.34,34.85,70,11.0014,2011,7,7,3,9
1.8346098354356497,2,0,1,1,27.06,31.06,61,0.0,2012,5,16,2,10
1.938834108912874,1,0,1,1,13.94,16.665,36,11.0014,2012,1,5,3,18
1.8251953231790878,4,0,1,1,14.76,17.425,43,8.9981,2012,11,14,2,14
1.8781303494314965,3,0,1,1,27.06,31.06,50,11.0014,2012,9,13,3,11
1.9604550845697712,4,0,1,1,22.14,25.76,39,19.0012,2012,10,16,1,16
1.9904693499688613,2,0,0,1,26.24,31.06,36,11.0014,2012,6,2,5,19
1.2917246727283112,3,0,1,1,29.52,34.09,70,11.0014,2011,7,19,1,2
1.4395687003478856,4,0,1,2,15.58,19.695,87,0.0,2012,12,17,0,5
2.0101702792613447,2,0,1,1,28.7,32.575,54,31.0009,2012,5,4,4,18
1.7437063358613225,2,0,1,1,30.34,33.335,42,8.9981,2011,6,6,0,11
1.7745861482661287,3,0,0,2,23.78,27.275,73,11.0014,2012,9,8,5,23
1.5555453730992024,3,0,1,1,26.24,28.79,89,0.0,2012,7,11,2,5
1.8601888513706977,2,0,0,1,23.78,27.275,83,15.0013,2011,5,15,6,10
1.868819104784765,4,0,1,3,21.32,25.0,83,6.0032,2012,10,15,0,19
1.9926648078181803,4,0,1,2,14.76,17.425,57,15.0013,2012,11,15,3,17
1.9326921663167214,3,0,0,1,32.8,36.365,46,19.9995,2011,7,10,6,13
1.8828416375415338,3,0,0,1,31.16,35.605,58,16.9979,2011,7,17,6,20
1.026672031199051,2,0,1,3,20.5,24.24,82,12.998,2012,6,5,1,4
1.4818766360989102,1,0,1,1,13.94,14.395,46,35.0008,2012,1,18,2,5
1.9384588842298294,2,0,1,1,25.42,31.06,53,11.0014,2012,6,8,4,9
1.9207388662156095,3,0,1,1,24.6,30.305,64,6.0032,2012,9,13,3,9
1.9061066457543656,2,0,1,1,12.3,13.635,65,22.0028,2012,4,12,3,7
0.9591348389208239,1,0,1,1,8.2,9.85,44,15.0013,2012,3,6,1,2
1.8719957290222062,3,0,1,1,32.8,37.88,55,15.0013,2012,7,17,1,22
1.947168383637879,2,0,0,1,18.86,22.725,51,11.0014,2012,4,14,5,10
1.9421616481775266,3,0,0,3,31.98,37.12,62,0.0,2012,9,1,5,19
1.1247482629090362,4,0,1,1,9.02,12.88,69,6.0032,2012,11,6,1,4
1.5341940066777084,1,0,1,2,8.2,8.335,44,30.0026,2011,1,13,3,11
1.5099182003836584,2,0,0,3,20.5,24.24,88,31.0009,2011,4,16,5,16
1.1622831138840004,4,0,1,2,18.86,22.725,88,0.0,2012,10,10,2,1
1.993387792889887,1,0,1,1,11.48,12.88,61,19.9995,2012,3,7,2,8
1.2917246727283112,2,0,0,2,16.4,20.455,82,6.0032,2011,5,1,6,6
1.9207388662156095,2,0,0,1,26.24,31.06,47,0.0,2012,5,19,5,22
1.9799282401219198,1,0,1,2,9.84,14.395,70,0.0,2012,2,14,1,8
1.5875644833216505,1,0,1,2,9.02,10.605,55,15.0013,2011,1,6,3,21
1.9094525728270801,1,0,0,1,20.5,24.24,29,27.9993,2011,3,19,5,15
1.8418611059620993,2,0,1,1,25.42,28.79,83,22.0028,2011,6,16,3,20
1.777094949793928,1,0,1,1,9.84,9.85,52,32.9975,2011,2,8,1,9
1.85601087126303,1,0,1,1,5.74,6.06,39,19.9995,2011,3,3,3,8
1.1247482629090362,3,0,0,1,25.42,29.545,73,11.0014,2011,9,3,5,4
1.3437034446606386,2,0,0,3,21.32,25.0,83,11.0014,2012,5,6,6,4
1.8426436266120914,1,0,1,1,21.32,25.0,55,8.9981,2012,3,14,2,22
1.3973634811730353,1,0,1,2,9.02,12.88,44,6.0032,2011,2,15,1,23
1.9884835875196611,2,0,1,1,23.78,27.275,56,22.0028,2012,5,7,0,19
1.9365657970706844,4,0,1,1,18.86,22.725,33,19.0012,2012,12,5,2,16
2.028667036987173,3,0,1,2,30.34,36.365,72,6.0032,2012,8,8,2,8
2.0290228891812925,3,0,1,1,29.52,34.85,74,7.0015,2012,8,2,3,8
1.9258220450052628,3,0,0,1,30.34,34.09,58,7.0015,2011,9,11,6,13
1.7968196318819551,3,0,0,1,33.62,41.665,63,12.998,2012,7,7,5,8
1.5163019408528369,4,1,0,1,19.68,23.485,88,0.0,2011,10,10,0,1
0.5265890341390445,1,0,1,1,8.2,9.09,75,23.9994,2011,3,7,0,5
1.026672031199051,2,0,1,1,13.94,15.91,66,15.0013,2011,5,5,3,2
1.7323562465403226,1,0,1,1,15.58,19.695,58,26.0027,2011,1,19,2,16
1.7182404735813999,3,0,0,1,22.14,25.76,77,19.0012,2012,9,9,6,2
1.9572644719401497,2,0,0,1,23.78,27.275,64,0.0,2012,6,17,6,10
1.6495606454510718,1,0,1,2,13.12,17.425,62,0.0,2011,2,7,0,12
1.8386855209387276,1,0,1,2,9.02,13.635,64,0.0,2012,1,9,0,9
1.6281310150671582,1,0,0,1,10.66,12.88,93,15.0013,2011,2,5,5,23
1.765447506801529,2,0,1,1,14.76,16.665,46,22.0028,2012,4,5,3,6
0.9591348389208239,2,0,1,3,24.6,27.275,88,11.0014,2012,6,12,1,4
1.7163798514467992,1,0,1,1,14.76,16.665,40,19.0012,2011,3,4,4,14
1.9384588842298294,4,0,1,2,17.22,21.21,77,0.0,2012,10,17,2,9
1.847999202156157,2,0,1,1,17.22,21.21,47,30.0026,2012,4,2,0,11
1.7144962229206409,1,0,0,2,18.86,22.725,72,19.9995,2011,1,1,5,13
1.752790725901759,1,0,1,1,18.86,22.725,28,27.9993,2011,2,16,2,15
1.8851357588170432,4,0,1,1,19.68,23.485,51,7.0015,2011,11,2,2,16
1.9026719155555414,3,0,1,1,16.4,20.455,71,19.0012,2011,9,16,4,7
1.890155921849322,3,0,0,2,27.06,29.545,89,7.0015,2012,8,11,5,19
0.7412763113750153,1,0,0,2,12.3,14.395,87,12.998,2011,3,5,5,3
1.4660765372061442,1,0,1,1,18.04,21.97,82,8.9981,2012,3,14,2,5
1.1947055233182955,4,0,1,2,11.48,12.88,52,19.9995,2012,11,7,2,4
1.795731656444039,2,0,1,1,22.96,26.515,37,19.0012,2011,4,18,0,21
1.801090104041353,2,0,1,1,21.32,25.0,59,8.9981,2011,5,9,0,21
1.883418917934741,1,0,0,1,13.94,14.395,31,36.9974,2012,3,4,6,17
1.9957667194465685,3,0,1,1,37.72,40.91,29,0.0,2012,7,6,4,17
1.2711498482847257,2,0,1,1,22.96,26.515,43,15.0013,2011,6,3,4,2
1.5916858743493758,1,0,1,3,9.02,10.605,93,15.0013,2011,2,2,2,7
1.8960417361485307,1,0,1,1,26.24,31.06,57,15.0013,2012,3,19,0,15
2.0411554358660395,3,0,1,2,33.62,37.88,46,16.9979,2012,8,9,3,18
2.0069980639561646,2,0,0,1,21.32,25.0,19,27.9993,2012,4,7,5,15
1.8857031067251113,2,0,1,1,31.16,33.335,33,8.9981,2011,6,6,0,16
1.5163019408528369,2,0,1,1,19.68,23.485,82,6.0032,2012,6,7,3,5
1.9635652888016641,3,0,1,1,25.42,29.545,78,12.998,2011,9,2,4,8
1.7513148227387971,1,0,1,1,13.94,16.665,46,11.0014,2012,2,7,1,10
1.9085054025106725,4,0,0,1,16.4,20.455,35,19.0012,2011,11,19,5,12
1.940323909263275,1,0,1,3,12.3,13.635,45,19.9995,2012,3,5,0,17
1.7047134862451474,2,0,1,1,13.12,14.395,61,23.9994,2011,4,1,4,11
2.017844396873156,3,0,1,1,31.98,37.12,62,7.0015,2012,7,18,2,8
1.95596482071691,3,0,1,1,29.52,34.09,62,8.9981,2011,7,5,1,8
1.9464652902368638,2,0,1,1,22.96,26.515,49,15.0013,2012,4,19,3,20
1.9103928415548865,1,0,1,1,0.82,3.03,44,8.9981,2012,1,4,2,8
1.5745651437258248,1,0,0,1,12.3,14.395,61,16.9979,2012,2,18,5,2
1.9330849197075204,2,0,1,2,17.22,21.21,77,8.9981,2012,4,18,2,19
1.9957667194465685,2,0,0,2,27.06,31.06,36,12.998,2012,5,12,5,17
1.8487473895449305,1,0,1,1,18.86,22.725,63,15.0013,2011,3,18,4,9
1.8092629643515203,4,0,1,2,20.5,24.24,55,23.9994,2011,12,15,3,13
1.798970923559588,4,0,1,1,16.4,20.455,40,15.0013,2011,12,1,3,15
1.8502315274246866,1,0,1,1,12.3,15.15,22,8.9981,2011,2,15,1,18
1.6437209301888343,3,1,0,2,24.6,27.275,88,39.0007,2011,9,5,0,22
1.935800524776163,4,0,1,1,25.42,29.545,73,15.0013,2012,10,19,4,13
1.9969386834462954,3,0,1,1,31.98,34.85,43,8.9981,2012,7,2,0,19
1.4196068415100236,3,0,1,2,28.7,33.335,74,11.0014,2011,7,8,4,2
1.9801965796044196,3,0,1,1,31.16,34.09,40,6.0032,2012,8,16,3,20
1.8545889886375557,2,0,1,2,25.42,31.06,57,19.9995,2011,5,12,3,13
0.8697416861919438,2,0,1,1,18.86,22.725,88,15.0013,2012,5,10,3,3
1.844195357303668,2,0,1,1,26.24,30.305,65,12.998,2012,5,3,3,14
1.8304098214920528,1,0,1,1,13.12,15.91,49,12.998,2012,3,6,1,20
1.7467966996992919,3,0,0,1,28.7,32.575,61,8.9981,2011,7,10,6,1
1.2711498482847257,3,0,1,1,22.14,25.76,77,0.0,2012,9,14,4,4
1.775845981748474,4,0,1,1,16.4,20.455,37,16.9979,2011,12,13,1,14
1.8955174731725755,4,0,1,2,25.42,31.06,50,19.9995,2012,10,18,3,14
1.3437034446606386,3,0,1,1,31.16,36.365,66,7.0015,2012,7,18,2,1
1.0804178182729878,4,1,0,1,18.86,22.725,94,0.0,2011,10,10,0,4
2.0082771743099452,3,0,1,1,28.7,33.335,84,11.0014,2012,9,4,1,8
2.0107946349110515,2,0,0,1,26.24,31.06,38,16.9979,2012,6,2,5,16
1.1947055233182955,4,0,1,2,12.3,15.15,70,11.0014,2012,11,16,4,2
2.03372304777675,3,0,1,2,24.6,28.79,78,11.0014,2012,9,14,4,8
1.7373263784001205,4,0,0,3,15.58,19.695,82,7.0015,2012,12,16,6,18
1.757131886054717,1,0,1,1,10.66,11.365,37,26.0027,2012,3,5,0,21
1.791294740218941,4,0,1,2,22.96,26.515,83,12.998,2011,10,11,1,22
1.327761429538331,3,0,0,2,25.42,28.03,88,11.0014,2011,7,9,5,5
1.868819104784765,2,0,1,2,27.06,29.545,89,19.0012,2012,6,12,1,16
1.4892992254175486,2,0,1,1,13.94,15.91,66,16.9979,2011,5,5,3,5
1.9254061069071156,3,0,0,1,34.44,36.365,30,15.0013,2011,7,2,5,17
1.026672031199051,2,0,1,1,23.78,27.275,83,8.9981,2011,6,7,1,4
0.7412763113750153,1,0,0,2,10.66,12.88,56,11.0014,2011,1,16,6,5
1.1247482629090362,2,0,1,3,10.66,12.88,93,12.998,2011,4,1,4,2
0.5265890341390445,2,0,1,1,18.86,22.725,94,12.998,2011,4,11,0,4
1.7733152706473527,1,0,1,1,18.04,21.97,62,32.9975,2012,1,17,1,14
1.749824041026481,4,0,1,1,11.48,13.635,56,12.998,2012,11,5,0,22
1.4298455472897516,2,0,1,2,22.14,25.76,94,6.0032,2011,5,18,2,11
1.7200786095266942,1,0,1,2,14.76,16.665,57,19.0012,2011,3,15,1,13
1.2917246727283112,2,1,0,1,14.76,18.18,81,7.0015,2011,4,15,4,5
1.9140867590359603,3,0,1,1,34.44,38.635,47,12.998,2012,7,5,3,21
1.927472325029152,2,0,1,1,13.94,16.665,49,12.998,2012,4,5,3,7
1.9270617593861936,4,0,0,1,19.68,23.485,36,19.0012,2011,11,12,5,13
1.2711498482847257,2,0,0,2,25.42,30.305,65,11.0014,2011,6,5,6,4
1.3437034446606386,2,0,1,1,15.58,19.695,62,7.0015,2011,5,6,4,2
1.8092629643515203,2,0,1,1,27.88,31.82,36,0.0,2011,6,15,2,11
1.9569408357672031,3,0,0,1,31.16,36.365,66,11.0014,2011,9,4,6,12
1.8370697219086884,4,0,0,1,13.12,16.665,61,8.9981,2011,12,3,5,10
1.710657776180059,1,0,1,1,12.3,15.15,33,11.0014,2011,3,7,0,20
1.9117905099724466,3,0,1,1,31.98,33.335,25,12.998,2011,7,1,4,19
1.928696117898278,2,0,1,2,27.06,31.06,50,12.998,2012,5,9,2,16
1.9715897178889294,3,0,1,1,30.34,33.335,51,11.0014,2012,7,11,2,20
1.9665988343400544,2,0,1,1,36.08,40.15,39,19.0012,2011,6,9,3,18
1.974713848326716,4,0,0,1,22.96,26.515,52,19.9995,2012,10,14,6,11
0.8697416861919438,2,0,1,3,16.4,20.455,94,22.0028,2011,4,13,2,4
1.6853704905634923,3,0,0,1,18.86,22.725,72,7.0015,2011,9,17,5,1
1.8082668738615209,3,0,1,1,30.34,34.09,55,8.9981,2011,8,5,4,10
1.026672031199051,4,0,1,1,18.04,21.97,88,15.0013,2012,10,18,3,3
1.749824041026481,2,0,1,2,31.16,37.12,75,16.9979,2011,6,1,2,10
1.5916858743493758,3,0,1,2,26.24,29.545,78,8.9981,2012,8,1,2,5
1.6734888160092363,1,0,1,1,7.38,6.82,37,35.0008,2012,1,3,1,11
1.998330037241074,3,0,1,1,30.34,33.335,42,16.9979,2011,7,15,4,17
1.8907020599217577,4,0,1,1,17.22,21.21,41,6.0032,2011,12,2,4,16
1.6437209301888343,1,0,1,1,8.2,9.85,59,12.998,2012,2,10,4,6
1.9361837416040704,2,0,1,1,29.52,32.575,39,12.998,2012,6,15,4,14
1.0804178182729878,2,0,1,2,20.5,24.24,42,15.0013,2012,4,18,2,3
1.7946353028541102,3,0,1,1,33.62,37.12,43,19.9995,2011,8,8,0,14
1.9254061069071156,3,0,1,1,30.34,34.09,58,22.0028,2011,8,8,0,8
1.8986319116885528,2,0,0,1,26.24,31.06,50,15.0013,2012,4,15,6,20
1.6109034750189168,1,0,1,2,9.02,12.88,80,6.0032,2011,2,1,1,14
1.783182776049518,1,0,1,1,20.5,24.24,55,12.998,2012,2,1,2,22
1.5163019408528369,2,0,1,1,28.7,33.335,79,11.0014,2011,6,1,2,0
2.044931435874979,4,0,1,1,18.04,21.97,62,0.0,2012,10,16,1,8
1.026672031199051,2,0,1,1,20.5,24.24,77,7.0015,2012,6,7,3,3
1.7026798402849839,1,0,0,1,14.76,15.91,25,30.0026,2011,2,19,5,18
1.7745861482661287,4,0,1,3,25.42,27.275,94,6.0032,2012,10,4,3,6
1.5745651437258248,2,0,1,2,25.42,29.545,78,6.0032,2012,6,1,4,5
1.6684735252826461,1,0,1,3,13.12,16.665,81,7.0015,2012,1,11,2,14
1.2484412575662103,4,0,0,1,9.84,12.88,65,7.0015,2011,12,3,5,6
1.9828477995680995,2,0,0,1,30.34,34.09,55,8.9981,2012,5,5,5,13
1.8394863420693595,1,0,0,2,19.68,23.485,59,19.0012,2011,3,5,5,14
1.8862680216940895,1,0,1,2,15.58,19.695,40,19.9995,2012,3,9,4,7
1.797899348601363,2,0,1,2,13.94,15.15,49,22.0028,2012,4,11,2,10
1.6659050929776016,4,0,0,1,9.02,12.12,55,7.0015,2011,12,11,6,20
1.5284269505599697,1,0,0,3,10.66,12.88,65,11.0014,2012,2,19,6,21
1.4818766360989102,4,0,0,1,10.66,15.15,81,0.0,2011,11,6,6,2
1.9432515053140835,4,0,1,1,26.24,30.305,65,19.9995,2012,10,19,4,15
1.9395812163258002,2,0,0,1,24.6,31.06,46,7.0015,2011,5,8,6,16
1.757131886054717,1,0,1,2,10.66,12.88,55,19.9995,2012,3,5,0,13
1.8799167926221376,4,0,0,2,14.76,17.425,87,8.9981,2012,12,16,6,10
1.8072636887169242,2,0,1,3,21.32,25.0,63,6.0032,2011,4,19,1,9
1.6437209301888343,1,0,1,1,7.38,6.82,43,30.0026,2011,2,3,3,11
1.8141402142832723,2,0,1,1,22.14,25.76,28,27.9993,2011,4,6,2,16
1.8907020599217577,2,0,1,2,23.78,27.275,46,11.0014,2012,6,5,1,14
1.4196068415100236,2,0,0,1,18.86,22.725,82,7.0015,2012,6,3,6,6
1.2484412575662103,3,0,0,2,24.6,29.545,73,8.9981,2012,8,19,6,5
1.8574179522647456,4,0,1,1,14.76,16.665,40,16.9979,2012,11,5,0,13
1.863574168980396,4,0,1,1,15.58,19.695,40,19.0012,2012,11,5,0,15
2.011415706438327,2,0,0,1,26.24,31.06,38,19.9995,2012,6,2,5,14
1.5653166550596793,2,0,1,1,27.06,31.06,54,12.998,2012,4,17,1,0
1.7878742218230284,2,0,1,1,25.42,28.79,83,7.0015,2012,6,11,0,6
1.8169871572575529,1,0,1,2,12.3,14.395,52,15.0013,2012,2,14,1,12
1.988733607234547,4,0,0,2,16.4,20.455,87,11.0014,2012,12,8,5,13
2.011827945727636,3,0,1,1,29.52,34.85,74,8.9981,2012,7,10,1,8
1.7640939343176614,4,0,0,2,16.4,20.455,82,22.0028,2011,10,1,5,13
2.0475327721663743,3,0,1,1,27.88,31.82,57,16.9979,2012,9,13,3,18
1.7218947624700471,1,0,1,1,13.94,15.15,46,19.9995,2011,2,14,0,7
1.7783332269022314,4,0,1,1,20.5,24.24,63,0.0,2011,10,7,4,23
1.6248263889219656,2,0,1,2,22.14,25.76,68,19.0012,2011,4,12,1,6
1.777094949793928,1,0,1,1,14.76,17.425,50,12.998,2012,1,6,4,22
1.2484412575662103,4,0,1,1,13.12,16.665,93,7.0015,2011,11,8,1,1
0.8697416861919438,1,0,0,1,5.74,8.335,63,7.0015,2011,1,15,5,6
1.7356879059276584,2,0,1,3,22.14,25.76,88,19.0012,2011,5,18,2,10
1.4087998161504007,3,0,0,1,25.42,29.545,73,11.0014,2011,7,17,6,6
1.8234126545313947,3,0,1,2,20.5,24.24,51,8.9981,2011,9,16,4,11
1.8581160323277108,3,0,1,2,22.14,25.76,42,0.0,2011,9,16,4,13
1.8622302516766631,3,1,0,2,28.7,33.335,84,8.9981,2012,9,3,0,9
1.7542520263946595,4,0,1,1,14.76,17.425,93,11.0014,2012,12,18,1,6
1.8206950566924849,1,1,0,1,12.3,13.635,36,19.9995,2012,1,2,0,13
1.777094949793928,2,0,1,1,14.76,17.425,57,12.998,2012,4,11,2,14
1.712589050021264,2,0,0,2,15.58,19.695,87,11.0014,2011,4,9,5,20
1.9291014406875389,3,0,0,3,27.88,31.82,79,23.9994,2011,8,13,5,15
1.9051345487873121,2,0,1,2,19.68,23.485,88,7.0015,2012,5,3,3,9
2.0072122107985986,3,0,1,1,31.16,36.365,66,12.998,2012,8,14,1,19
1.77073964639405,2,0,0,1,21.32,25.0,34,15.0013,2012,4,8,6,21
0.9591348389208239,4,0,1,1,8.2,12.88,69,0.0,2011,12,12,0,2
1.914541129043442,3,0,0,1,33.62,37.12,43,19.9995,2011,7,17,6,15
1.2917246727283112,3,0,1,1,21.32,25.0,72,0.0,2012,9,17,0,2
1.804210600378433,1,0,1,1,9.02,11.365,41,11.0014,2011,1,14,4,17
1.4395687003478856,2,0,1,1,13.94,16.665,71,8.9981,2012,4,10,1,5
1.5451936315479267,1,0,0,3,18.04,21.97,100,15.0013,2011,3,6,6,14
1.1622831138840004,2,0,1,1,22.96,26.515,94,7.0015,2011,6,6,0,4
1.6734888160092363,3,0,1,3,24.6,27.275,88,7.0015,2011,9,7,2,6
1.026672031199051,4,0,0,1,10.66,14.395,81,6.0032,2012,12,1,5,4
0.8697416861919438,1,0,1,1,3.28,3.79,38,19.0012,2011,2,9,2,2
1.781985597277665,3,0,1,2,23.78,27.275,64,11.0014,2011,9,19,0,11
1.1947055233182955,3,0,1,1,26.24,31.06,57,8.9981,2011,8,11,3,3
1.8928641420201489,4,0,1,2,14.76,16.665,62,19.0012,2011,12,15,3,9
1.223156202527103,2,0,1,1,13.94,16.665,71,12.998,2011,5,5,3,1
1.8949910974525486,4,0,1,2,17.22,21.21,100,15.0013,2012,12,10,0,9
1.7163798514467992,3,0,1,2,28.7,32.575,54,11.0014,2012,7,13,4,0
1.6807250824647135,1,0,1,1,13.12,17.425,70,0.0,2011,2,7,0,21
1.8141402142832723,2,0,1,1,26.24,31.06,41,23.9994,2011,6,14,1,12
0.8697416861919438,4,0,1,1,15.58,19.695,94,6.0032,2011,11,10,3,4
0.7412763113750153,4,0,1,1,12.3,16.665,75,0.0,2011,11,2,2,3
1.7200786095266942,3,1,0,2,28.7,33.335,74,15.0013,2011,9,5,0,0
1.5397794579522743,4,0,0,2,13.94,16.665,87,12.998,2012,12,16,6,3
1.7289490519659823,1,0,1,1,13.94,17.425,34,6.0032,2011,3,1,1,16
1.7585509609170316,2,0,1,2,22.14,25.76,88,11.0014,2012,6,18,0,11
1.1947055233182955,2,0,0,2,22.14,25.76,68,12.998,2012,5,13,6,4
1.7878742218230284,4,0,1,1,17.22,21.21,71,8.9981,2011,11,2,2,11
1.1247482629090362,1,0,1,2,8.2,9.85,69,15.0013,2011,1,7,4,1
1.9031681972312866,3,0,1,1,33.62,38.635,52,8.9981,2012,7,6,4,21
1.9999330482894073,2,0,1,2,26.24,31.06,57,12.998,2011,5,12,3,17
1.8160445966634724,4,0,1,2,17.22,21.21,71,6.0032,2011,12,5,0,13
1.8082668738615209,2,0,1,2,16.4,20.455,40,23.9994,2012,4,11,2,13
1.1247482629090362,2,0,1,1,26.24,28.79,89,6.0032,2011,6,8,2,2
1.026672031199051,3,0,1,1,26.24,28.79,89,0.0,2012,7,11,2,2
1.1247482629090362,4,0,1,1,18.04,21.97,67,19.0012,2011,11,14,0,3
1.8574179522647456,3,0,1,1,26.24,29.545,78,22.0028,2011,8,15,0,9
1.8839936846137324,1,0,1,1,12.3,13.635,61,22.0028,2012,3,7,2,9
1.5745651437258248,1,0,0,3,11.48,14.395,81,8.9981,2012,2,11,5,1
1.9085054025106725,2,0,0,1,29.52,34.09,62,8.9981,2011,6,19,6,19
1.5875644833216505,4,0,1,2,22.96,26.515,73,16.9979,2012,10,15,0,0
2.026327070858668,2,0,1,1,25.42,31.06,43,8.9981,2012,6,6,2,17
1.9410622367698473,1,0,0,1,21.32,25.0,29,19.0012,2012,3,11,6,18
1.1247482629090362,3,0,1,1,24.6,29.545,73,12.998,2011,7,15,4,3
1.6144954397020792,3,0,0,2,25.42,30.305,61,11.0014,2012,8,19,6,3
1.752790725901759,4,0,1,2,22.14,25.76,83,0.0,2012,10,18,3,23
1.710657776180059,1,0,1,1,14.76,17.425,46,12.998,2011,2,16,2,21
1.358504720646626,3,0,1,2,31.16,35.605,58,12.998,2012,7,2,0,1
1.880506958839086,3,0,0,1,34.44,37.12,39,8.9981,2012,7,1,6,21
0.9591348389208239,4,0,1,2,22.14,25.76,68,22.0028,2011,11,15,1,3
1.9999330482894073,1,0,1,1,17.22,21.21,94,8.9981,2012,3,1,3,8
1.8713664243280277,2,0,1,1,24.6,31.06,56,19.9995,2011,6,14,1,21
0.7412763113750153,1,0,1,1,0.82,2.275,41,12.998,2012,1,4,2,4
1.828693382742085,1,1,0,1,8.2,9.09,55,22.0028,2012,1,16,0,12
1.8464903775306214,1,0,1,1,18.04,21.97,58,12.998,2011,3,17,3,19
1.8574179522647456,2,0,1,3,30.34,34.09,58,30.0026,2012,6,1,4,16
1.5224670302876946,3,0,0,1,25.42,29.545,73,11.0014,2011,9,3,5,3
1.9733036949652514,3,0,0,1,35.26,40.15,47,8.9981,2012,7,15,6,15
1.795731656444039,3,0,0,1,25.42,29.545,78,19.0012,2012,7,14,5,8
1.8744836395596192,3,0,1,1,33.62,35.605,32,0.0,2012,8,16,3,14
1.8928641420201489,4,0,1,2,20.5,24.24,63,16.9979,2012,12,4,1,21
1.4818766360989102,2,0,1,1,25.42,29.545,78,8.9981,2011,6,6,0,0
0.9591348389208239,3,1,0,2,26.24,28.79,83,8.9981,2011,7,4,0,5
1.978033068016178,4,0,1,1,18.04,21.97,54,11.0014,2011,11,1,1,17
1.1247482629090362,4,0,1,1,16.4,20.455,82,6.0032,2011,10,4,1,4
0.9591348389208239,1,0,1,1,11.48,12.88,56,19.9995,2012,2,3,4,3
1.3105061862047918,1,0,1,1,16.4,20.455,76,23.9994,2012,1,13,4,2
1.2711498482847257,3,0,1,1,27.88,31.82,83,8.9981,2011,8,8,0,1
1.77073964639405,2,0,1,2,22.14,25.76,83,0.0,2011,5,19,3,10
1.5099182003836584,1,0,1,1,6.56,6.06,55,30.0026,2011,1,12,2,22
1.798970923559588,3,0,1,1,28.7,32.575,65,8.9981,2012,7,3,1,6
1.8082668738615209,3,0,1,1,29.52,33.335,54,7.0015,2011,9,12,0,13
1.8000344713048928,4,0,1,1,27.06,30.305,78,12.998,2011,10,13,3,15
1.583340520839692,3,0,1,1,28.7,33.335,84,12.998,2012,8,7,1,0
1.7733152706473527,4,0,1,1,13.94,16.665,49,0.0,2012,12,18,1,22
1.6759380249901916,1,0,1,1,10.66,12.12,30,16.9979,2011,1,3,0,16
1.9761078731375774,3,1,0,1,36.9,40.91,35,0.0,2012,7,4,2,13
1.8588105191644075,1,0,1,1,26.24,31.06,33,22.0028,2011,2,18,4,18
1.8346098354356497,3,0,1,1,29.52,34.09,62,22.0028,2012,8,13,0,22
1.9299082210139993,2,0,0,1,32.8,34.85,29,11.0014,2012,6,9,5,19
1.970142808832862,2,0,0,1,28.7,31.82,45,27.9993,2012,5,13,6,17
1.92030598439472,4,0,0,1,15.58,19.695,46,0.0,2011,12,3,5,15
1.7599564649868773,3,0,0,3,30.34,34.85,70,6.0032,2012,7,8,6,22
1.7901636276798083,4,0,0,1,14.76,18.18,71,7.0015,2012,11,10,5,23
1.026672031199051,3,0,1,1,27.06,31.06,74,12.998,2011,8,2,1,3
1.5875644833216505,3,0,1,2,26.24,28.79,89,22.0028,2012,9,18,1,5
1.8072636887169242,4,0,1,1,12.3,15.91,61,7.0015,2011,12,1,3,21
1.8970839874548464,3,0,1,1,32.8,37.88,55,12.998,2012,7,6,4,22
1.1247482629090362,4,1,0,1,13.12,16.665,87,8.9981,2012,10,8,0,4
1.7585509609170316,3,0,1,1,30.34,34.09,58,11.0014,2011,7,13,2,6
1.8000344713048928,1,0,1,3,9.84,12.88,87,7.0015,2012,2,8,2,17
0.5265890341390445,1,0,1,1,16.4,20.455,50,11.0014,2012,2,1,2,4
1.6710010327416251,3,0,0,1,27.88,31.82,57,0.0,2011,8,13,5,2
1.926236627583198,2,0,0,3,23.78,27.275,49,19.0012,2011,5,8,6,17
1.947168383637879,1,0,0,1,13.94,18.18,25,0.0,2012,3,10,5,15
1.9665988343400544,3,0,1,1,31.16,34.85,52,16.9979,2011,8,5,4,18
0.7412763113750153,1,0,0,2,8.2,10.605,69,11.0014,2011,2,13,6,4
1.9884835875196611,3,0,0,1,31.16,35.605,58,15.0013,2012,8,11,5,12
1.8418611059620993,4,0,1,3,22.96,26.515,94,11.0014,2011,10,19,2,16
1.8896075013631948,3,0,1,1,33.62,36.365,34,15.0013,2012,8,13,0,15
1.9727350380661053,3,0,1,2,26.24,28.79,83,8.9981,2012,8,1,2,7
1.7613486395430595,1,0,1,1,8.2,11.365,40,6.0032,2011,1,7,4,18
1.3973634811730353,3,1,0,3,22.96,26.515,88,26.0027,2011,9,5,0,23
1.997171703943881,2,0,0,1,26.24,31.06,53,0.0,2012,6,17,6,14
1.7627277196400848,3,0,1,1,36.9,42.425,42,19.9995,2011,7,12,1,14
1.0804178182729878,1,0,1,2,13.94,15.91,53,15.0013,2011,2,17,3,2
1.6466671712706678,2,0,1,2,19.68,23.485,67,0.0,2011,4,19,1,6
1.1247482629090362,1,0,0,1,9.84,12.12,60,11.0014,2012,3,11,6,5
1.9914500672545563,3,0,1,1,33.62,38.635,49,23.9994,2011,7,18,0,18
1.8225126721028055,1,0,0,2,17.22,21.21,88,6.0032,2012,3,18,6,9
1.448822238365871,4,0,0,1,18.86,22.725,59,27.9993,2011,10,1,5,3
2.0107946349110515,1,0,1,2,25.42,31.06,38,27.9993,2012,3,12,0,17
1.4196068415100236,4,0,1,2,22.14,25.76,88,22.0028,2011,10,12,2,5
1.3973634811730353,4,0,0,2,14.76,18.18,93,7.0015,2012,12,8,5,6
1.5555453730992024,1,0,0,2,13.12,15.15,39,16.9979,2011,1,15,5,20
1.983631976212856,4,0,0,1,17.22,21.21,35,8.9981,2012,10,13,5,11
1.961396413006317,2,0,0,2,31.16,34.09,48,11.0014,2011,6,18,5,17
1.6942663054703442,4,0,1,1,10.66,12.12,52,16.9979,2011,11,17,3,22
1.710657776180059,2,0,1,2,22.96,26.515,64,31.0009,2011,4,12,1,12
0.5265890341390445,1,0,0,1,9.84,12.88,70,6.0032,2012,2,18,5,5
1.903662587911754,3,0,1,1,28.7,33.335,74,11.0014,2012,9,7,4,21
1.8907020599217577,1,0,1,1,18.04,21.97,35,16.9979,2012,2,7,1,16
1.637662762520353,1,0,0,2,8.2,9.09,69,26.0027,2011,1,8,5,11
1.7878742218230284,3,0,1,1,26.24,29.545,78,8.9981,2011,9,13,1,22
1.7968196318819551,3,0,1,1,28.7,33.335,74,0.0,2012,8,1,2,23
1.6830650011356274,1,0,1,2,15.58,19.695,34,0.0,2011,3,14,0,14
2.022820294384796,2,0,1,2,26.24,31.06,53,8.9981,2012,5,9,2,17
1.7340313214932865,3,0,0,2,26.24,28.79,83,15.0013,2012,8,18,5,0
0.9591348389208239,2,0,1,1,20.5,24.24,94,11.0014,2011,5,16,0,3
1.942889271495996,3,0,1,1,30.34,34.85,70,15.0013,2011,7,6,2,19
1.223156202527103,4,0,1,1,9.84,11.365,44,15.0013,2011,11,18,4,2
1.9103928415548865,4,0,0,2,16.4,20.455,82,19.9995,2012,12,9,6,12
1.6606403793348095,4,0,0,2,14.76,17.425,93,15.0013,2011,10,1,5,22
1.8449646614985311,1,0,1,1,16.4,20.455,40,40.9973,2011,2,14,0,18
1.372306733580753,1,0,1,2,13.12,15.91,87,11.0014,2011,3,15,1,23
1.1247482629090362,4,0,0,1,17.22,21.21,71,11.0014,2011,10,15,5,5
1.9241500751450369,3,0,1,1,27.06,31.06,31,26.0027,2012,9,10,0,15
1.6281310150671582,4,1,0,1,13.94,17.425,76,7.0015,2012,10,8,0,6
2.015673931331266,2,0,1,1,22.14,25.76,68,0.0,2012,6,6,2,8
1.9220287795310242,3,0,0,2,26.24,30.305,73,8.9981,2012,8,19,6,19
1.742136743805324,1,0,0,2,18.04,21.97,77,19.9995,2011,1,1,5,15
1.2711498482847257,1,0,0,1,9.02,10.605,44,19.0012,2012,3,10,5,6
1.9817942637290324,2,0,1,1,22.96,26.515,26,19.0012,2011,5,5,3,18
1.7640939343176614,2,0,1,1,29.52,34.85,79,8.9981,2012,6,19,1,23
1.9967052077739862,2,0,0,1,27.06,31.06,54,19.9995,2012,6,17,6,16
1.7026798402849839,4,0,0,2,14.76,17.425,87,8.9981,2012,12,16,6,8
1.026672031199051,1,1,0,2,7.38,9.09,43,12.998,2011,1,17,0,6
1.9644832377931056,3,1,0,2,30.34,34.85,70,19.0012,2012,9,3,0,11
1.9266498629615478,1,0,0,1,22.96,26.515,64,11.0014,2012,3,18,6,19
1.1947055233182955,3,0,1,1,28.7,33.335,84,7.0015,2012,9,6,3,3
1.8021379316915813,1,0,1,1,9.84,11.365,30,15.0013,2011,1,3,0,17
1.801090104041353,4,0,1,1,18.86,22.725,82,12.998,2012,12,4,1,10
1.5604997616108318,2,0,0,2,21.32,25.0,100,8.9981,2011,5,15,6,7
1.8516996259697707,4,0,1,2,28.7,32.575,70,7.0015,2012,10,4,3,11
1.6985302777514544,1,0,1,1,15.58,19.695,32,22.0028,2011,2,16,2,12
1.978305624213458,4,0,0,1,17.22,21.21,82,11.0014,2012,12,8,5,16
1.026672031199051,4,0,1,2,21.32,25.0,88,8.9981,2011,10,11,1,4
1.8629038905519502,1,0,1,1,13.12,16.665,81,7.0015,2012,1,12,3,9
1.9061066457543656,2,0,1,1,31.98,37.12,59,12.998,2011,6,10,4,19
1.2711498482847257,4,0,1,2,22.14,25.76,94,0.0,2011,10,13,3,1
1.894462592869453,1,0,1,1,24.6,31.06,40,15.0013,2012,2,1,2,16
1.77073964639405,2,0,1,1,23.78,27.275,73,19.9995,2011,5,2,0,11
1.7843700777314968,2,0,0,2,18.86,22.725,72,8.9981,2011,5,1,6,9
1.3437034446606386,2,0,0,2,15.58,19.695,87,8.9981,2011,4,10,6,3
0.8697416861919438,1,0,1,1,11.48,15.91,75,0.0,2012,2,15,2,3
0.5265890341390445,2,0,1,3,13.94,16.665,76,11.0014,2011,4,8,4,3
0.7412763113750153,1,0,1,1,9.84,12.88,75,6.0032,2011,3,15,1,4
1.945758217792441,4,0,1,2,12.3,14.395,56,15.0013,2012,12,12,2,19
1.9176774696931478,4,0,1,3,14.76,18.18,57,7.0015,2012,11,1,3,9
1.5653166550596793,1,0,1,1,8.2,11.365,64,6.0032,2011,2,11,4,22
1.6606403793348095,1,0,0,1,12.3,15.91,81,7.0015,2012,1,1,6,10
1.804210600378433,2,0,1,2,26.24,31.06,47,12.998,2011,6,14,1,14
1.9361837416040704,3,0,1,3,31.16,34.85,55,32.9975,2012,7,3,1,20
1.3437034446606386,1,0,1,1,16.4,20.455,62,16.9979,2011,3,18,4,1
1.9031681972312866,1,0,0,2,12.3,15.91,70,6.0032,2012,2,4,5,12
1.904155101148327,4,0,1,1,17.22,21.21,62,12.998,2011,10,6,3,7
1.7144962229206409,1,0,0,1,16.4,20.455,54,12.998,2012,3,11,6,22
1.448822238365871,4,0,1,3,18.04,21.97,100,12.998,2011,12,7,2,14
1.8160445966634724,4,0,0,1,17.22,21.21,50,16.9979,2011,11,12,5,19
1.7924169706841675,1,0,1,1,17.22,21.21,82,0.0,2012,2,2,3,12
1.7890235001604364,3,0,1,1,18.86,22.725,63,22.0028,2011,9,15,3,21
1.7513148227387971,2,0,1,1,31.16,37.12,75,12.998,2011,6,8,2,23
1.8769258727448193,2,0,1,1,18.86,22.725,24,19.0012,2012,4,6,4,20
1.6407200993500939,4,1,0,2,22.14,25.76,77,15.0013,2012,11,12,0,23
1.3852268599316875,1,0,0,3,9.02,11.365,93,8.9981,2012,2,11,5,7
1.6180113091810355,3,0,1,2,27.88,31.82,89,6.0032,2011,8,3,2,23
1.3105061862047918,1,0,0,2,17.22,21.21,94,11.0014,2012,3,18,6,4
1.8642411184013048,4,0,0,1,16.4,20.455,40,12.998,2011,11,19,5,17
1.8260781474077188,4,0,1,1,26.24,31.06,47,19.0012,2011,10,5,2,15
1.0804178182729878,1,0,1,2,18.86,22.725,94,19.0012,2012,3,1,3,2
1.863574168980396,3,0,1,1,30.34,12.12,55,11.0014,2012,8,17,4,10
1.783182776049518,1,0,1,1,4.92,6.06,74,15.0013,2011,2,11,4,9
1.7890235001604364,4,0,1,1,11.48,14.395,52,7.0015,2011,12,12,0,12
1.8487473895449305,1,0,1,1,4.92,9.85,54,0.0,2012,1,19,3,9
1.1247482629090362,2,0,1,1,18.86,22.725,82,6.0032,2011,5,9,0,3
2.0128522839700533,3,0,0,1,31.16,33.335,37,12.998,2012,8,18,5,12
1.7306622908306295,1,0,1,2,9.84,12.12,65,8.9981,2011,2,4,4,19
2.026327070858668,4,0,1,2,13.94,15.15,61,19.9995,2012,12,11,1,8
1.1947055233182955,3,0,1,2,27.88,31.82,61,0.0,2012,7,13,4,3
1.8588105191644075,1,0,1,1,5.74,4.545,26,35.0008,2012,1,3,1,18
2.052564182626385,3,0,1,1,24.6,31.06,38,15.0013,2012,9,19,2,17
1.9683836306012874,3,0,0,1,32.8,37.12,49,19.9995,2011,7,17,6,13
1.5341940066777084,1,0,1,3,15.58,19.695,0,15.0013,2011,3,10,3,7
1.9307098989760174,4,0,1,1,13.94,17.425,66,7.0015,2011,12,9,4,17
1.6920895459931111,1,0,1,2,7.38,9.85,93,11.0014,2012,1,10,1,10
1.637662762520353,4,0,0,1,12.3,14.395,49,19.0012,2011,12,17,5,0
1.4298455472897516,2,0,1,1,13.12,15.15,66,19.0012,2012,4,12,3,0
1.637662762520353,2,0,0,2,14.76,17.425,76,11.0014,2012,4,1,6,1
1.0804178182729878,2,0,1,1,22.96,26.515,83,6.0032,2012,5,2,2,3
1.710657776180059,1,0,0,1,8.2,8.335,34,30.0026,2011,1,9,6,16
1.9980992676206404,2,0,0,1,25.42,31.06,38,6.0032,2012,5,19,5,11
1.881679452127038,4,0,1,1,14.76,16.665,43,19.0012,2012,11,14,2,15
1.7218947624700471,3,0,1,1,27.88,31.82,83,15.0013,2011,7,6,2,23
1.6313704001963978,3,0,0,1,27.06,30.305,83,12.998,2011,9,4,6,2
1.8197772781208725,1,0,1,1,26.24,31.06,41,19.0012,2011,3,18,4,13
1.8713664243280277,1,0,0,1,12.3,15.15,61,11.0014,2012,2,5,6,14
1.8538724045702297,2,0,1,2,26.24,31.06,53,16.9979,2011,5,12,3,15
1.8062533133730014,1,0,1,1,12.3,12.88,39,32.9975,2012,1,18,2,12
1.9140867590359603,4,0,1,2,13.12,15.91,61,12.998,2012,11,15,3,9
1.7289490519659823,2,0,0,1,16.4,20.455,43,19.0012,2011,4,17,6,9
1.6437209301888343,4,0,0,1,9.84,12.12,60,8.9981,2011,11,12,5,0
1.7640939343176614,1,0,1,1,12.3,14.395,28,12.998,2011,2,11,4,16
1.8494914839851704,3,0,1,2,28.7,32.575,51,15.0013,2012,7,12,3,23
1.791294740218941,4,0,1,3,22.96,26.515,88,12.998,2011,10,14,4,7
1.9315065352001681,1,0,0,1,19.68,23.485,36,19.0012,2012,2,18,5,17
2.0393824002626744,2,0,1,1,24.6,30.305,26,11.0014,2012,4,3,1,18
1.8986319116885528,2,0,1,1,22.14,25.76,60,8.9981,2011,5,10,1,20
1.5224670302876946,3,0,1,1,27.06,29.545,89,8.9981,2011,7,7,3,0
1.4892992254175486,4,0,1,2,22.14,25.76,88,0.0,2011,10,11,1,0
1.6783497616208911,4,0,0,2,10.66,13.635,81,7.0015,2011,12,10,5,0
1.448822238365871,2,0,1,1,24.6,30.305,64,12.998,2011,6,16,3,5
1.4576463830228739,4,0,1,1,9.02,12.88,69,6.0032,2012,12,14,4,1
1.893931943123261,3,0,0,1,27.06,31.06,74,12.998,2012,7,14,5,9
1.7890235001604364,2,0,1,1,31.98,34.09,31,8.9981,2011,6,6,0,14
1.755698992678211,2,0,1,1,22.96,26.515,52,12.998,2011,5,9,0,10
1.961396413006317,4,0,0,1,16.4,20.455,40,15.0013,2012,11,4,6,15
1.752790725901759,4,0,1,1,18.04,21.97,82,7.0015,2011,10,5,2,6
1.8131782269605679,4,0,1,2,14.76,16.665,62,19.0012,2011,11,10,3,20
1.8378799982871266,2,0,0,1,15.58,19.695,62,22.0028,2011,4,2,5,16
1.8775294779444245,3,0,1,1,32.8,38.635,59,16.9979,2012,9,7,4,14
1.8269553882413483,2,0,1,2,32.8,36.365,46,19.0012,2011,6,7,1,12
1.6437209301888343,2,0,1,3,18.86,22.725,59,0.0,2012,4,18,2,13
1.827827111719085,2,0,1,1,19.68,23.485,82,16.9979,2012,6,5,1,6
1.7542520263946595,1,0,1,2,13.94,15.91,87,16.9979,2012,1,11,2,16
1.8516996259697707,2,0,0,1,28.7,32.575,58,11.0014,2012,6,9,5,22
1.757131886054717,1,0,0,1,13.94,15.91,31,19.0012,2011,2,12,5,14
1.8851357588170432,1,0,1,1,17.22,21.21,35,19.9995,2012,2,14,1,16
1.8588105191644075,2,0,0,1,25.42,31.06,43,8.9981,2011,6,4,5,9
1.748318097194945,3,0,0,3,22.96,26.515,88,12.998,2012,9,8,5,16
1.4298455472897516,1,0,0,1,5.74,6.82,43,15.0013,2012,2,12,6,23
1.603478573504849,1,0,1,1,6.56,11.365,69,0.0,2011,1,14,4,21
1.7144962229206409,2,0,0,1,22.14,25.76,64,7.0015,2011,6,4,5,1
1.9894805655993109,2,0,1,1,26.24,31.06,29,8.9981,2011,5,10,1,18
1.7935304491330344,4,0,1,1,9.02,11.365,69,8.9981,2012,11,6,1,6
2.0215013028841584,2,0,1,1,20.5,24.24,31,7.0015,2012,4,5,3,18
1.828693382742085,4,0,0,1,11.48,12.88,36,22.0028,2011,12,10,5,17
1.8426436266120914,4,0,0,1,21.32,25.0,77,7.0015,2011,10,8,5,20
1.777094949793928,4,0,0,1,10.66,13.635,52,8.9981,2011,12,18,6,19
0.5265890341390445,1,0,1,2,11.48,13.635,93,12.998,2012,2,17,4,4
1.9523188996492962,1,0,1,1,18.04,21.97,67,12.998,2012,1,12,3,18
1.7087018253879918,4,0,1,2,16.4,20.455,82,0.0,2011,10,3,0,22
1.9436126948827355,3,0,0,1,33.62,38.635,57,12.998,2012,8,4,5,10
1.749824041026481,3,0,1,1,30.34,34.09,58,15.0013,2011,7,12,1,6
1.7437063358613225,4,0,1,3,18.86,22.725,88,26.0027,2011,11,16,2,19
1.8531520084405109,1,0,1,2,13.12,15.91,70,11.0014,2011,2,7,0,17
1.8907020599217577,2,0,1,2,20.5,24.24,72,12.998,2011,4,19,1,19
1.9026719155555414,4,0,1,1,16.4,20.455,43,12.998,2012,12,14,4,14
2.0569655113281993,4,0,1,1,28.7,32.575,65,0.0,2012,10,3,2,17
1.2711498482847257,4,0,0,1,11.48,14.395,81,8.9981,2012,11,18,6,5
1.9899759740157912,3,0,1,1,32.8,37.12,49,15.0013,2011,8,17,2,17
1.9464652902368638,3,0,1,1,27.06,31.06,61,7.0015,2012,9,14,4,20
1.8986319116885528,2,0,1,1,16.4,20.455,37,19.9995,2012,4,6,4,11
1.8681746132307353,1,0,1,1,13.94,16.665,36,0.0,2012,2,9,3,16
1.860872764634446,3,0,0,1,30.34,34.09,62,16.9979,2011,7,10,6,21
1.4576463830228739,4,0,1,2,10.66,15.15,81,0.0,2011,12,14,2,5
0.8697416861919438,4,0,1,1,13.12,17.425,87,0.0,2011,11,8,1,3
1.8216068302034107,4,0,1,2,27.06,30.305,83,8.9981,2012,10,4,3,10
1.9392082175256102,4,1,0,2,29.52,32.575,42,7.0015,2011,10,10,0,15
1.5604997616108318,4,0,0,1,11.48,13.635,81,12.998,2012,11,18,6,7
1.7467966996992919,3,0,1,1,32.8,36.365,43,15.0013,2011,8,10,2,10
1.6313704001963978,3,1,0,2,27.06,29.545,94,19.9995,2011,9,5,0,21
1.5957092304038698,1,0,0,1,15.58,19.695,40,19.9995,2011,3,19,5,23
1.6920895459931111,1,0,1,2,9.02,13.635,87,0.0,2011,1,18,1,20
1.9224558706047865,2,0,0,1,24.6,31.06,38,12.998,2011,5,7,5,16
1.372306733580753,1,0,0,1,9.02,10.605,55,19.0012,2011,1,16,6,8
1.9526548067783356,3,0,1,1,32.8,34.09,24,16.9979,2011,7,1,4,18
1.9598235193944304,4,0,0,1,23.78,27.275,35,16.9979,2011,10,16,6,12
1.8464903775306214,2,0,1,1,34.44,37.88,44,8.9981,2011,6,10,4,12
0.5265890341390445,1,0,1,1,4.1,6.06,54,8.9981,2011,1,14,4,2
1.947168383637879,3,0,1,1,33.62,37.88,46,12.998,2012,8,2,3,16
1.5916858743493758,1,0,1,1,9.02,9.85,44,23.9994,2011,1,12,2,13
1.0804178182729878,4,0,1,2,18.86,22.725,88,0.0,2012,10,10,2,3
1.8102520538839093,2,0,1,3,19.68,23.485,41,27.9993,2012,4,9,0,21
1.7236894193081456,4,0,1,1,12.3,16.665,87,0.0,2011,11,8,1,6
0.5265890341390445,2,0,1,1,17.22,21.21,67,6.0032,2012,4,4,2,4
1.8700988387609099,1,0,1,2,12.3,15.15,56,8.9981,2011,3,14,0,8
1.026672031199051,1,0,1,1,14.76,17.425,71,12.998,2011,3,18,4,3
1.223156202527103,1,0,1,2,11.48,15.91,87,0.0,2011,2,8,1,0
1.8402825130491083,4,0,1,1,13.94,18.18,76,0.0,2012,11,9,4,21
1.3973634811730353,4,0,1,1,7.38,12.12,86,0.0,2011,12,13,1,5
1.865565153838859,3,0,1,1,34.44,37.12,36,12.998,2012,7,2,0,15
1.7542520263946595,3,0,0,2,28.7,32.575,65,11.0014,2011,8,13,5,8
1.8615532204780585,4,0,1,2,18.86,22.725,67,0.0,2012,10,17,2,10
1.757131886054717,1,0,1,1,23.78,27.275,19,26.0027,2011,2,14,0,13
1.2711498482847257,4,0,1,1,13.12,15.15,53,16.9979,2012,11,9,4,2
1.9761078731375774,3,0,0,1,30.34,34.85,66,11.0014,2012,8,11,5,11
1.9604550845697712,2,0,1,1,24.6,31.06,40,12.998,2012,5,17,3,20
1.8581160323277108,4,0,1,1,6.56,8.335,80,11.0014,2011,12,13,1,7
1.9485628011601908,2,0,1,1,16.4,20.455,71,16.9979,2011,5,4,2,17
1.8694605040153234,4,0,1,1,24.6,31.06,53,23.9994,2011,11,14,0,20
1.7599564649868773,4,0,0,2,15.58,19.695,82,0.0,2012,12,16,6,20
1.579009137828587,1,0,1,1,10.66,11.365,33,22.0028,2011,1,5,2,11
1.8329451460953283,2,0,1,1,21.32,25.0,48,7.0015,2011,5,6,4,20
0.9591348389208239,4,0,1,2,14.76,18.94,100,0.0,2012,12,10,0,1
1.879323983956676,1,0,1,1,9.02,9.85,37,26.0027,2012,1,18,2,19
1.8072636887169242,1,0,0,2,16.4,20.455,30,19.9995,2011,2,13,6,15
1.4087998161504007,2,0,0,1,21.32,25.0,68,11.0014,2012,5,13,6,6
1.74525954872198,2,0,1,2,33.62,40.15,59,15.0013,2011,6,1,2,11
1.8965639023210192,4,0,0,1,17.22,21.21,38,19.9995,2011,11,19,5,16
1.8052356503890232,4,0,1,1,16.4,20.455,47,19.9995,2012,10,12,4,22
1.8799167926221376,4,0,1,2,12.3,14.395,52,19.0012,2012,11,5,0,9
1.696412959743625,1,0,1,2,16.4,20.455,50,23.9994,2012,3,9,4,6
1.583340520839692,1,0,1,1,12.3,15.15,70,8.9981,2011,2,17,3,6
1.327761429538331,1,0,0,2,12.3,14.395,36,15.0013,2012,2,19,6,3
1.801090104041353,3,0,1,1,27.06,31.06,74,0.0,2012,8,9,3,23
1.6579414149579819,3,0,1,1,18.04,21.97,67,15.0013,2011,9,15,3,23
1.700619000072578,4,0,1,3,21.32,25.0,88,11.0014,2011,10,14,4,11
1.945758217792441,3,0,0,1,28.7,32.575,65,0.0,2011,9,11,6,11
1.3437034446606386,3,0,1,1,26.24,30.305,69,11.0014,2011,8,16,1,1
1.5875644833216505,1,0,1,1,9.02,13.635,64,0.0,2011,1,4,1,21
1.9941064445153531,3,0,0,1,32.8,37.12,49,23.9994,2012,8,11,5,13
1.8472468792313919,4,0,1,1,22.96,26.515,60,16.9979,2011,10,17,0,15
1.9270617593861936,3,1,0,2,29.52,34.09,70,12.998,2011,9,5,0,12
1.3437034446606386,4,0,1,2,10.66,13.635,65,7.0015,2012,11,15,3,1
0.5265890341390445,1,0,1,3,11.48,13.635,93,11.0014,2011,2,8,1,3
1.7218947624700471,3,0,1,2,26.24,30.305,73,11.0014,2011,9,2,4,23
1.8434216945775423,1,0,1,2,25.42,31.06,43,43.0006,2012,3,8,3,14
1.867527001142399,3,0,0,2,27.88,31.82,79,19.0012,2011,8,13,5,19
1.358504720646626,2,0,1,3,18.04,21.97,82,7.0015,2012,4,2,0,0
1.818853419699573,3,0,1,1,32.8,36.365,46,23.9994,2011,8,18,3,15
1.2917246727283112,3,0,0,1,31.98,37.88,66,7.0015,2012,7,8,6,4
2.0277726112086545,2,0,1,1,24.6,31.06,31,26.0027,2012,5,10,3,17
1.7067206012930416,1,0,1,2,7.38,7.575,37,22.0028,2012,1,4,2,15
1.7855476541684288,4,0,0,1,19.68,23.485,88,0.0,2011,10,8,5,23
1.8169871572575529,3,0,1,2,27.88,31.82,89,7.0015,2012,9,4,1,6
1.7968196318819551,3,0,1,1,35.26,40.91,50,12.998,2011,7,19,1,14
1.9914500672545563,2,0,1,1,29.52,31.82,25,19.0012,2011,6,3,4,17
1.9384588842298294,4,0,1,1,13.94,17.425,53,7.0015,2012,11,2,4,9
2.0541455370863377,3,0,1,1,33.62,36.365,34,12.998,2012,8,16,3,17
1.77073964639405,1,0,1,2,7.38,9.85,51,11.0014,2011,1,11,1,9
1.9668981094094211,2,0,1,1,28.7,31.82,42,11.0014,2012,6,15,4,19
1.9094525728270801,3,0,1,1,24.6,31.06,43,16.9979,2012,9,19,2,12
1.7627277196400848,1,0,1,1,9.02,10.605,47,19.0012,2012,1,19,3,13
1.8269553882413483,4,0,1,1,9.02,10.605,69,15.0013,2011,12,19,0,9
1.74525954872198,1,0,1,1,9.84,12.88,48,7.0015,2011,1,4,1,19
1.8150956430032537,4,1,0,1,13.94,14.395,42,32.9975,2011,11,11,4,11
1.818853419699573,1,0,1,1,18.04,21.97,67,8.9981,2012,1,12,3,21
1.7843700777314968,3,0,1,1,31.16,35.605,58,16.9979,2011,8,18,3,11
1.7946353028541102,3,0,1,1,30.34,33.335,51,15.0013,2011,8,16,1,11
1.742136743805324,4,0,1,3,18.86,22.725,100,19.9995,2011,12,6,1,20
1.7720331658588133,4,0,1,3,18.86,22.725,72,11.0014,2011,12,15,3,16
1.880506958839086,3,0,1,1,24.6,27.275,88,16.9979,2011,8,15,0,7
1.85601087126303,4,0,0,1,10.66,13.635,75,7.0015,2012,12,15,5,9
1.7218947624700471,1,0,1,2,10.66,13.635,60,8.9981,2012,2,14,1,10
1.5875644833216505,2,0,0,1,21.32,25.0,72,6.0032,2012,6,17,6,7
1.1947055233182955,3,0,1,1,22.14,25.76,77,0.0,2012,9,13,3,2
1.2711498482847257,3,0,1,1,28.7,32.575,61,15.0013,2011,7,11,0,2
1.5099182003836584,4,0,1,3,18.04,21.97,100,6.0032,2011,12,7,2,10
1.8732454942989716,4,0,1,1,11.48,15.91,81,0.0,2011,12,2,4,9
2.005704992338858,4,0,0,1,24.6,31.06,46,27.9993,2012,10,6,5,15
1.4395687003478856,2,0,0,3,17.22,21.21,100,0.0,2011,4,16,5,22
2.0003871212614466,3,0,1,1,31.98,37.12,59,15.0013,2011,7,6,2,17
2.0275928975827715,4,0,1,1,14.76,18.94,93,0.0,2012,12,3,0,8
1.8410740844298052,2,0,1,1,28.7,31.82,34,16.9979,2011,6,13,0,14
1.7681175901689328,4,0,1,1,13.12,15.15,53,15.0013,2012,11,16,4,23
1.860872764634446,1,0,1,2,9.02,13.635,69,0.0,2012,1,5,3,9
1.6466671712706678,1,0,1,1,11.48,13.635,52,16.9979,2011,1,4,1,15
1.9249888048924875,2,0,1,1,24.6,31.06,43,12.998,2012,5,17,3,12
1.9220287795310242,4,0,1,1,10.66,13.635,65,8.9981,2012,11,9,4,7
1.870734136494135,2,0,1,2,26.24,30.305,65,15.0013,2012,6,14,3,22
1.696412959743625,1,0,1,1,14.76,17.425,50,15.0013,2012,3,1,3,23
1.4298455472897516,2,0,1,1,13.12,15.15,53,22.0028,2012,4,6,4,5
1.4892992254175486,4,0,0,1,22.14,25.76,88,16.9979,2012,10,6,5,6
1.5875644833216505,2,0,1,1,24.6,28.79,78,7.0015,2012,5,4,4,1
1.8131782269605679,1,0,1,1,22.96,26.515,43,12.998,2012,3,1,3,11
1.9056215095903026,3,0,0,1,22.14,25.76,68,16.9979,2011,9,17,5,16
2.008700491083826,2,0,1,1,21.32,25.0,55,30.0026,2012,5,17,3,8
1.3437034446606386,3,0,0,1,24.6,29.545,73,6.0032,2011,7,16,5,4
1.6579414149579819,3,0,0,1,28.7,32.575,58,12.998,2011,7,3,6,2
1.3105061862047918,3,0,1,1,29.52,34.09,66,0.0,2011,8,9,1,1
1.5604997616108318,1,0,1,2,16.4,20.455,71,19.0012,2012,1,13,4,0
1.913173172035371,4,0,1,1,25.42,30.305,69,0.0,2012,10,4,3,21
1.9319029813181672,3,0,0,2,23.78,27.275,60,8.9981,2011,9,18,6,15
1.9001616577562157,4,0,1,2,15.58,19.695,94,16.9979,2012,12,10,0,7
1.710657776180059,3,0,0,1,27.88,31.82,79,15.0013,2011,7,3,6,8
1.9785775703622708,2,0,1,1,12.3,13.635,49,22.0028,2012,4,6,4,8
1.755698992678211,4,0,0,1,12.3,14.395,75,16.9979,2012,11,18,6,8
1.4298455472897516,1,0,1,1,12.3,14.395,56,15.0013,2012,2,8,2,0
1.1947055233182955,4,0,1,2,16.4,20.455,87,7.0015,2011,10,4,1,1
1.860872764634446,4,0,1,2,9.84,12.88,60,7.0015,2012,12,6,3,20
1.1947055233182955,2,0,1,1,22.14,25.76,77,15.0013,2012,6,18,0,2
1.4660765372061442,2,0,1,1,14.76,17.425,66,12.998,2011,5,5,3,0
1.9311088435575234,2,0,0,1,31.16,33.335,35,15.0013,2012,6,9,5,20
1.026672031199051,3,0,1,1,26.24,31.06,57,11.0014,2011,8,11,3,4
1.8418611059620993,4,0,0,2,14.76,17.425,57,12.998,2012,12,15,5,20
1.2711498482847257,2,0,0,1,20.5,24.24,72,12.998,2012,6,2,5,5
2.0272326353715995,3,0,0,1,27.88,31.82,39,0.0,2012,9,9,6,13
1.8896075013631948,3,0,1,1,34.44,39.395,49,19.0012,2012,7,19,3,12
1.8857031067251113,4,0,1,1,28.7,32.575,61,16.9979,2012,10,4,3,14
1.9749939323524341,2,0,0,1,18.04,21.97,24,19.9995,2012,4,7,5,11
1.7356879059276584,4,0,1,2,12.3,15.15,49,11.0014,2011,12,16,4,22
1.96108343429015,3,0,1,2,30.34,34.85,70,8.9981,2012,8,7,1,20
1.890155921849322,4,0,1,1,13.12,14.395,31,23.9994,2012,11,8,3,9
1.7389471062414084,4,0,0,1,13.94,16.665,53,11.0014,2012,11,3,5,0
2.0237533974669626,2,0,1,2,26.24,30.305,69,19.0012,2012,5,8,1,18
1.9464652902368638,4,0,0,2,16.4,20.455,87,7.0015,2012,12,8,5,11
1.7047134862451474,2,0,1,1,25.42,31.06,46,12.998,2011,6,13,0,23
1.8694605040153234,2,0,0,1,20.5,24.24,77,12.998,2011,4,10,6,18
1.1947055233182955,1,0,0,2,16.4,20.455,100,19.9995,2011,3,6,6,8
1.026672031199051,3,0,1,1,25.42,29.545,73,15.0013,2012,8,16,3,4
1.92030598439472,3,0,0,1,32.8,38.635,59,15.0013,2011,9,4,6,16
1.8553017984487439,4,0,1,1,23.78,27.275,46,8.9981,2011,10,6,3,15
1.9051345487873121,4,0,1,2,18.86,22.725,100,19.0012,2011,12,6,1,18
1.9031681972312866,4,0,1,2,24.6,31.06,49,16.9979,2012,12,4,1,15
1.6942663054703442,2,0,1,1,18.86,22.725,41,19.0012,2011,4,6,2,22
1.9334764565955942,4,0,1,2,10.66,12.88,60,12.998,2012,12,12,2,7
1.9051345487873121,4,1,0,2,21.32,25.0,77,19.0012,2012,11,12,0,20
1.9228815367921321,2,0,0,1,22.14,25.76,30,23.9994,2011,4,17,6,16
1.2484412575662103,1,0,0,1,4.92,7.575,80,7.0015,2011,2,12,5,7
1.5745651437258248,2,0,0,2,17.22,21.21,44,15.0013,2011,4,3,6,21
1.358504720646626,2,0,1,1,28.7,33.335,84,16.9979,2011,6,1,2,1
1.5341940066777084,3,0,0,1,23.78,27.275,100,8.9981,2011,9,10,5,3
1.0804178182729878,2,0,1,1,22.14,25.76,94,8.9981,2011,6,17,4,4
1.7613486395430595,1,0,0,1,18.04,21.97,16,39.0007,2011,2,19,5,11
1.804210600378433,2,0,1,1,22.96,26.515,37,15.0013,2011,4,14,3,13
1.5224670302876946,2,0,1,2,24.6,31.06,56,16.9979,2012,5,14,0,0
0.7412763113750153,1,0,0,2,10.66,11.365,48,19.9995,2012,2,19,6,5
1.987981985465796,1,0,1,1,22.96,26.515,40,31.0009,2012,3,7,2,18
1.9031681972312866,3,0,1,1,31.98,35.605,49,8.9981,2012,8,14,1,12
1.5604997616108318,2,0,0,2,22.14,25.76,94,0.0,2012,5,5,5,6
1.6407200993500939,2,0,1,2,12.3,13.635,93,22.0028,2011,4,8,4,20
1.5504460211620947,4,0,1,1,20.5,24.24,72,12.998,2011,10,6,3,0
1.5099182003836584,2,0,0,2,18.04,21.97,77,19.0012,2011,4,17,6,0
1.8418611059620993,1,0,0,1,16.4,20.455,62,19.0012,2012,1,1,6,12
1.9907152806964443,3,0,1,1,30.34,34.09,58,11.0014,2012,8,13,0,19
1.9228815367921321,3,0,1,1,32.8,34.85,33,7.0015,2012,8,16,3,12
1.2484412575662103,3,0,1,3,24.6,27.275,88,0.0,2011,9,7,2,13
1.3852268599316875,4,0,0,1,6.56,9.09,59,8.9981,2011,12,11,6,3
1.9031681972312866,3,0,0,2,28.7,33.335,74,19.9995,2012,8,11,5,18
1.7306622908306295,1,0,1,2,10.66,13.635,56,8.9981,2012,3,5,0,11
1.4576463830228739,2,0,1,1,22.14,25.76,56,22.0028,2011,6,14,1,5
1.637662762520353,1,0,1,1,11.48,13.635,36,0.0,2011,1,6,3,15
1.9641780151827253,3,0,0,3,28.7,33.335,79,11.0014,2012,7,14,5,17
1.1247482629090362,1,0,1,2,18.86,22.725,67,7.0015,2011,2,18,4,5
1.828693382742085,3,0,1,1,33.62,39.395,56,12.998,2011,8,9,1,12
1.8260781474077188,4,0,1,1,18.04,21.97,18,27.9993,2012,11,8,3,14
1.8917875600189848,2,0,1,1,28.7,31.82,24,31.0009,2011,4,4,0,19
1.880506958839086,2,0,1,1,20.5,24.24,34,11.0014,2011,5,5,3,20
1.997404270945216,2,0,0,1,30.34,32.575,35,16.9979,2012,6,16,5,15
2.0355845457008663,3,0,1,1,35.26,39.395,41,12.998,2012,7,19,3,18
1.938834108912874,4,0,1,1,17.22,21.21,35,19.0012,2012,11,16,4,16
1.9001616577562157,4,0,1,2,29.52,33.335,58,22.0028,2012,10,4,3,13
1.2711498482847257,3,1,0,2,27.06,30.305,78,6.0032,2011,7,4,0,4
0.9591348389208239,2,0,1,3,22.14,25.76,94,16.9979,2011,5,17,1,3
1.7924169706841675,2,0,1,1,21.32,25.0,36,30.0026,2011,5,5,3,11
1.8719957290222062,4,0,1,2,24.6,31.06,43,7.0015,2012,10,1,0,14
1.9392082175256102,2,0,1,3,18.04,21.97,94,7.0015,2012,5,3,3,7
1.9519820823132483,4,1,0,2,17.22,21.21,58,7.0015,2012,10,8,0,14
1.755698992678211,2,0,1,3,20.5,24.24,88,11.0014,2011,5,13,4,23
1.358504720646626,2,0,0,3,21.32,25.0,83,15.0013,2012,5,6,6,6
1.81792340526738,4,0,1,1,14.76,16.665,57,19.9995,2011,12,9,4,12
1.1947055233182955,2,0,1,3,21.32,25.0,94,19.9995,2011,5,18,2,3
1.9894805655993109,3,0,1,1,31.98,35.605,49,19.9995,2011,8,5,4,17
1.4087998161504007,4,0,1,1,6.56,11.365,80,0.0,2011,12,12,0,5
0.5265890341390445,1,0,0,2,10.66,12.88,56,11.0014,2011,1,16,6,6
1.9070714954756425,4,0,1,1,16.4,20.455,87,6.0032,2012,12,3,0,9
1.4892992254175486,1,0,0,1,5.74,6.06,36,16.9979,2011,1,8,5,19
1.8329451460953283,4,0,1,2,14.76,18.18,87,6.0032,2011,12,5,0,9
1.4576463830228739,1,0,1,2,4.92,6.06,54,19.0012,2011,2,10,3,6
1.9432515053140835,2,0,1,1,20.5,24.24,34,22.0028,2012,4,2,0,16
1.9172340894587216,3,0,1,1,31.16,34.85,55,12.998,2011,7,12,1,7
1.8354346948604652,2,0,1,1,22.96,26.515,52,7.0015,2012,6,5,1,22
0.9591348389208239,2,0,1,2,27.88,31.82,89,15.0013,2011,6,1,2,4
1.9026719155555414,3,0,1,1,29.52,33.335,54,0.0,2012,7,13,4,21
1.881679452127038,3,0,0,1,20.5,24.24,72,11.0014,2011,9,18,6,10
1.9365657970706844,3,0,0,1,36.08,40.15,39,15.0013,2012,7,1,6,11
1.74525954872198,1,0,0,1,13.12,14.395,39,30.0026,2011,2,13,6,11
1.9224558706047865,1,0,1,2,25.42,31.06,41,43.0006,2012,3,8,3,16
1.0804178182729878,4,0,0,3,16.4,20.455,94,7.0015,2012,12,9,6,6
1.7613486395430595,2,0,0,1,26.24,31.06,53,6.0032,2012,6,9,5,1
1.1247482629090362,1,0,1,1,4.1,5.305,36,15.0013,2011,2,9,2,1
2.0039586738584223,1,0,1,1,22.96,26.515,43,32.9975,2012,3,7,2,17
1.7640939343176614,1,0,1,2,9.02,11.365,82,12.998,2011,1,18,1,17
0.5265890341390445,1,0,0,2,4.1,2.275,46,47.9988,2012,2,12,6,4
1.8000344713048928,1,0,0,1,18.04,21.97,16,40.9973,2011,2,19,5,13
1.9454031760832335,2,0,1,1,22.96,26.515,52,8.9981,2011,5,11,2,19
1.6942663054703442,1,0,1,2,4.1,5.305,46,12.998,2012,1,4,2,12
1.603478573504849,1,0,1,1,8.2,11.365,47,7.0015,2011,1,3,0,20
1.749824041026481,1,0,1,1,9.02,9.85,37,22.0028,2011,1,5,2,9
1.9801965796044196,4,0,1,2,20.5,24.24,72,11.0014,2012,10,9,1,19
1.8581160323277108,1,0,0,1,17.22,21.21,58,19.0012,2012,1,1,6,13
1.9801965796044196,3,0,1,1,31.16,34.09,45,19.9995,2011,8,1,0,17
1.965696607064784,2,0,1,1,21.32,25.0,72,19.0012,2012,5,8,1,7
1.9990196811606853,1,0,1,2,25.42,31.06,38,36.9974,2012,3,8,3,18
1.9867187683398329,3,0,1,1,28.7,32.575,61,11.0014,2011,9,13,1,18
1.9065899701401223,3,0,1,1,27.06,31.06,54,8.9981,2011,8,11,3,7
0.8697416861919438,1,0,1,1,13.12,15.91,57,12.998,2012,3,2,4,3
1.5957092304038698,2,0,0,1,18.04,21.97,72,6.0032,2012,5,19,5,6
1.3852268599316875,2,0,1,3,13.12,14.395,81,30.0026,2011,4,5,1,11
1.7542520263946595,1,0,1,1,25.42,31.06,50,11.0014,2011,3,18,4,22
1.983371148410903,3,0,0,1,36.9,42.425,42,31.0009,2012,8,5,6,14
1.8595014474498321,4,0,1,2,13.94,18.18,46,0.0,2012,12,12,2,14
1.9443319639317302,3,0,1,2,27.06,30.305,83,0.0,2011,8,19,4,8
1.0804178182729878,1,0,0,2,6.56,6.82,47,26.0027,2012,1,15,6,4
1.795731656444039,2,0,1,3,25.42,28.79,83,16.9979,2011,6,16,3,22
1.818853419699573,3,0,1,1,27.88,31.82,74,12.998,2011,8,4,3,22
1.1622831138840004,2,0,1,1,22.14,25.76,60,6.0032,2012,6,8,4,3
1.4196068415100236,1,0,0,1,15.58,19.695,17,35.0008,2011,2,19,5,7
1.804210600378433,3,0,1,2,27.88,31.82,65,8.9981,2011,9,15,3,11
1.781985597277665,2,0,1,1,29.52,32.575,28,32.9975,2011,6,2,3,10
2.044931435874979,3,0,1,2,32.8,35.605,36,11.0014,2012,7,13,4,17
1.9149938977261756,3,0,0,1,37.72,43.18,37,15.0013,2012,7,7,5,10
1.7745861482661287,1,0,1,1,6.56,6.82,47,19.9995,2011,2,3,3,9
1.8588105191644075,3,0,1,1,29.52,34.85,74,8.9981,2012,9,7,4,10
1.5504460211620947,2,0,1,1,24.6,28.03,83,12.998,2012,6,13,2,5
1.818853419699573,2,0,1,1,22.14,25.76,88,16.9979,2011,5,17,1,21
1.935800524776163,1,0,1,3,11.48,11.365,55,43.9989,2012,3,5,0,18
1.9117905099724466,3,0,1,1,29.52,32.575,37,8.9981,2012,9,12,2,15
1.5224670302876946,2,0,1,2,12.3,14.395,93,15.0013,2011,4,8,4,23
1.2711498482847257,3,0,1,1,21.32,25.0,68,19.0012,2012,9,10,0,3
0.7412763113750153,2,0,1,1,23.78,27.275,53,22.0028,2011,6,14,1,3
1.1622831138840004,2,0,1,3,22.96,26.515,94,15.0013,2012,5,15,1,5
1.9867187683398329,1,0,1,1,23.78,27.275,43,12.998,2012,2,1,2,17
2.0203587773573926,4,0,1,1,20.5,24.24,68,6.0032,2012,12,3,0,18
1.9683836306012874,4,0,1,1,13.12,17.425,87,0.0,2011,11,2,2,8
1.1947055233182955,1,0,1,1,3.28,3.03,42,22.0028,2012,1,4,2,0
1.1947055233182955,3,0,1,1,28.7,33.335,84,12.998,2012,9,5,2,2
1.883418917934741,1,0,1,1,13.94,16.665,25,8.9981,2012,2,13,0,19
1.742136743805324,3,0,1,3,29.52,34.09,66,32.9975,2011,8,3,2,6
1.9641780151827253,3,0,1,1,31.16,36.365,70,27.9993,2012,9,4,1,16
1.9872256448383663,1,0,0,1,22.96,26.515,64,6.0032,2012,3,18,6,17
1.9526548067783356,3,0,0,1,30.34,34.85,70,26.0027,2012,9,8,5,10
1.7144962229206409,4,0,1,3,12.3,13.635,75,26.0027,2012,11,13,1,10
1.6942663054703442,4,0,1,2,19.68,23.485,77,6.0032,2012,10,9,1,23
1.6313704001963978,1,0,1,1,22.14,25.76,49,8.9981,2012,3,15,3,0
1.7694345201285457,1,0,1,1,15.58,19.695,37,12.998,2012,2,17,4,21
1.5224670302876946,2,0,0,2,18.04,21.97,77,19.0012,2011,4,16,5,23
1.026672031199051,1,0,1,3,9.02,13.635,55,0.0,2011,1,7,4,5
1.7182404735813999,4,0,0,1,8.2,10.605,75,11.0014,2011,12,17,5,21
1.9752733740725503,4,0,1,1,17.22,21.21,44,7.0015,2012,11,9,4,18
1.935800524776163,4,0,1,1,9.02,11.365,44,12.998,2011,11,18,4,8
0.7412763113750153,1,0,1,2,18.04,21.97,51,32.9975,2012,1,18,2,2
1.8329451460953283,4,0,1,1,20.5,24.24,77,6.0032,2012,10,19,4,22
1.3973634811730353,2,0,1,2,18.04,21.97,77,8.9981,2011,5,2,0,5
1.8615532204780585,4,0,1,1,13.94,17.425,46,7.0015,2011,12,1,3,19
1.8649047698246697,4,0,1,1,18.04,21.97,18,27.9993,2012,11,8,3,15
1.74525954872198,2,0,1,1,25.42,30.305,65,6.0032,2011,5,16,0,10
1.7745861482661287,3,0,0,1,27.06,30.305,78,12.998,2011,8,6,5,0
1.7890235001604364,2,0,1,1,36.9,40.91,37,16.9979,2011,6,1,2,14
1.85601087126303,3,0,1,2,25.42,28.79,83,7.0015,2011,9,2,4,9
1.8642411184013048,3,0,1,1,27.06,31.06,50,12.998,2012,9,12,2,11
0.8697416861919438,2,0,1,1,27.06,31.06,41,12.998,2011,6,2,3,4
1.6495606454510718,1,0,0,1,18.86,22.725,55,27.9993,2012,1,1,6,22
1.496434016604423,1,0,1,3,13.12,15.91,81,12.998,2012,2,16,3,14
1.9859544370585949,3,0,1,1,28.7,31.82,28,8.9981,2012,9,11,1,16
1.7373263784001205,4,0,0,1,8.2,12.88,59,0.0,2011,12,11,6,9
1.7599564649868773,1,0,1,2,13.12,16.665,66,6.0032,2012,2,10,4,21
1.8487473895449305,3,0,1,1,31.16,34.85,55,16.9979,2011,8,5,4,15
1.775845981748474,4,0,0,1,17.22,21.21,71,12.998,2012,11,11,6,22
1.798970923559588,4,0,1,3,22.14,25.76,94,0.0,2012,10,19,4,7
2.0299077797724374,2,0,1,1,27.06,31.06,41,19.9995,2012,4,4,2,17
1.7356879059276584,1,0,0,2,18.86,22.725,72,19.0012,2011,1,1,5,14
1.873866006687491,2,0,1,1,26.24,31.06,29,7.0015,2011,6,3,4,21
2.049035772339891,3,0,1,2,31.98,36.365,55,11.0014,2012,8,8,2,18
1.4660765372061442,4,0,0,2,13.94,17.425,87,6.0032,2012,12,16,6,7
1.5284269505599697,1,0,0,1,4.92,6.06,54,15.0013,2012,1,15,6,8
1.700619000072578,4,0,1,3,18.86,22.725,100,11.0014,2011,12,6,1,22
1.496434016604423,2,0,1,1,27.06,31.06,39,15.0013,2011,6,2,3,5
1.1247482629090362,4,0,1,2,13.12,16.665,70,8.9981,2011,12,15,3,2
1.7783332269022314,4,0,1,1,13.12,15.15,70,16.9979,2011,12,9,4,11
1.9543208505321603,3,0,1,1,35.26,37.88,34,11.0014,2012,7,17,1,20
2.0146739475705795,4,0,1,2,14.76,16.665,66,19.9995,2012,11,19,0,8
1.700619000072578,1,0,1,1,5.74,6.06,50,22.0028,2011,2,3,3,7
1.77073964639405,1,0,1,1,12.3,13.635,42,31.0009,2012,1,18,2,13
1.797899348601363,4,0,1,3,22.14,25.76,60,15.0013,2011,11,15,1,13
1.5451936315479267,1,1,0,2,9.02,10.605,44,19.0012,2012,1,2,0,22
1.2484412575662103,3,0,1,1,21.32,25.0,72,6.0032,2012,9,12,2,2
1.7585509609170316,1,0,1,2,17.22,21.21,54,19.9995,2011,3,16,2,20
1.1947055233182955,4,0,1,2,14.76,16.665,81,26.0027,2012,11,13,1,4
1.026672031199051,1,0,1,1,5.74,7.575,50,11.0014,2012,1,19,3,1
1.8991438268879295,3,0,0,1,27.06,31.06,65,19.0012,2012,8,18,5,9
1.8112342343546721,3,0,1,1,33.62,37.12,41,0.0,2011,8,1,0,9
1.5996388013001026,2,0,1,2,12.3,13.635,93,19.9995,2011,4,8,4,22
2.0052708158031436,2,0,1,1,22.96,26.515,88,0.0,2012,5,4,4,8
1.6437209301888343,1,0,1,3,13.94,15.91,71,16.9979,2012,2,16,3,13
1.503300998004841,3,0,1,1,27.88,31.82,61,6.0032,2011,8,10,2,5
2.025962863996416,3,0,1,2,35.26,37.12,30,11.0014,2012,7,3,1,17
1.4395687003478856,4,0,0,1,16.4,20.455,82,11.0014,2012,10,14,6,6
1.946817331669524,4,0,0,1,16.4,20.455,69,7.0015,2012,11,11,6,10
1.875710366758475,2,0,1,1,31.16,35.605,62,7.0015,2011,6,10,4,20
1.6985302777514544,1,0,1,1,4.92,6.82,54,11.0014,2012,1,19,3,6
1.6144954397020792,1,0,1,1,12.3,14.395,49,15.0013,2011,3,8,1,22
1.8787285104503608,1,0,0,2,11.48,13.635,52,16.9979,2012,2,19,6,12
1.7236894193081456,1,0,1,2,14.76,18.94,23,0.0,2011,3,8,1,12
1.873866006687491,4,1,0,1,15.58,19.695,37,31.0009,2011,11,11,4,14
2.0534294646538025,3,0,1,1,23.78,27.275,40,19.0012,2012,9,19,2,18
1.4196068415100236,4,0,0,1,17.22,21.21,94,0.0,2011,10,8,5,6
2.013056087870876,2,0,1,1,21.32,25.0,23,27.9993,2012,4,6,4,17
1.5957092304038698,1,0,1,1,8.2,11.365,29,6.0032,2011,3,3,3,11
1.9061066457543656,4,0,1,2,20.5,24.24,63,15.0013,2012,12,4,1,20
1.5224670302876946,3,0,0,1,32.8,38.635,59,7.0015,2012,7,8,6,3
1.8991438268879295,3,0,0,1,30.34,34.85,66,11.0014,2011,8,14,6,16
1.6710010327416251,1,0,1,1,7.38,6.82,37,35.0008,2012,1,3,1,12
1.327761429538331,1,0,1,1,9.84,14.395,65,0.0,2011,2,7,0,0
1.870734136494135,4,0,0,1,12.3,16.665,28,0.0,2011,12,11,6,14
1.1247482629090362,3,0,0,1,23.78,27.275,94,6.0032,2011,9,10,5,4
1.928696117898278,4,0,0,1,16.4,20.455,66,15.0013,2011,12,4,6,13
1.7720331658588133,2,0,0,1,27.06,31.06,74,7.0015,2011,6,11,5,23
0.8697416861919438,2,0,1,1,24.6,29.545,73,16.9979,2012,5,17,3,3
1.827827111719085,1,0,1,2,8.2,11.365,40,7.0015,2012,1,4,2,19
1.886830523322648,2,0,1,1,20.5,24.24,31,7.0015,2012,4,5,3,15
1.804210600378433,1,0,1,2,13.94,14.395,36,32.9975,2012,3,9,4,10
1.8216068302034107,3,0,1,2,24.6,30.305,60,0.0,2011,9,19,0,13
1.8487473895449305,3,0,1,1,35.26,37.12,30,0.0,2012,7,6,4,10
1.9665988343400544,4,0,1,1,13.12,16.665,42,7.0015,2012,12,13,3,18
1.3852268599316875,4,0,1,1,13.12,17.425,87,0.0,2011,11,2,2,0
1.748318097194945,4,0,1,2,18.04,21.97,100,12.998,2011,12,6,1,21
1.6606403793348095,2,0,1,3,14.76,17.425,100,15.0013,2011,4,13,2,7
1.4298455472897516,2,0,1,1,22.96,26.515,94,8.9981,2011,6,17,4,1
1.7599564649868773,3,0,0,1,29.52,35.605,84,12.998,2012,8,4,5,1
1.6551961525056738,2,0,0,1,29.52,33.335,58,12.998,2011,6,11,5,7
1.781985597277665,4,0,0,1,20.5,24.24,31,23.9994,2011,11,13,6,20
1.7182404735813999,3,0,1,1,26.24,28.79,89,8.9981,2012,9,7,4,0
0.7412763113750153,1,0,0,3,17.22,21.21,77,19.9995,2011,1,2,6,6
1.5996388013001026,4,0,1,3,16.4,20.455,94,19.9995,2011,12,7,2,18
1.327761429538331,4,0,1,2,18.04,21.97,94,8.9981,2012,12,18,1,1
1.7356879059276584,2,0,1,1,11.48,14.395,56,7.0015,2012,4,11,2,6
1.372306733580753,1,0,1,1,5.74,7.575,59,11.0014,2011,1,10,0,23
1.1947055233182955,2,0,1,1,18.86,22.725,94,19.0012,2011,4,11,0,2
1.8970839874548464,1,0,1,2,12.3,15.15,70,8.9981,2012,2,16,3,7
1.9644832377931056,2,0,0,1,27.06,31.06,69,16.9979,2011,5,15,6,15
1.8907020599217577,3,0,0,2,26.24,30.305,65,0.0,2012,8,19,6,15
1.9307098989760174,2,0,1,1,26.24,31.06,31,23.9994,2011,4,18,0,18
2.0176487313006515,2,0,1,1,27.88,31.82,65,7.0015,2012,5,15,1,17
1.9683836306012874,1,0,1,1,26.24,31.06,33,11.0014,2012,3,14,2,19
0.7412763113750153,4,0,1,1,9.02,11.365,55,12.998,2012,12,6,3,3
1.8378799982871266,2,0,1,1,21.32,25.0,34,23.9994,2011,5,5,3,12
1.6684735252826461,3,0,0,1,27.06,29.545,89,0.0,2012,9,2,6,1
1.8588105191644075,2,0,1,1,25.42,31.06,46,23.9994,2011,6,13,0,9
1.9436126948827355,2,0,0,2,30.34,34.09,55,6.0032,2011,6,19,6,12
1.8260781474077188,1,0,1,1,10.66,12.88,48,12.998,2011,1,4,1,18
1.700619000072578,1,0,0,1,7.38,7.575,37,27.9993,2012,2,12,6,17
1.977486115075459,4,0,0,1,18.86,22.725,59,8.9981,2012,11,11,6,11
1.832105201899316,3,0,1,2,26.24,30.305,65,19.0012,2011,9,15,3,13
2.0176487313006515,2,0,0,1,27.88,31.82,36,22.0028,2012,6,3,6,14
1.9299082210139993,3,0,0,1,29.52,34.09,62,16.9979,2011,9,10,5,11
1.1247482629090362,3,0,1,1,26.24,29.545,78,8.9981,2011,8,5,4,4
2.034403428784452,3,0,1,1,37.72,40.91,29,0.0,2012,7,17,1,17
1.1622831138840004,4,0,0,1,9.02,11.365,75,8.9981,2011,12,3,5,4
1.5341940066777084,3,0,1,2,21.32,25.0,72,11.0014,2011,9,19,0,0
1.2711498482847257,3,0,0,1,25.42,30.305,69,12.998,2011,9,3,5,5
1.867527001142399,3,0,0,2,31.16,35.605,58,12.998,2012,9,1,5,9
1.781985597277665,4,0,1,1,11.48,15.15,61,6.0032,2011,12,8,3,21
1.8857031067251113,4,0,1,2,15.58,19.695,54,8.9981,2012,11,1,3,21
1.7236894193081456,4,0,0,2,18.04,21.97,77,15.0013,2012,12,2,6,21
1.4741440143630178,3,0,0,1,21.32,25.0,77,16.9979,2012,9,9,6,4
1.8337800047354695,4,0,1,2,9.84,12.12,60,8.9981,2012,12,6,3,21
1.2711498482847257,4,0,1,1,9.84,10.605,60,19.9995,2012,11,14,2,1
2.0302598564247076,1,0,1,1,27.06,31.06,44,19.0012,2012,3,15,3,18
1.983631976212856,3,0,1,1,35.26,38.635,39,11.0014,2011,8,8,0,17
1.8862680216940895,4,0,1,1,21.32,25.0,68,11.0014,2012,12,3,0,12
1.781985597277665,1,0,1,1,19.68,23.485,59,22.0028,2011,2,17,3,20
1.7640939343176614,2,0,0,1,24.6,31.06,46,6.0032,2011,6,4,5,8
1.223156202527103,2,0,0,1,25.42,29.545,78,6.0032,2012,6,10,6,4
2.03389351856218,3,0,1,1,32.8,38.635,59,15.0013,2012,8,2,3,18
1.7026798402849839,1,0,1,2,13.12,16.665,70,7.0015,2011,2,7,0,20
1.2484412575662103,3,0,1,1,27.06,31.06,74,7.0015,2012,8,15,2,3
1.9509661221302974,1,0,0,1,23.78,27.275,64,19.0012,2012,3,17,5,19
1.6807250824647135,4,0,0,3,14.76,18.18,93,7.0015,2012,12,9,6,22
1.68988188256892,1,0,1,1,18.86,22.725,28,27.9993,2011,2,16,2,14
1.9373264503987613,3,0,1,1,26.24,12.12,73,7.0015,2012,8,17,4,7
1.7901636276798083,2,0,1,2,32.8,36.365,43,19.0012,2011,6,7,1,14
1.7467966996992919,2,0,1,1,22.14,25.76,56,19.9995,2011,6,14,1,6
1.5957092304038698,4,0,0,1,10.66,13.635,65,7.0015,2012,11,4,6,7
1.886830523322648,3,0,0,1,33.62,41.665,63,0.0,2011,8,7,6,11
1.7946353028541102,3,0,1,3,27.88,31.82,79,0.0,2011,8,3,2,16
1.8160445966634724,4,0,1,3,24.6,29.545,73,7.0015,2011,10,11,1,14
1.6710010327416251,2,0,0,2,25.42,31.06,57,15.0013,2012,5,13,6,23
1.4298455472897516,1,0,1,1,19.68,23.485,82,7.0015,2012,3,19,0,0
1.2711498482847257,2,0,0,2,13.94,17.425,81,6.0032,2012,4,1,6,4
1.8912459334298568,4,0,0,1,19.68,23.485,55,8.9981,2012,11,11,6,19
0.7412763113750153,1,0,1,1,2.46,3.79,45,8.9981,2011,2,9,2,3
1.8885037407137346,1,0,0,2,12.3,14.395,56,16.9979,2012,2,5,6,15
1.85601087126303,3,0,0,1,29.52,33.335,51,6.0032,2012,8,12,6,21
2.0359198019168927,2,0,1,1,26.24,30.305,23,16.9979,2012,5,11,4,17
1.9904693499688613,3,0,0,1,30.34,32.575,37,11.0014,2012,8,18,5,18
1.579009137828587,2,0,0,1,20.5,24.24,63,7.0015,2012,4,15,6,7
1.5224670302876946,1,0,0,2,9.02,11.365,93,11.0014,2012,2,19,6,23
1.8402825130491083,3,0,1,2,32.8,39.395,63,8.9981,2011,7,19,1,9
1.7218947624700471,2,0,1,3,20.5,24.24,77,23.9994,2012,5,9,2,19
1.6853704905634923,4,0,1,2,18.86,22.725,94,7.0015,2011,11,15,1,23
1.223156202527103,4,0,1,1,10.66,11.365,44,22.0028,2011,11,18,4,1
1.607232291151654,3,0,1,1,29.52,33.335,54,0.0,2012,7,3,1,0
1.5451936315479267,4,0,0,2,14.76,18.18,100,6.0032,2012,12,8,5,7
1.026672031199051,3,0,1,1,20.5,24.24,72,6.0032,2012,9,12,2,4
1.7542520263946595,2,0,0,1,20.5,24.24,36,15.0013,2012,4,8,6,22
1.932298189261516,2,0,1,1,25.42,30.305,65,11.0014,2012,6,15,4,9
1.6437209301888343,1,0,1,1,2.46,5.305,45,0.0,2012,1,4,2,10
1.884565958136911,3,0,1,1,35.26,38.635,39,15.0013,2011,7,7,3,16
1.965696607064784,3,0,1,1,29.52,34.85,79,8.9981,2011,7,13,2,18
0.9591348389208239,1,0,0,3,9.02,12.88,93,6.0032,2011,2,5,5,7
1.2484412575662103,4,0,1,1,18.04,21.97,47,12.998,2012,10,11,3,1
1.992422841227893,3,0,1,1,34.44,37.88,44,19.9995,2011,7,7,3,18
1.496434016604423,2,0,0,1,18.86,22.725,72,6.0032,2011,5,8,6,3
1.755698992678211,1,0,0,1,18.04,21.97,18,32.9975,2011,2,19,5,12
1.637662762520353,4,0,0,1,13.12,15.15,45,19.9995,2011,11,5,5,1
2.017844396873156,4,0,1,1,9.84,11.365,60,12.998,2012,12,13,3,8
1.7667886546960463,3,0,1,1,22.96,26.515,68,7.0015,2012,9,12,2,23
1.503300998004841,3,0,0,1,25.42,30.305,69,7.0015,2011,7,2,5,6
1.988733607234547,3,0,0,1,35.26,39.395,40,23.9994,2012,8,4,5,12
1.8052356503890232,3,0,0,3,27.06,29.545,89,27.9993,2012,8,11,5,20
1.949941799623649,4,0,1,1,20.5,24.24,72,8.9981,2012,10,17,2,20
1.8426436266120914,2,0,1,3,22.96,26.515,83,16.9979,2011,5,18,2,9
1.9006676027900098,4,0,0,2,14.76,17.425,87,8.9981,2012,12,16,6,11
2.0201672674640334,4,0,1,1,11.48,12.88,56,19.9995,2012,11,14,2,8
1.993387792889887,3,1,0,2,31.16,36.365,66,16.9979,2012,9,3,0,13
1.9338667840812656,4,1,0,3,17.22,21.21,58,12.998,2012,10,8,0,15
1.8234126545313947,2,0,0,1,15.58,19.695,54,12.998,2011,4,2,5,18
1.372306733580753,1,0,0,2,18.04,21.97,88,8.9981,2012,3,18,6,3
1.026672031199051,2,0,1,1,13.12,15.15,61,16.9979,2012,4,12,3,3
1.9377050613615177,3,0,1,2,28.7,32.575,54,0.0,2012,7,13,4,7
1.712589050021264,3,0,0,1,30.34,34.85,70,8.9981,2012,7,1,6,1
1.8879483638033878,2,0,1,1,22.14,25.76,37,26.0027,2012,5,10,3,15
1.9085054025106725,2,0,0,1,31.16,35.605,58,6.0032,2011,6,12,6,10
1.844195357303668,2,0,1,1,30.34,34.09,62,19.0012,2011,6,17,4,13
1.9509661221302974,2,0,0,1,28.7,32.575,54,0.0,2011,6,5,6,15
1.9089798563370792,3,0,0,1,39.36,45.455,36,11.0014,2012,7,8,6,14
1.4087998161504007,4,0,0,2,13.12,15.91,49,12.998,2012,11,3,5,6
1.3105061862047918,1,0,1,1,0.82,2.275,41,12.998,2012,1,4,2,5
0.7412763113750153,1,0,1,1,10.66,14.395,56,6.0032,2012,2,10,4,4
1.7289490519659823,1,0,0,1,9.02,13.635,87,0.0,2012,2,18,5,8
1.9070714954756425,2,0,1,1,27.06,31.06,24,22.0028,2012,4,17,1,15
1.791294740218941,2,0,1,1,29.52,34.09,62,11.0014,2012,6,11,0,10
1.9140867590359603,4,0,1,1,23.78,27.275,49,12.998,2011,10,6,3,16
1.781985597277665,1,0,1,1,22.14,25.76,19,22.0028,2011,3,2,2,16
1.0804178182729878,2,0,1,1,17.22,21.21,94,0.0,2011,5,12,3,4
1.579009137828587,4,0,0,1,9.84,12.88,65,6.0032,2011,11,12,5,2
1.496434016604423,3,0,1,1,26.24,30.305,69,7.0015,2011,8,16,1,0
0.9591348389208239,1,0,1,1,9.02,12.12,64,7.0015,2012,1,9,0,4
1.8601888513706977,1,0,0,2,10.66,11.365,56,22.0028,2012,2,19,6,11
1.637662762520353,1,0,0,2,17.22,21.21,100,15.0013,2011,3,6,6,11
1.4298455472897516,2,0,1,3,21.32,25.0,83,8.9981,2012,6,18,0,5
0.9591348389208239,1,1,0,3,6.56,6.82,86,19.0012,2011,1,17,0,23
1.9245701304885587,3,0,1,1,28.7,32.575,70,12.998,2011,7,18,0,8
1.3973634811730353,1,0,0,2,6.56,9.85,59,6.0032,2011,1,15,5,1
1.9113263030116563,3,0,1,1,25.42,30.305,65,7.0015,2012,9,13,3,21
1.9727350380661053,1,0,1,1,17.22,21.21,38,12.998,2012,2,15,2,17
1.934255909204192,4,0,1,1,12.3,14.395,56,15.0013,2012,11,6,1,19
1.8494914839851704,2,0,0,1,22.96,26.515,28,27.9993,2012,4,8,6,20
1.0804178182729878,3,1,0,2,27.06,31.06,74,11.0014,2011,9,5,0,5
1.3105061862047918,3,0,1,2,25.42,27.275,94,8.9981,2011,9,9,4,5
1.1247482629090362,4,0,1,2,16.4,20.455,87,8.9981,2012,12,4,1,4
1.4196068415100236,1,0,0,2,17.22,21.21,100,19.0012,2011,3,6,6,9
1.9189984754722385,1,0,0,1,14.76,15.91,32,35.0008,2012,3,4,6,15
1.8991438268879295,4,0,1,1,17.22,21.21,41,23.9994,2012,11,2,4,12
1.9181193208376597,4,0,1,1,12.3,13.635,52,26.0027,2012,11,14,2,9
0.5265890341390445,1,0,1,1,8.2,12.88,86,0.0,2011,2,7,0,3
2.0385673564544904,3,0,1,1,31.16,34.09,43,15.0013,2012,7,12,3,17
1.6734888160092363,2,0,1,2,23.78,27.275,78,7.0015,2012,5,14,0,23
1.742136743805324,2,0,0,1,29.52,33.335,58,7.0015,2012,6,10,6,23
1.5341940066777084,4,0,1,1,22.14,25.76,56,22.0028,2011,10,17,0,0
1.8304098214920528,2,0,1,1,25.42,30.305,69,15.0013,2011,5,2,0,12
1.6551961525056738,1,0,1,1,9.02,9.85,44,22.0028,2011,1,12,2,16
1.795731656444039,4,0,1,2,15.58,19.695,54,6.0032,2011,12,14,2,14
1.9509661221302974,4,0,1,1,15.58,19.695,54,12.998,2012,12,14,4,16
1.6144954397020792,2,0,0,2,15.58,19.695,94,6.0032,2011,4,10,6,8
0.5265890341390445,1,0,1,1,8.2,7.575,80,35.0008,2011,3,7,0,4
1.9916940006601098,2,0,0,1,26.24,31.06,36,11.0014,2012,5,12,5,12
1.607232291151654,4,1,0,1,20.5,24.24,94,0.0,2011,10,10,0,0
1.6759380249901916,1,0,1,2,6.56,7.575,86,15.0013,2011,1,11,1,16
1.867527001142399,1,0,0,2,13.12,15.91,45,12.998,2012,2,19,6,14
1.893931943123261,4,0,1,1,14.76,16.665,40,16.9979,2012,12,13,3,12
1.939953111519832,3,1,0,2,31.16,34.85,55,7.0015,2011,7,4,0,20
1.887390630978784,1,0,0,1,12.3,16.665,70,0.0,2012,2,4,5,11
1.5916858743493758,4,0,0,1,9.02,11.365,75,12.998,2011,12,18,6,22
1.783182776049518,3,1,0,1,26.24,28.79,83,8.9981,2011,7,4,0,0
1.8464903775306214,2,0,1,1,24.6,31.06,49,0.0,2011,6,15,2,9
2.0112090454763987,4,0,1,2,12.3,14.395,61,15.0013,2012,11,15,3,8
1.7087018253879918,1,0,0,1,15.58,19.695,40,19.0012,2012,1,8,6,0
1.8487473895449305,4,0,1,2,16.4,20.455,87,8.9981,2012,12,17,0,13
1.8885037407137346,2,0,1,2,23.78,27.275,46,8.9981,2012,6,5,1,15
1.8269553882413483,1,0,1,1,17.22,21.21,77,11.0014,2012,1,12,3,13
1.8251953231790878,3,0,0,2,24.6,28.03,83,11.0014,2012,9,8,5,21
1.7946353028541102,1,0,1,1,18.04,21.97,44,15.0013,2012,3,12,0,11
0.9591348389208239,4,1,0,1,16.4,20.455,76,8.9981,2012,11,12,0,3
1.9065899701401223,2,0,1,1,18.04,21.97,33,19.9995,2012,4,11,2,16
1.8545889886375557,4,0,1,2,16.4,20.455,76,7.0015,2011,10,3,0,16
1.6495606454510718,4,0,0,3,14.76,18.18,87,7.0015,2011,10,1,5,20
1.881679452127038,2,0,1,2,17.22,21.21,77,7.0015,2012,4,18,2,20
0.7412763113750153,2,0,0,1,13.12,15.91,33,11.0014,2012,4,7,5,5
1.9735870328878404,2,0,1,1,19.68,23.485,29,26.0027,2012,4,6,4,14
1.8896075013631948,1,0,0,2,11.48,13.635,61,11.0014,2012,2,5,6,13
1.3437034446606386,2,0,1,2,22.14,25.76,68,8.9981,2011,4,12,1,5
1.8169871572575529,3,0,1,1,35.26,41.665,53,7.0015,2011,7,19,1,13
1.9546513926697417,3,0,0,1,31.16,34.09,45,22.0028,2011,7,16,5,15
1.8933991317302272,1,0,1,1,18.86,22.725,67,12.998,2012,1,12,3,16
1.63454690370149,2,0,1,1,16.4,20.455,43,0.0,2012,4,6,4,0
1.9523188996492962,3,0,1,1,28.7,33.335,74,7.0015,2012,8,3,4,7
1.7613486395430595,1,0,1,1,22.14,25.76,34,15.0013,2011,2,17,3,13
0.9591348389208239,4,0,1,1,13.12,16.665,81,6.0032,2011,11,3,3,4
1.6144954397020792,4,0,1,1,13.94,15.15,49,22.0028,2012,11,9,4,0
1.4087998161504007,2,0,0,2,16.4,20.455,82,27.9993,2011,4,16,5,7
1.9763847732858002,3,0,0,1,30.34,35.605,74,0.0,2012,9,2,6,18
1.894462592869453,1,0,1,1,28.7,31.82,24,0.0,2012,3,14,2,15
1.7182404735813999,3,0,1,1,27.88,31.82,74,12.998,2011,8,1,0,23
1.8251953231790878,2,0,1,1,27.88,31.82,69,16.9979,2011,6,17,4,11
1.836254638743768,4,0,0,1,9.84,14.395,44,0.0,2011,12,11,6,10
1.8354346948604652,3,0,0,1,28.7,33.335,84,7.0015,2012,8,5,6,20
1.6281310150671582,1,0,0,1,7.38,9.85,59,11.0014,2011,1,15,5,10
1.8775294779444245,1,0,1,2,13.12,15.91,93,0.0,2011,3,16,2,8
1.2917246727283112,2,0,1,1,19.68,23.485,27,22.0028,2012,4,5,3,1
1.4196068415100236,3,0,1,3,22.96,26.515,94,0.0,2011,9,7,2,12
1.8595014474498321,1,0,1,2,14.76,16.665,62,19.9995,2011,3,15,1,18
1.4395687003478856,2,0,0,1,10.66,13.635,70,8.9981,2011,4,3,6,2
1.7437063358613225,3,0,1,1,28.7,32.575,58,26.0027,2011,8,16,1,10
1.8862680216940895,4,0,0,1,12.3,16.665,31,0.0,2011,12,11,6,13
1.6579414149579819,1,0,0,1,12.3,14.395,52,15.0013,2012,2,5,6,19
1.63454690370149,4,0,1,2,18.86,22.725,100,8.9981,2011,11,16,2,14
1.1247482629090362,3,0,1,3,28.7,33.335,84,19.0012,2012,8,10,4,4
1.4576463830228739,3,0,1,2,22.96,26.515,68,19.0012,2012,9,19,2,0
1.223156202527103,1,0,0,1,18.04,21.97,44,27.9993,2011,3,19,5,6
1.223156202527103,3,0,0,1,23.78,27.275,78,6.0032,2011,7,16,5,5
1.9509661221302974,3,0,1,1,35.26,38.635,39,16.9979,2012,8,9,3,16
1.4087998161504007,3,0,0,3,25.42,28.79,83,11.0014,2012,8,11,5,3
0.8697416861919438,1,0,1,2,8.2,9.09,86,22.0028,2011,1,18,1,12
1.6144954397020792,4,0,1,3,18.86,22.725,100,15.0013,2011,12,6,1,12
1.8581160323277108,4,0,0,2,19.68,23.485,67,19.0012,2012,10,14,6,9
1.6759380249901916,1,0,0,3,13.94,16.665,71,11.0014,2011,1,2,6,16
1.765447506801529,1,0,1,1,15.58,19.695,50,16.9979,2012,3,1,3,22
1.7340313214932865,4,0,1,2,9.02,12.12,69,7.0015,2011,12,12,0,10
1.6659050929776016,1,0,0,2,18.04,21.97,72,22.0028,2011,3,5,5,21
1.8781303494314965,4,0,1,2,21.32,25.0,63,11.0014,2012,10,9,1,15
1.8169871572575529,1,0,1,1,9.02,11.365,51,11.0014,2011,1,6,3,17
1.9976363861196942,4,0,1,2,17.22,21.21,100,16.9979,2012,12,10,0,8
1.7935304491330344,4,0,0,1,11.48,12.88,61,19.0012,2011,12,10,5,9
1.8917875600189848,3,0,1,2,31.16,36.365,66,12.998,2012,8,3,4,21
1.7389471062414084,3,0,1,1,30.34,32.575,37,6.0032,2011,8,10,2,23
1.9799282401219198,4,0,1,2,22.96,26.515,68,19.9995,2012,10,18,3,19
1.85601087126303,1,0,0,1,9.02,10.605,44,19.0012,2012,1,14,5,13
0.7412763113750153,3,0,1,3,25.42,27.275,94,0.0,2011,9,8,3,3
1.7935304491330344,3,0,0,3,26.24,30.305,73,0.0,2012,8,19,6,14
1.8615532204780585,4,0,1,1,13.94,18.18,87,0.0,2011,11,2,2,9
1.8574179522647456,2,0,0,2,14.76,18.94,81,0.0,2011,4,9,5,13
1.448822238365871,2,0,1,2,20.5,24.24,88,12.998,2011,5,13,4,5
1.9938673724294378,4,0,0,1,27.06,31.06,39,27.9993,2012,10,14,6,15
1.6281310150671582,4,0,1,1,10.66,13.635,60,8.9981,2011,11,18,4,23
1.8329451460953283,4,0,0,1,20.5,24.24,45,15.0013,2011,10,16,6,9
1.9295054724772276,3,0,0,1,21.32,25.0,72,15.0013,2011,9,17,5,17
1.9163427015318748,4,0,0,1,22.96,26.515,49,30.0026,2011,10,16,6,18
1.4087998161504007,3,0,1,3,22.14,25.76,88,23.9994,2011,9,6,1,5
1.8052356503890232,4,0,0,2,15.58,19.695,94,7.0015,2012,12,8,5,22
1.603478573504849,2,0,1,3,13.94,15.15,93,23.9994,2011,5,4,2,7
1.7968196318819551,4,0,1,1,21.32,25.0,52,11.0014,2011,11,3,3,14
1.2917246727283112,2,0,1,3,22.96,26.515,88,0.0,2011,5,17,1,1
1.9220287795310242,4,0,1,1,18.86,22.725,88,6.0032,2011,10,18,1,7
1.9595065212563594,4,0,0,2,15.58,19.695,66,0.0,2012,12,1,5,16
1.3437034446606386,2,0,1,1,13.94,17.425,81,7.0015,2011,5,6,4,5
2.0237533974669626,4,0,0,2,26.24,31.06,57,35.0008,2012,10,6,5,13
1.68988188256892,2,0,0,2,22.14,25.76,68,11.0014,2012,5,13,6,2
1.9721637202627393,4,0,0,1,25.42,31.06,46,7.0015,2011,10,8,5,13
1.3437034446606386,3,0,1,2,31.98,35.605,52,11.0014,2011,8,3,2,1
1.8260781474077188,4,0,1,1,16.4,20.455,76,0.0,2011,11,8,1,21
1.9417962470942867,2,0,1,1,27.88,31.06,26,19.0012,2011,6,3,4,19
1.4892992254175486,1,0,1,2,6.56,6.82,47,19.0012,2011,1,10,0,11
1.968087962547812,1,0,1,2,7.38,9.85,93,11.0014,2012,1,10,1,8
1.6109034750189168,2,0,1,1,15.58,19.695,76,16.9979,2011,4,7,3,23
1.8160445966634724,2,0,1,3,31.16,34.85,52,0.0,2011,6,9,3,21
1.8839936846137324,4,0,1,1,10.66,14.395,81,6.0032,2011,12,9,4,9
1.9572644719401497,3,0,1,1,27.88,31.82,57,8.9981,2011,9,12,0,19
1.8642411184013048,4,0,1,1,22.14,25.76,88,11.0014,2012,10,19,4,19
1.8394863420693595,4,0,1,2,13.94,15.15,61,22.0028,2011,11,17,3,9
1.865565153838859,3,0,1,1,31.16,35.605,58,6.0032,2012,8,1,2,11
1.5341940066777084,4,0,1,2,12.3,14.395,61,15.0013,2012,11,15,3,5
1.3105061862047918,1,0,0,1,10.66,13.635,87,7.0015,2012,1,1,6,8
2.0107946349110515,2,0,0,1,28.7,31.82,34,0.0,2012,6,3,6,15
1.3973634811730353,4,0,0,1,16.4,20.455,71,0.0,2011,10,15,5,6
1.8553017984487439,4,1,0,1,22.14,25.76,77,0.0,2011,10,10,0,9
1.9485628011601908,3,0,0,1,31.98,37.88,66,19.0012,2011,9,4,6,15
1.4196068415100236,1,0,0,1,4.1,3.03,39,30.0026,2011,1,8,5,23
1.5745651437258248,1,0,1,3,13.12,16.665,76,6.0032,2012,2,16,3,12
1.68988188256892,2,0,1,1,22.14,25.76,32,15.0013,2012,4,17,1,23
1.2917246727283112,2,0,1,2,25.42,31.06,50,6.0032,2011,4,12,1,1
1.8713664243280277,1,0,1,1,22.14,25.76,68,19.0012,2012,3,15,3,21
1.755698992678211,3,0,1,1,27.88,31.82,61,0.0,2011,8,10,2,6
0.7412763113750153,2,0,1,3,16.4,20.455,100,19.9995,2011,4,13,2,2
0.9591348389208239,1,0,1,1,9.02,12.12,69,7.0015,2012,1,6,4,3
1.63454690370149,4,0,1,1,22.96,26.515,64,19.9995,2011,11,14,0,23
1.8896075013631948,2,0,0,1,22.96,26.515,68,8.9981,2012,5,12,5,22
1.5451936315479267,4,0,1,3,26.24,28.79,89,7.0015,2012,10,4,3,5
2.0537164351549677,3,0,1,1,29.52,33.335,51,12.998,2012,9,14,4,17
1.8595014474498321,2,0,1,2,26.24,31.06,61,30.0026,2011,5,3,1,21
1.2711498482847257,1,0,1,2,9.84,12.12,87,8.9981,2012,2,9,3,1
1.6734888160092363,2,0,0,1,23.78,27.275,88,0.0,2012,5,5,5,2
1.8251953231790878,4,0,1,1,16.4,20.455,76,0.0,2011,11,8,1,20
0.5265890341390445,3,0,1,3,22.14,25.76,94,19.9995,2011,9,6,1,3
1.2917246727283112,3,0,1,2,30.34,34.85,66,8.9981,2011,7,19,1,1
1.9758303417089067,4,0,1,2,15.58,19.695,71,7.0015,2012,12,7,4,18
1.6807250824647135,1,0,1,2,13.12,15.91,66,12.998,2011,3,15,1,10
1.8062533133730014,1,0,1,1,17.22,21.21,38,19.9995,2012,3,7,2,11
1.8354346948604652,3,0,0,1,28.7,33.335,84,11.0014,2011,8,14,6,20
1.8574179522647456,2,0,1,1,16.4,20.455,82,0.0,2011,5,6,4,7
1.4660765372061442,4,0,1,1,12.3,16.665,81,0.0,2011,11,2,2,5
1.828693382742085,3,0,1,1,26.24,29.545,78,8.9981,2012,8,1,2,6
1.9070714954756425,4,0,0,3,16.4,20.455,62,15.0013,2011,10,2,6,13
1.880506958839086,2,0,1,3,29.52,34.09,66,19.0012,2012,6,1,4,15
1.8251953231790878,2,0,1,1,22.96,26.515,22,11.0014,2012,4,4,2,22
1.7254630513334037,2,0,0,2,18.86,22.725,82,0.0,2011,5,1,6,22
1.9031681972312866,2,0,1,2,21.32,25.0,88,8.9981,2011,5,13,4,16
1.7405504459900154,2,0,1,2,21.32,25.0,94,11.0014,2011,5,3,1,6
1.223156202527103,3,0,1,1,23.78,27.275,83,7.0015,2011,9,13,1,1
1.5653166550596793,4,0,1,3,22.14,25.76,94,6.0032,2011,10,12,2,22
2.0321774069005953,3,0,0,1,27.06,31.06,47,0.0,2012,9,9,6,12
1.0804178182729878,1,0,1,1,9.84,12.12,48,8.9981,2012,3,5,0,1
1.9380825371667785,3,0,1,1,30.34,34.85,66,7.0015,2012,8,8,2,21
1.8879483638033878,3,0,0,1,32.8,35.605,36,0.0,2011,7,2,5,10
1.8169871572575529,3,0,1,2,22.14,25.76,83,23.9994,2011,9,6,1,7
1.92030598439472,2,0,1,1,22.96,26.515,30,0.0,2011,4,14,3,18
1.797899348601363,3,0,1,1,34.44,40.91,56,6.0032,2011,7,19,1,12
1.9307098989760174,4,0,1,1,15.58,19.695,83,16.9979,2012,10,9,1,7
1.8719957290222062,4,0,1,2,22.14,25.76,64,12.998,2012,10,9,1,14
1.3105061862047918,1,0,1,2,10.66,15.15,60,0.0,2012,2,14,1,0
1.4818766360989102,2,0,0,1,16.4,20.455,62,12.998,2011,4,17,6,2
1.7163798514467992,1,0,0,2,9.84,12.88,87,6.0032,2012,2,4,5,22
1.8062533133730014,3,0,0,1,30.34,35.605,79,11.0014,2012,8,4,5,0
1.6659050929776016,4,0,0,1,6.56,11.365,69,0.0,2011,12,11,6,8
1.9216002545355522,2,0,0,1,23.78,27.275,49,6.0032,2011,5,8,6,11
1.2484412575662103,2,0,1,1,16.4,20.455,56,23.9994,2011,4,4,0,1
1.827827111719085,1,0,1,2,15.58,19.695,46,8.9981,2012,2,14,1,20
0.7412763113750153,1,0,1,1,8.2,9.09,64,19.0012,2011,3,1,1,5
1.7946353028541102,1,0,1,1,13.12,15.91,61,11.0014,2012,2,6,0,12
0.9591348389208239,4,0,0,1,9.02,12.88,75,6.0032,2011,11,12,5,5
1.9080291992562277,1,0,1,2,18.86,22.725,59,11.0014,2011,3,17,3,18
1.7935304491330344,2,0,1,1,36.08,40.91,42,8.9981,2011,6,8,2,12
1.8509675611842284,4,0,1,1,10.66,12.88,41,12.998,2011,11,18,4,9
1.1622831138840004,1,1,0,2,7.38,8.335,43,16.9979,2011,1,17,0,2
1.6214540309583532,1,0,1,3,13.12,15.91,93,11.0014,2012,1,11,2,20
1.223156202527103,1,0,1,1,15.58,19.695,66,11.0014,2011,3,18,4,5
1.847999202156157,4,0,1,1,13.94,16.665,29,8.9981,2011,11,18,4,16
1.5653166550596793,4,0,0,1,9.02,13.635,55,0.0,2011,12,11,6,22
1.7585509609170316,4,1,0,1,11.48,13.635,45,16.9979,2011,11,11,4,7
2.0288450992961247,2,0,1,1,22.96,26.515,24,11.0014,2012,4,13,4,17
1.8781303494314965,2,0,1,3,29.52,34.09,66,19.0012,2012,6,1,4,14
1.9181193208376597,1,0,0,1,14.76,16.665,34,23.9994,2012,3,4,6,14
1.0804178182729878,2,0,1,3,21.32,25.0,94,15.0013,2011,5,18,2,2
1.6466671712706678,4,0,0,1,18.86,22.725,82,0.0,2011,10,8,5,1
1.8986319116885528,4,0,1,1,20.5,24.24,31,7.0015,2012,10,11,3,13
2.0499281657844186,2,0,1,1,27.06,31.06,27,11.0014,2012,5,17,3,18
1.783182776049518,1,0,0,1,5.74,3.79,39,43.0006,2012,2,12,6,12
1.781985597277665,2,0,1,2,26.24,30.305,69,27.9993,2011,4,11,0,13
1.8370697219086884,1,0,1,2,7.38,9.85,93,11.0014,2012,1,10,1,9
1.6659050929776016,4,0,1,1,13.94,18.18,87,0.0,2011,11,1,1,23
2.0491849900513173,3,0,1,1,31.16,36.365,66,16.9979,2012,9,5,2,17
1.9635652888016641,4,0,1,1,13.12,17.425,93,0.0,2011,11,9,2,8
1.8160445966634724,1,0,1,1,17.22,21.21,41,15.0013,2012,2,15,2,15
1.6985302777514544,2,0,1,1,23.78,27.275,49,19.9995,2012,6,4,0,23
1.7627277196400848,3,0,1,1,31.98,35.605,52,15.0013,2011,9,14,2,14
1.5504460211620947,3,0,1,1,20.5,24.24,72,16.9979,2012,9,10,0,5
1.8472468792313919,4,1,0,1,13.94,15.91,39,16.9979,2011,11,11,4,18
1.798970923559588,1,0,1,1,5.74,6.06,50,19.0012,2011,1,3,0,8
1.9108604173712915,2,0,0,1,30.34,32.575,40,12.998,2012,6,9,5,21
1.6659050929776016,3,0,1,1,30.34,34.85,66,7.0015,2011,8,8,0,23
1.026672031199051,2,0,1,2,25.42,31.06,53,19.0012,2012,6,14,3,3
1.8955174731725755,4,0,0,2,15.58,19.695,87,19.0012,2012,12,9,6,13
1.2484412575662103,4,0,1,3,14.76,15.91,87,30.0026,2012,11,13,1,2
1.9796593058335408,3,0,1,1,26.24,30.305,73,8.9981,2012,7,12,3,7
1.9001616577562157,4,0,1,1,22.96,26.515,52,0.0,2011,10,7,4,19
1.926236627583198,4,0,1,1,13.94,17.425,53,7.0015,2012,11,16,4,9
1.938834108912874,3,0,0,1,33.62,35.605,30,19.0012,2011,7,2,5,18
1.9099235639500813,4,0,0,2,18.04,21.97,67,0.0,2012,10,7,6,14
1.7200786095266942,1,0,1,1,5.74,9.09,31,6.0032,2011,2,10,3,20
1.223156202527103,4,0,1,1,10.66,12.12,60,19.0012,2011,12,1,3,1
1.9454031760832335,2,0,1,1,18.04,21.97,72,19.9995,2012,5,10,3,7
0.5265890341390445,2,0,1,1,15.58,19.695,43,19.0012,2012,4,5,3,4
1.8346098354356497,1,0,0,1,12.3,13.635,49,22.0028,2012,3,4,6,10
1.448822238365871,1,0,0,3,13.94,15.15,100,19.9995,2011,3,6,6,17
1.2484412575662103,3,0,1,2,29.52,34.85,74,8.9981,2012,8,6,0,4
1.3105061862047918,1,0,1,2,9.02,11.365,47,12.998,2012,1,5,3,0
1.8970839874548464,3,0,1,2,31.16,34.09,45,8.9981,2012,7,13,4,11
1.9245701304885587,4,0,0,1,22.14,25.76,45,16.9979,2011,10,16,6,10
1.7163798514467992,1,0,1,2,18.04,21.97,72,15.0013,2011,2,18,4,10
1.85601087126303,4,0,1,2,7.38,10.605,74,6.0032,2011,12,12,0,9
0.7412763113750153,2,0,1,1,17.22,21.21,62,16.9979,2011,5,10,1,4
0.9591348389208239,2,0,1,1,25.42,30.305,69,8.9981,2011,6,7,1,1
1.879323983956676,4,0,0,2,11.48,13.635,89,11.0014,2012,12,1,5,10
2.0505192396434,3,0,1,1,31.16,34.09,48,8.9981,2012,7,9,0,18
1.742136743805324,3,0,0,3,31.98,35.605,52,11.0014,2012,7,1,6,23
1.4576463830228739,4,0,1,1,19.68,23.485,44,26.0027,2011,12,16,4,5
1.83126011355907,3,0,1,1,30.34,34.85,66,0.0,2011,9,9,4,15
1.5451936315479267,1,0,1,1,6.56,6.82,43,23.9994,2011,2,3,3,6
1.1247482629090362,4,0,1,3,14.76,17.425,87,11.0014,2012,10,9,1,4
1.934255909204192,4,0,1,1,22.96,26.515,37,31.0009,2012,10,12,4,14
1.9016736242907473,3,0,0,1,28.7,33.335,74,8.9981,2011,9,4,6,10
1.5224670302876946,2,0,1,2,24.6,28.79,78,11.0014,2012,6,19,1,0
0.9591348389208239,3,0,0,1,26.24,28.79,83,11.0014,2011,9,4,6,4
1.8681746132307353,3,1,0,2,29.52,34.09,66,6.0032,2011,7,4,0,9
1.5875644833216505,4,0,0,1,16.4,20.455,62,8.9981,2011,10,16,6,7
1.448822238365871,3,0,1,3,24.6,25.76,93,0.0,2011,9,7,2,14
1.883418917934741,3,0,1,1,30.34,33.335,45,0.0,2012,7,13,4,22
1.7373263784001205,1,0,1,2,12.3,16.665,56,0.0,2012,2,9,3,22
1.7946353028541102,3,0,1,1,36.9,40.15,31,19.9995,2011,8,1,0,13
2.0274129059095127,3,0,1,1,34.44,36.365,32,11.0014,2012,7,2,0,18
1.8410740844298052,2,0,1,1,37.72,41.665,33,8.9981,2011,6,9,3,16
1.8122095959040794,1,0,1,3,9.84,12.88,87,7.0015,2012,2,8,2,18
0.9591348389208239,4,0,1,1,12.3,16.665,87,0.0,2011,11,2,2,4
1.8509675611842284,4,0,1,2,14.76,18.18,62,7.0015,2012,11,15,3,12
1.710657776180059,3,0,1,3,29.52,34.85,79,11.0014,2011,7,19,1,23
1.783182776049518,4,0,0,3,15.58,19.695,87,15.0013,2011,10,1,5,18
1.7437063358613225,2,0,1,1,13.94,15.15,46,27.9993,2011,4,1,4,15
1.9689728352963154,2,0,1,2,22.14,25.76,83,12.998,2012,6,18,0,8
0.9591348389208239,1,0,1,1,9.84,12.12,48,8.9981,2012,3,5,0,2
1.9149938977261756,2,0,1,1,21.32,25.0,29,23.9994,2011,4,6,2,18
1.9211702864987459,4,0,0,2,21.32,25.0,29,27.9993,2011,11,13,6,13
1.9506256168552831,1,0,1,2,24.6,31.06,40,30.0026,2012,3,8,3,19
1.2917246727283112,2,0,0,2,21.32,25.0,100,0.0,2011,5,15,6,4
1.7373263784001205,4,0,1,2,23.78,27.275,94,23.9994,2011,10,19,2,22
1.8516996259697707,4,0,1,2,13.12,16.665,57,6.0032,2011,12,12,0,16
1.8337800047354695,4,0,0,1,22.96,26.515,83,11.0014,2012,10,6,5,0
0.7412763113750153,2,0,1,1,22.14,25.76,83,19.0012,2011,5,3,1,3
1.6214540309583532,2,0,1,1,14.76,17.425,62,15.0013,2011,5,4,2,23
1.804210600378433,1,0,1,1,18.86,22.725,59,19.9995,2012,3,7,2,22
1.63454690370149,1,0,0,1,9.84,12.12,52,11.0014,2012,3,11,6,1
1.8545889886375557,2,0,1,1,31.16,36.365,66,8.9981,2011,6,10,4,21
1.881679452127038,4,0,1,3,23.78,27.275,83,7.0015,2012,10,2,1,7
2.0122387494454657,4,0,0,1,21.32,25.0,39,0.0,2012,11,10,5,13
1.8965639023210192,2,0,1,1,14.76,16.665,57,23.9994,2012,4,12,3,9
1.9228815367921321,3,0,0,2,26.24,29.545,78,7.0015,2012,8,19,6,17
1.9704335632072707,1,0,1,1,26.24,31.06,47,15.0013,2012,3,13,1,19
1.971013006967968,2,0,0,2,25.42,31.06,35,15.0013,2012,4,14,5,18
1.9216002545355522,3,0,1,2,25.42,29.545,73,8.9981,2012,9,17,0,20
1.7867156538126496,2,0,1,1,26.24,31.06,41,19.0012,2011,6,14,1,11
1.9916940006601098,3,0,1,1,33.62,35.605,28,19.9995,2011,8,10,2,18
1.748318097194945,4,0,1,2,14.76,17.425,100,8.9981,2011,11,10,3,6
1.0804178182729878,3,0,1,1,27.06,30.305,83,0.0,2012,8,2,3,3
1.1622831138840004,3,0,1,2,20.5,24.24,77,11.0014,2011,9,19,0,4
1.9763847732858002,4,0,0,1,27.88,31.82,47,11.0014,2011,10,9,6,14
1.927472325029152,2,0,0,1,23.78,27.275,40,15.0013,2011,5,7,5,17
1.927472325029152,1,0,1,1,18.86,22.725,88,12.998,2012,3,19,0,7
1.7356879059276584,2,0,1,2,17.22,21.21,77,16.9979,2011,4,13,2,14
1.9085054025106725,1,0,1,1,16.4,20.455,37,7.0015,2012,2,3,4,16
1.712589050021264,1,0,0,1,9.84,11.365,44,16.9979,2011,1,16,6,11
1.9181193208376597,4,1,0,2,15.58,19.695,66,11.0014,2012,10,8,0,9
1.8976020071415636,1,0,1,3,13.94,18.18,87,0.0,2012,2,16,3,17
2.0192049927391618,3,0,1,1,31.16,36.365,66,15.0013,2012,8,8,2,19
1.4395687003478856,1,0,1,1,5.74,7.575,59,11.0014,2011,1,10,0,22
1.7047134862451474,2,0,0,1,26.24,31.06,50,15.0013,2012,6,9,5,2
1.5163019408528369,1,0,0,1,4.92,5.305,36,26.0027,2011,1,8,5,22
1.8681746132307353,2,0,1,1,14.76,16.665,40,22.0028,2012,4,6,4,10
1.8810945047250232,2,0,1,1,27.06,31.06,27,19.0012,2011,6,3,4,12
2.052853341898967,4,0,1,1,22.14,25.76,56,7.0015,2012,10,17,2,17
1.8494914839851704,2,0,1,1,19.68,23.485,31,16.9979,2012,4,12,3,15
1.7163798514467992,2,0,1,1,29.52,33.335,51,15.0013,2011,6,6,0,10
1.83126011355907,2,0,0,2,29.52,33.335,58,8.9981,2011,6,18,5,20
1.8662223006181342,2,0,1,1,14.76,16.665,46,22.0028,2012,4,11,2,20
1.327761429538331,3,0,0,2,27.06,29.545,89,0.0,2012,9,2,6,6
1.9006676027900098,3,0,1,2,25.42,30.305,69,12.998,2012,9,17,0,12
1.875710366758475,2,0,1,2,22.14,25.76,83,15.0013,2012,6,18,0,9
1.8131782269605679,3,0,0,2,27.06,29.545,89,11.0014,2012,8,11,5,22
1.6659050929776016,1,0,1,1,4.92,7.575,54,8.9981,2011,1,13,3,7
1.9513056982825179,3,1,0,1,32.8,36.365,46,8.9981,2011,7,4,0,18
1.9354161398973209,4,0,1,3,25.42,28.03,88,8.9981,2012,10,2,1,16
1.9595065212563594,4,0,0,1,25.42,31.06,29,26.0027,2011,10,15,5,16
1.8434216945775423,2,0,1,1,18.04,21.97,62,11.0014,2011,4,7,3,20
1.9237286302332202,4,0,0,1,15.58,19.695,87,8.9981,2012,12,8,5,17
1.9334764565955942,3,0,0,2,22.96,26.515,64,11.0014,2011,9,18,6,16
1.5875644833216505,2,0,1,1,24.6,31.06,53,19.9995,2012,6,14,3,0
1.9812640389666427,2,0,1,2,26.24,30.305,65,12.998,2011,5,2,0,18
1.603478573504849,1,0,1,2,9.84,14.395,75,0.0,2011,2,1,1,15
1.7306622908306295,3,0,1,2,26.24,28.79,89,7.0015,2012,7,10,1,23
1.9793897742379851,3,0,1,1,35.26,40.15,47,19.9995,2011,7,12,1,18
1.5745651437258248,1,0,1,1,5.74,6.06,39,23.9994,2011,2,10,3,11
1.9825852738913474,2,0,1,1,31.16,33.335,29,19.9995,2012,6,8,4,16
1.8150956430032537,4,0,0,2,12.3,15.91,75,6.0032,2011,11,6,6,9
1.9006676027900098,4,0,0,1,18.86,22.725,40,27.9993,2011,11,13,6,11
1.860872764634446,2,0,1,2,22.96,26.515,56,12.998,2012,6,5,1,11
0.8697416861919438,4,0,1,3,20.5,24.24,100,7.0015,2011,10,19,2,5
1.9311088435575234,4,0,1,1,10.66,12.88,60,11.0014,2012,11,6,1,9
1.865565153838859,2,0,1,1,22.96,26.515,35,15.0013,2012,5,11,4,22
1.7599564649868773,4,0,0,3,15.58,19.695,94,6.0032,2012,12,9,6,19
1.7513148227387971,3,0,1,1,27.06,30.305,83,16.9979,2011,7,13,2,23
1.026672031199051,4,0,1,1,18.04,21.97,88,0.0,2011,10,5,2,4
1.712589050021264,1,1,0,2,7.38,9.85,47,8.9981,2011,1,17,0,13
1.9108604173712915,2,0,1,1,24.6,29.545,20,12.998,2012,4,3,1,15
0.7412763113750153,1,0,1,1,6.56,6.82,55,19.0012,2012,1,3,1,3
1.1947055233182955,4,0,1,1,13.12,14.395,53,27.9993,2012,11,9,4,3
1.8160445966634724,2,0,1,1,25.42,31.06,35,0.0,2011,6,3,4,22
1.9489089836740094,3,0,0,1,28.7,32.575,65,0.0,2011,9,11,6,12
0.5265890341390445,1,0,1,3,16.4,20.455,66,19.0012,2012,3,9,4,4
1.8851357588170432,3,0,1,1,31.16,34.85,52,16.9979,2012,8,15,2,15
1.9641780151827253,2,0,1,1,32.8,37.88,55,16.9979,2012,6,19,1,20
1.1622831138840004,1,0,0,1,9.84,14.395,75,0.0,2011,1,1,5,8
1.9801965796044196,2,0,1,1,32.8,38.635,59,15.0013,2012,6,19,1,19
1.952989808340929,4,0,0,1,25.42,31.06,53,6.0032,2011,10,9,6,11
1.8700988387609099,4,0,0,1,18.04,21.97,44,22.0028,2011,11,13,6,10
1.6551961525056738,3,0,1,3,30.34,34.09,58,6.0032,2011,8,3,2,10
1.8092629643515203,1,0,1,1,13.12,15.15,53,19.9995,2012,2,3,4,11
1.818853419699573,1,0,1,1,27.06,31.06,39,16.9979,2011,3,18,4,14
1.0804178182729878,2,0,1,1,27.88,31.82,89,12.998,2011,6,1,2,3
2.0342337083680495,2,0,1,2,24.6,31.06,53,22.0028,2012,5,7,0,17
1.942889271495996,3,0,1,1,28.7,31.82,45,15.0013,2011,7,15,4,19
1.7694345201285457,1,0,1,1,13.94,15.91,46,15.0013,2011,3,14,0,20
1.6281310150671582,2,0,1,1,21.32,25.0,77,8.9981,2012,6,7,3,0
1.6495606454510718,1,1,0,2,9.84,10.605,41,22.0028,2012,1,2,0,21
1.8072636887169242,2,0,1,2,17.22,21.21,77,6.0032,2012,4,18,2,22
1.97884890904261,4,0,0,1,16.4,20.455,40,12.998,2012,11,4,6,14
1.9080291992562277,4,0,1,1,15.58,19.695,40,19.9995,2012,11,13,1,16
1.798970923559588,1,0,1,1,16.4,20.455,43,15.0013,2012,1,6,4,21
0.5265890341390445,1,0,1,1,10.66,14.395,65,6.0032,2011,3,14,0,2
1.7437063358613225,4,0,1,2,20.5,24.24,63,19.0012,2011,11,14,0,10
1.7182404735813999,1,1,0,1,4.1,6.06,58,11.0014,2012,1,16,0,9
1.7843700777314968,3,0,1,2,32.8,39.395,63,23.9994,2011,7,8,4,15
1.9282894962939565,3,0,1,2,26.24,28.79,89,30.0026,2012,9,18,1,7
1.9914500672545563,3,0,1,1,27.88,31.82,74,16.9979,2012,9,6,3,19
1.8960417361485307,1,0,0,1,13.12,16.665,57,8.9981,2012,2,18,5,11
1.9964712752393343,2,0,1,1,31.98,34.09,33,19.0012,2011,6,6,0,17
1.5099182003836584,1,0,0,1,13.12,13.635,26,36.9974,2011,2,19,5,21
1.5555453730992024,3,0,0,2,27.06,29.545,89,19.0012,2011,8,14,6,8
1.9683836306012874,3,0,0,1,36.08,40.15,40,26.0027,2012,8,4,5,14
1.993387792889887,4,0,1,2,22.96,26.515,46,39.0007,2012,10,10,2,19
1.6942663054703442,4,0,0,1,22.14,25.76,83,19.9995,2012,10,6,5,7
1.5653166550596793,1,0,1,2,9.84,12.12,70,11.0014,2011,2,4,4,21
1.8933991317302272,1,0,1,2,14.76,17.425,50,11.0014,2012,2,14,1,19
1.9572644719401497,2,0,0,1,24.6,31.06,35,19.0012,2011,5,7,5,13
1.7901636276798083,1,0,0,1,9.02,10.605,25,16.9979,2012,1,15,6,17
1.9315065352001681,3,0,1,3,22.14,25.76,83,26.0027,2011,9,6,1,8
1.77073964639405,1,0,1,2,12.3,14.395,53,12.998,2012,3,5,0,15
1.327761429538331,4,0,1,1,13.94,16.665,61,8.9981,2012,11,1,3,3
1.4818766360989102,1,0,0,1,19.68,23.485,12,32.9975,2011,2,19,5,0
1.804210600378433,3,0,1,2,34.44,39.395,49,12.998,2012,7,17,1,10
1.8386855209387276,4,0,1,2,15.58,19.695,66,16.9979,2012,11,19,0,11
1.3973634811730353,4,0,1,2,21.32,25.0,88,0.0,2011,10,11,1,5
1.875710366758475,1,0,0,1,18.86,22.725,41,19.9995,2011,3,13,6,14
1.7795609835022244,4,0,1,3,18.86,22.725,94,0.0,2011,11,16,2,7
1.9051345487873121,3,0,0,1,30.34,34.09,60,15.0013,2011,7,17,6,10
1.7026798402849839,4,0,1,1,13.12,16.665,66,8.9981,2012,12,19,2,23
1.4298455472897516,1,0,0,1,9.84,12.88,65,7.0015,2011,2,6,6,8
1.8260781474077188,3,0,0,1,28.7,32.575,70,16.9979,2011,7,9,5,8
1.9519820823132483,4,0,1,2,14.76,17.425,57,11.0014,2012,11,1,3,7
0.8697416861919438,4,0,1,2,21.32,25.0,88,7.0015,2011,10,11,1,3
1.6632944814375767,1,0,1,1,10.66,12.88,60,11.0014,2012,1,5,3,22
2.0054881027059004,4,0,1,2,17.22,21.21,58,12.998,2012,11,19,0,17
1.3105061862047918,1,1,0,1,10.66,11.365,41,26.0027,2012,1,2,0,6
1.503300998004841,2,0,1,1,23.78,27.275,88,11.0014,2011,6,7,1,5
2.017844396873156,2,0,0,1,25.42,31.06,41,16.9979,2012,6,2,5,13
1.9346438389440457,3,0,0,1,34.44,37.88,41,19.0012,2011,7,10,6,16
1.9011715868708958,3,0,0,1,23.78,27.275,60,8.9981,2012,9,16,6,9
0.8697416861919438,1,0,1,1,18.86,22.725,94,15.0013,2012,3,1,3,3
1.9436126948827355,4,0,1,1,12.3,15.15,52,11.0014,2012,11,14,2,19
1.798970923559588,1,0,0,1,18.04,21.97,33,19.0012,2011,3,19,5,19
1.832105201899316,3,0,1,3,28.7,33.335,79,12.998,2011,7,6,2,9
1.926236627583198,1,0,1,1,21.32,25.0,68,0.0,2012,3,14,2,9
0.8697416861919438,4,0,0,1,8.2,10.605,59,8.9981,2011,12,18,6,6
1.5397794579522743,2,0,1,2,19.68,23.485,88,22.0028,2011,4,5,1,6
0.9591348389208239,1,0,1,1,9.84,12.12,52,8.9981,2011,3,8,1,1
1.9978680511276934,1,0,0,2,21.32,25.0,77,8.9981,2012,3,17,5,11
1.68988188256892,4,0,1,3,18.86,22.725,94,0.0,2011,11,16,2,9
1.5916858743493758,3,0,1,1,21.32,25.0,72,7.0015,2012,9,12,2,0
1.8206950566924849,4,0,1,2,22.14,25.76,68,0.0,2011,11,15,1,12
1.6659050929776016,3,0,1,2,26.24,30.305,69,7.0015,2011,9,14,2,23
1.8991438268879295,3,0,1,1,32.8,38.635,59,31.0009,2012,9,4,1,15
1.5653166550596793,4,0,1,1,19.68,23.485,77,8.9981,2011,10,5,2,0
2.0112090454763987,3,0,1,1,30.34,34.09,62,6.0032,2012,7,3,1,8
1.1947055233182955,1,0,1,1,10.66,14.395,65,6.0032,2011,3,9,2,0
1.9763847732858002,2,0,0,1,34.44,36.365,30,8.9981,2012,6,10,6,14
0.7412763113750153,2,0,1,1,14.76,17.425,71,8.9981,2012,4,10,1,3
1.8251953231790878,1,1,0,1,9.84,10.605,44,26.0027,2012,1,16,0,14
1.942525987706513,2,0,1,1,26.24,30.305,73,12.998,2012,5,16,2,21
1.8449646614985311,2,0,1,2,21.32,25.0,48,7.0015,2011,5,10,1,9
0.7412763113750153,1,0,1,3,9.02,11.365,93,8.9981,2011,1,19,2,4
1.9464652902368638,3,0,0,1,30.34,33.335,51,19.9995,2011,9,11,6,15
1.6606403793348095,2,0,0,1,16.4,20.455,58,8.9981,2012,4,14,5,1
1.5745651437258248,3,0,0,1,26.24,30.305,65,0.0,2011,7,2,5,7
1.8160445966634724,4,0,1,1,14.76,16.665,29,26.0027,2012,11,8,3,11
1.8828416375415338,4,0,0,1,14.76,18.18,66,6.0032,2011,11,6,6,10
1.775845981748474,1,0,1,1,8.2,9.09,47,19.9995,2011,1,7,4,9
1.8581160323277108,4,0,1,1,12.3,13.635,49,23.9994,2012,11,13,1,20
1.8052356503890232,3,0,1,1,35.26,39.395,41,16.9979,2011,7,7,3,14
0.7412763113750153,3,0,1,1,24.6,28.79,78,0.0,2011,9,13,1,2
1.9598235193944304,1,0,1,1,6.56,9.09,86,8.9981,2012,2,6,0,8
0.8697416861919438,1,0,1,2,11.48,15.91,41,0.0,2012,2,14,1,2
1.783182776049518,3,0,0,1,29.52,33.335,58,12.998,2011,7,9,5,23
1.6579414149579819,1,0,0,1,10.66,14.395,44,6.0032,2012,3,11,6,0
1.7373263784001205,4,0,1,2,14.76,17.425,57,11.0014,2011,12,19,0,22
1.798970923559588,2,0,1,1,36.9,40.91,37,12.998,2011,6,1,2,13
1.9338667840812656,3,0,0,1,30.34,34.85,70,12.998,2011,8,14,6,14
1.6807250824647135,1,0,1,2,13.94,15.91,57,15.0013,2011,3,15,1,11
1.579009137828587,1,0,1,1,13.94,16.665,53,11.0014,2012,3,2,4,0
0.7412763113750153,1,0,1,1,18.86,22.725,88,6.0032,2012,3,19,0,3
1.8719957290222062,2,0,1,1,24.6,31.06,33,23.9994,2012,4,17,1,12
1.6783497616208911,1,0,1,1,10.66,12.12,30,19.0012,2011,1,3,0,14
1.448822238365871,2,0,0,2,13.94,16.665,81,8.9981,2012,4,1,6,3
1.4741440143630178,1,0,0,1,7.38,12.12,55,0.0,2011,1,15,5,0
1.8082668738615209,3,0,1,1,35.26,39.395,44,19.9995,2011,7,12,1,12
2.0136653929307324,2,0,0,2,26.24,31.06,27,23.9994,2012,4,14,5,15
1.946817331669524,4,0,0,1,21.32,25.0,45,8.9981,2012,11,11,6,18
1.8131782269605679,2,0,1,1,18.86,22.725,63,0.0,2011,4,18,0,7
1.8225126721028055,4,0,1,1,15.58,19.695,82,0.0,2012,10,17,2,6
1.8457296531480492,3,0,0,1,24.6,31.06,46,15.0013,2012,9,9,6,21
1.8502315274246866,3,0,1,1,22.96,26.515,64,6.0032,2012,9,12,2,22
1.9617085993863232,3,0,0,1,36.9,40.91,39,19.9995,2012,8,4,5,16
1.9436126948827355,3,0,1,2,30.34,34.85,66,7.0015,2012,8,3,4,9
1.5397794579522743,1,0,0,1,5.74,6.06,46,16.9979,2011,1,9,6,20
1.8092629643515203,2,0,1,2,25.42,29.545,73,11.0014,2012,6,18,0,22
1.8976020071415636,3,0,0,2,22.96,26.515,60,7.0015,2011,9,18,6,18
2.0299077797724374,2,0,1,1,29.52,32.575,32,30.0026,2012,6,13,2,18
1.7067206012930416,1,0,1,2,15.58,19.695,43,19.0012,2011,3,15,1,15
1.696412959743625,1,0,1,1,5.74,6.06,59,19.0012,2012,1,3,1,6
1.0804178182729878,2,0,1,2,22.14,25.76,77,15.0013,2012,5,14,0,4
1.2484412575662103,3,0,1,1,20.5,24.24,77,0.0,2012,9,17,0,4
1.7924169706841675,2,0,1,3,13.12,15.15,93,16.9979,2011,4,8,4,17
1.8928641420201489,4,0,1,1,14.76,17.425,34,8.9981,2012,12,13,3,15
1.63454690370149,1,0,1,2,9.02,13.635,100,0.0,2011,2,2,2,10
1.8726220769889215,3,0,1,2,31.98,35.605,52,16.9979,2011,8,5,4,14
2.0380755478691652,3,0,1,1,31.16,35.605,62,19.9995,2012,9,7,4,18
1.026672031199051,1,0,1,1,10.66,14.395,56,6.0032,2012,2,10,4,3
1.8206950566924849,1,0,1,1,9.02,9.09,32,39.0007,2011,2,8,1,17
1.7733152706473527,4,0,1,2,13.12,16.665,57,7.0015,2011,12,12,0,15
1.7144962229206409,3,0,0,1,22.14,25.76,68,7.0015,2012,9,16,6,23
1.795731656444039,4,0,1,1,16.4,20.455,35,16.9979,2011,12,13,1,15
0.7412763113750153,4,0,1,2,9.84,9.85,60,31.0009,2011,12,8,3,4
1.8642411184013048,4,0,0,1,13.94,15.91,61,19.0012,2011,11,12,5,10
1.7323562465403226,1,0,0,1,9.84,10.605,41,19.0012,2011,1,16,6,12
1.4298455472897516,4,0,1,1,19.68,23.485,77,7.0015,2011,12,16,4,2
1.6281310150671582,1,0,1,1,13.12,14.395,49,27.9993,2011,1,19,2,21
1.026672031199051,3,0,0,3,27.88,31.82,65,6.0032,2011,7,3,6,4
1.0804178182729878,4,0,0,2,9.84,12.88,87,7.0015,2012,12,15,5,4
1.7627277196400848,1,0,1,1,9.84,10.605,52,19.0012,2011,2,16,2,9
1.7855476541684288,2,0,1,1,18.86,22.725,67,19.0012,2011,4,13,2,16
1.4395687003478856,3,0,1,1,22.96,26.515,83,0.0,2011,9,12,0,5
1.570002974208493,3,0,0,2,27.06,31.06,74,12.998,2011,8,13,5,7
1.5451936315479267,1,0,0,2,17.22,21.21,77,19.0012,2011,3,6,6,1
1.8052356503890232,3,0,1,2,27.06,31.06,65,8.9981,2011,9,14,2,22
1.3973634811730353,1,0,0,1,5.74,8.335,54,7.0015,2012,1,14,5,3
1.6551961525056738,1,0,1,1,4.1,5.305,36,15.0013,2012,1,3,1,21
1.81792340526738,2,0,1,1,20.5,24.24,82,15.0013,2012,5,2,2,22
1.9140867590359603,3,0,1,2,29.52,34.85,79,15.0013,2012,9,4,1,9
1.503300998004841,1,0,0,1,9.02,11.365,51,8.9981,2011,2,12,5,23
1.7405504459900154,1,0,0,1,18.04,21.97,38,16.9979,2012,1,7,5,22
1.6313704001963978,1,0,1,1,9.02,9.85,37,22.0028,2011,2,3,3,15
1.9021737291891518,2,0,1,1,24.6,30.305,23,22.0028,2012,4,4,2,21
1.9823221775970696,2,0,1,1,28.7,32.575,61,12.998,2012,5,3,3,19
1.7968196318819551,2,0,1,1,36.9,41.665,39,19.9995,2011,6,1,2,15
1.5163019408528369,4,0,1,2,10.66,15.15,65,0.0,2012,11,15,3,0
1.77073964639405,2,0,1,1,15.58,19.695,46,27.9993,2011,4,5,1,16
1.8879483638033878,2,0,1,1,29.52,33.335,54,31.0009,2011,5,3,1,16
1.0804178182729878,3,0,1,1,16.4,20.455,71,16.9979,2011,9,16,4,3
1.9683836306012874,3,0,1,1,35.26,41.665,53,26.0027,2011,7,11,0,18
0.7412763113750153,1,0,0,2,17.22,21.21,94,23.9994,2011,3,6,6,6
1.8464903775306214,1,0,1,2,18.04,21.97,77,0.0,2012,3,16,4,11
1.8649047698246697,4,0,0,1,22.14,25.76,52,26.0027,2011,10,16,6,19
1.8732454942989716,2,0,0,1,25.42,31.06,43,11.0014,2012,6,3,6,21
1.9303096939764732,3,0,1,1,24.6,31.06,53,19.9995,2012,9,10,0,9
1.7599564649868773,2,0,1,2,20.5,24.24,72,8.9981,2011,4,19,1,21
1.6759380249901916,1,0,1,1,12.3,15.15,56,11.0014,2011,3,11,4,20
1.026672031199051,2,0,1,1,18.86,22.725,51,0.0,2012,4,4,2,2
1.9080291992562277,4,0,0,2,15.58,19.695,76,8.9981,2012,12,16,6,14
1.9796593058335408,2,0,0,1,26.24,31.06,36,0.0,2012,6,2,5,18
1.7795609835022244,4,0,1,1,14.76,17.425,46,15.0013,2011,12,19,0,14
1.791294740218941,3,0,0,1,26.24,28.79,83,11.0014,2011,7,3,6,23
1.83126011355907,1,0,1,2,13.94,15.91,76,16.9979,2011,3,9,2,18
1.8960417361485307,3,0,1,1,30.34,34.85,66,16.9979,2012,8,10,4,21
1.9140867590359603,4,0,1,2,24.6,31.06,43,11.0014,2012,10,1,0,12
1.6985302777514544,1,0,1,1,10.66,12.88,38,11.0014,2011,1,6,3,16
1.6876424851132221,1,0,1,1,24.6,31.06,31,15.0013,2011,2,17,3,14
1.8418611059620993,2,0,1,1,22.14,25.76,77,0.0,2012,5,3,3,11
1.4196068415100236,2,0,0,1,22.96,26.515,88,6.0032,2012,5,5,5,5
1.1247482629090362,1,0,1,1,15.58,19.695,37,23.9994,2011,2,14,0,1
1.9436126948827355,1,0,1,2,13.94,16.665,42,12.998,2012,2,10,4,17
1.9825852738913474,1,0,1,1,17.22,21.21,38,23.9994,2012,2,14,1,17
1.945758217792441,3,0,1,2,28.7,33.335,74,0.0,2012,8,14,1,9
1.6632944814375767,4,1,0,1,15.58,19.695,87,7.0015,2012,11,12,0,6
1.3437034446606386,2,0,1,2,27.88,31.82,65,11.0014,2012,6,12,1,1
1.96779157969034,3,0,0,1,35.26,40.15,47,16.9979,2012,8,4,5,11
1.710657776180059,3,0,1,3,26.24,28.79,89,16.9979,2012,7,9,0,6
1.9812640389666427,1,0,1,1,17.22,21.21,38,12.998,2012,2,7,1,18
1.5284269505599697,1,0,0,1,16.4,20.455,35,19.9995,2011,2,13,6,22
1.0804178182729878,4,0,1,3,18.86,22.725,100,15.0013,2011,12,7,2,2
1.7935304491330344,3,0,1,1,32.8,35.605,41,26.0027,2011,8,10,2,11
1.8122095959040794,1,0,1,1,9.84,10.605,35,22.0028,2011,3,3,3,18
2.0421111445113422,4,0,1,2,16.4,20.455,76,0.0,2012,10,17,2,8
1.8082668738615209,1,0,1,1,9.02,11.365,51,8.9981,2011,1,6,3,18
1.6579414149579819,1,0,1,1,8.2,10.605,51,11.0014,2011,1,6,3,20
1.1622831138840004,3,0,1,2,25.42,25.76,100,11.0014,2011,9,9,4,1
1.8295542650992236,3,0,1,1,32.8,38.635,59,0.0,2012,7,16,0,10
1.765447506801529,1,0,1,1,13.12,16.665,57,7.0015,2011,2,17,3,7
1.3437034446606386,2,0,1,1,17.22,21.21,67,7.0015,2011,4,18,0,2
1.7087018253879918,1,0,1,1,22.96,26.515,43,11.0014,2012,3,14,2,23
1.6920895459931111,2,0,0,1,20.5,24.24,42,12.998,2011,4,17,6,21
1.1247482629090362,3,0,1,1,28.7,33.335,84,0.0,2012,8,8,2,3
1.8726220769889215,3,0,1,1,32.8,36.365,46,23.9994,2011,8,18,3,16
1.9749939323524341,4,0,1,2,16.4,20.455,94,16.9979,2012,12,17,0,17
1.327761429538331,4,0,0,1,13.12,15.15,66,15.0013,2012,10,13,5,3
1.9249888048924875,4,0,1,1,12.3,15.15,45,11.0014,2012,12,13,3,19
1.9282894962939565,3,0,0,1,31.16,36.365,66,12.998,2011,9,4,6,18
1.4087998161504007,1,0,0,2,8.2,10.605,49,8.9981,2011,1,16,6,22
2.028667036987173,4,0,1,2,24.6,30.305,64,26.0027,2012,10,15,0,8
1.832105201899316,2,0,1,1,30.34,32.575,28,19.0012,2011,6,15,2,13
1.9241500751450369,1,0,1,1,10.66,10.605,33,30.0026,2012,1,18,2,17
1.3852268599316875,4,0,1,2,18.04,21.97,67,16.9979,2011,11,14,0,5
1.4087998161504007,4,0,0,1,18.04,21.97,88,0.0,2011,10,9,6,6
1.9311088435575234,4,0,0,1,17.22,21.21,30,19.0012,2011,11,19,5,13
1.4576463830228739,1,0,0,1,3.28,3.79,53,16.9979,2012,2,12,6,8
1.5653166550596793,3,0,1,2,32.8,37.12,49,11.0014,2011,8,3,2,0
1.9854421800760271,2,0,0,1,33.62,34.85,24,12.998,2012,6,9,5,16
1.7323562465403226,4,0,1,1,13.94,16.665,66,11.0014,2011,12,14,2,22
0.8697416861919438,1,0,1,1,9.02,11.365,69,8.9981,2012,1,6,4,4
1.6985302777514544,1,0,0,1,13.94,16.665,42,11.0014,2012,2,18,5,0
1.7542520263946595,4,0,1,3,17.22,21.21,67,11.0014,2011,10,3,0,13
1.8965639023210192,2,0,1,1,18.86,22.725,33,11.0014,2012,4,5,3,14
1.3437034446606386,1,0,0,2,14.76,17.425,93,8.9981,2012,3,3,5,7
2.0460097449109003,3,0,1,2,26.24,30.305,65,15.0013,2012,9,17,0,17
1.7924169706841675,4,0,1,2,18.86,22.725,72,6.0032,2011,12,5,0,15
1.8251953231790878,4,0,1,3,22.96,26.515,94,11.0014,2011,10,19,2,17
1.886830523322648,4,0,1,1,20.5,24.24,51,23.9994,2012,10,10,2,21
1.5224670302876946,3,0,0,2,26.24,29.545,78,6.0032,2012,7,14,5,6
1.765447506801529,1,0,1,2,11.48,14.395,61,7.0015,2012,2,8,2,13
1.775845981748474,1,0,1,1,17.22,21.21,41,23.9994,2012,2,15,2,14
1.8225126721028055,1,0,1,1,8.2,11.365,40,7.0015,2011,1,10,0,17
1.7795609835022244,1,0,1,1,16.4,20.455,50,15.0013,2012,3,12,0,10
1.2711498482847257,1,0,1,3,18.04,21.97,0,19.9995,2011,3,10,3,14
1.8418611059620993,4,0,1,2,15.58,19.695,54,11.0014,2012,11,15,3,14
1.9237286302332202,3,0,1,2,35.26,40.15,47,19.0012,2012,8,3,4,13
1.8234126545313947,3,0,1,2,27.06,31.06,57,15.0013,2011,9,1,3,22
1.9070714954756425,3,0,1,1,27.06,31.06,65,6.0032,2011,8,17,2,7
1.9546513926697417,4,0,0,1,16.4,20.455,62,19.9995,2012,11,18,6,14
1.6606403793348095,1,0,0,2,14.76,16.665,71,16.9979,2011,1,2,6,11
0.7412763113750153,2,0,1,1,13.94,16.665,71,8.9981,2012,4,10,1,4
1.8141402142832723,2,0,1,1,20.5,24.24,51,12.998,2011,4,14,3,20
1.496434016604423,4,0,1,3,17.22,21.21,94,12.998,2011,12,7,2,16
1.9070714954756425,4,0,1,2,18.86,22.725,77,0.0,2011,12,5,0,19
1.9482156550040577,3,0,1,2,28.7,32.575,54,12.998,2012,9,14,4,12
2.0304354950686165,3,0,1,1,34.44,36.365,32,8.9981,2012,7,2,0,17
1.4818766360989102,1,0,0,1,11.48,12.12,33,30.0026,2011,2,19,5,23
1.0804178182729878,2,0,1,2,18.86,22.725,88,0.0,2012,5,3,3,3
1.9291014406875389,4,0,1,2,28.7,32.575,70,7.0015,2012,10,3,2,12
1.7163798514467992,1,0,0,1,6.56,9.09,37,7.0015,2012,1,15,6,20
1.8545889886375557,3,0,1,1,28.7,32.575,65,8.9981,2011,8,19,4,9
0.9591348389208239,4,0,1,1,13.12,17.425,93,0.0,2011,11,9,2,3
1.0804178182729878,3,0,1,1,28.7,33.335,79,11.0014,2011,7,12,1,4
1.712589050021264,1,0,0,1,16.4,20.455,37,19.9995,2011,3,19,5,21
1.844195357303668,2,0,0,1,23.78,27.275,64,11.0014,2012,6,16,5,8
1.898117976801967,3,0,1,2,24.6,27.275,88,12.998,2012,9,18,1,20
1.6942663054703442,1,0,1,1,13.94,15.91,42,16.9979,2011,3,14,0,10
1.7356879059276584,4,0,0,1,12.3,15.15,52,11.0014,2012,11,17,5,0
2.0250473350939955,2,0,1,2,26.24,30.305,69,19.0012,2012,5,8,1,17
1.9617085993863232,3,0,0,1,36.9,40.91,37,35.0008,2012,8,5,6,15
1.8449646614985311,1,0,1,2,18.04,21.97,44,19.0012,2012,3,2,4,14
1.8965639023210192,1,0,1,1,29.52,32.575,32,15.0013,2012,3,15,3,15
1.881679452127038,4,0,1,2,19.68,23.485,69,12.998,2012,10,9,1,12
1.9011715868708958,2,0,1,1,17.22,21.21,58,23.9994,2011,5,4,2,19
0.8697416861919438,1,0,1,1,18.86,22.725,63,26.0027,2012,3,8,3,3
1.883418917934741,2,0,1,3,26.24,30.305,73,8.9981,2012,5,15,1,20
1.9978680511276934,3,0,1,1,32.8,35.605,41,11.0014,2012,7,6,4,8
1.8595014474498321,1,0,0,1,18.86,22.725,33,11.0014,2012,3,3,5,19
1.700619000072578,4,0,0,1,10.66,12.88,60,12.998,2012,11,17,5,1
1.8581160323277108,4,0,0,2,16.4,20.455,76,19.9995,2011,10,1,5,16
1.8000344713048928,4,0,1,1,13.12,15.15,70,16.9979,2012,11,13,1,11
1.8354346948604652,3,0,1,1,31.98,35.605,52,19.0012,2011,8,15,0,13
1.8524277618844993,2,0,0,1,16.4,20.455,43,27.9993,2011,4,3,6,10
1.9443319639317302,4,0,1,1,14.76,17.425,40,12.998,2011,12,13,1,17
1.0804178182729878,3,0,1,1,27.88,31.82,79,7.0015,2011,7,8,4,3
1.8160445966634724,4,0,1,1,23.78,27.275,78,15.0013,2012,10,5,4,23
1.026672031199051,4,0,1,2,22.96,26.515,83,0.0,2012,10,19,4,3
1.765447506801529,1,0,1,1,22.96,26.515,22,30.0026,2011,2,14,0,12
1.6985302777514544,3,0,0,1,26.24,30.305,69,8.9981,2012,8,12,6,2
1.5653166550596793,2,0,0,2,14.76,17.425,81,15.0013,2011,4,16,5,0
1.0804178182729878,3,0,1,1,28.7,33.335,84,0.0,2012,8,7,1,3
1.8516996259697707,2,1,0,1,27.88,31.82,51,16.9979,2012,4,16,0,22
1.8052356503890232,2,0,1,1,14.76,16.665,43,19.9995,2011,4,5,1,19
1.798970923559588,4,1,0,2,13.94,16.665,76,11.0014,2012,10,8,0,7
1.7163798514467992,1,0,1,1,12.3,15.15,61,8.9981,2012,2,15,2,6
1.4892992254175486,1,0,0,1,16.4,20.455,35,23.9994,2011,2,13,6,23
1.9572644719401497,3,0,1,1,27.06,31.06,65,8.9981,2012,8,13,0,7
1.4395687003478856,3,0,1,2,27.06,31.06,65,11.0014,2011,8,18,3,1
1.7437063358613225,1,0,1,2,18.04,21.97,0,26.0027,2011,3,10,3,17
1.8700988387609099,4,0,1,3,15.58,19.695,76,7.0015,2012,12,7,4,20
0.7412763113750153,2,0,1,1,24.6,29.545,73,6.0032,2011,6,7,1,3
1.7026798402849839,1,0,1,1,9.84,12.12,65,11.0014,2012,2,3,4,6
1.496434016604423,4,0,1,2,15.58,19.695,82,15.0013,2012,10,9,1,0
1.9299082210139993,4,0,1,2,20.5,24.24,72,11.0014,2012,10,9,1,20
0.7412763113750153,3,0,1,2,25.42,27.275,94,16.9979,2011,9,9,4,3
1.448822238365871,3,0,0,1,27.06,31.06,74,6.0032,2011,7,10,6,3
1.579009137828587,3,0,0,2,25.42,29.545,73,0.0,2012,8,19,6,23
1.8553017984487439,2,0,1,1,18.04,21.97,33,0.0,2012,4,3,1,10
1.6524030880939045,1,0,0,1,14.76,16.665,37,19.0012,2012,1,8,6,2
1.6920895459931111,1,0,0,2,13.12,15.15,36,19.0012,2011,1,15,5,17
1.74525954872198,2,0,1,1,23.78,27.275,88,0.0,2011,6,6,0,6
1.926236627583198,2,0,1,2,20.5,24.24,68,8.9981,2011,4,19,1,8
1.7843700777314968,3,0,1,1,27.06,30.305,83,7.0015,2011,8,18,3,19
1.4087998161504007,3,0,1,1,21.32,25.0,72,7.0015,2012,9,12,2,1
1.947168383637879,1,0,1,2,15.58,19.695,46,19.9995,2012,2,14,1,18
1.8553017984487439,3,0,1,1,29.52,34.85,79,0.0,2012,9,5,2,22
1.579009137828587,4,0,0,2,13.94,15.91,49,16.9979,2012,11,3,5,2
1.7627277196400848,1,0,0,1,4.92,5.305,42,19.9995,2012,2,12,6,11
1.7067206012930416,1,0,1,2,10.66,15.15,56,0.0,2012,2,14,1,6
1.9181193208376597,4,0,1,1,26.24,30.305,69,15.0013,2012,10,19,4,12
1.603478573504849,1,0,1,2,8.2,11.365,59,6.0032,2011,1,11,1,13
1.8337800047354695,2,0,0,2,15.58,19.695,82,0.0,2011,4,9,5,16
1.755698992678211,3,0,0,1,25.42,28.79,83,11.0014,2011,9,10,5,8
1.3437034446606386,4,0,1,3,22.14,25.76,88,0.0,2012,10,19,4,1
1.1247482629090362,4,0,1,2,22.14,25.76,100,7.0015,2011,10,13,3,4
1.8269553882413483,3,0,1,1,27.06,30.305,83,0.0,2012,8,2,3,6
1.791294740218941,4,0,1,2,12.3,14.395,65,16.9979,2012,11,15,3,6
0.8697416861919438,2,0,1,2,19.68,23.485,88,7.0015,2012,5,10,3,2
1.1947055233182955,1,0,1,1,8.2,11.365,44,6.0032,2011,2,16,2,1
1.7356879059276584,4,0,0,3,9.84,10.605,65,22.0028,2011,12,17,5,19
1.9094525728270801,1,0,1,1,20.5,24.24,42,12.998,2011,3,17,3,17
1.7437063358613225,4,0,1,1,13.94,16.665,49,12.998,2011,12,2,4,21
1.757131886054717,4,0,1,1,10.66,15.15,60,0.0,2012,12,13,3,23
1.8487473895449305,2,0,0,1,22.14,25.76,64,11.0014,2012,6,2,5,8
1.8662223006181342,3,0,1,2,30.34,34.09,58,12.998,2012,8,15,2,11
1.9266498629615478,4,0,1,2,15.58,19.695,76,0.0,2012,12,7,4,19
1.026672031199051,1,0,1,2,9.02,12.12,93,7.0015,2012,1,10,1,1
1.4087998161504007,2,0,0,2,12.3,15.15,93,11.0014,2011,4,9,5,7
1.9761078731375774,1,0,0,1,17.22,21.21,41,16.9979,2012,2,18,5,15
1.932298189261516,3,0,1,1,28.7,33.335,74,19.0012,2011,8,4,3,19
1.8787285104503608,4,0,0,1,16.4,20.455,54,6.0032,2012,10,13,5,20
1.8487473895449305,3,0,1,1,26.24,28.03,94,6.0032,2011,9,9,4,20
1.7924169706841675,3,0,1,1,35.26,39.395,44,19.0012,2011,8,9,1,14
1.503300998004841,2,0,0,1,23.78,27.275,83,0.0,2012,5,5,5,3
1.879323983956676,1,0,1,1,8.2,10.605,80,8.9981,2012,1,11,2,7
1.9698513619928657,2,0,1,2,27.88,31.82,61,8.9981,2011,6,7,1,8
1.6214540309583532,3,0,1,1,21.32,25.0,83,0.0,2012,9,13,3,5
1.6495606454510718,1,0,0,1,9.84,12.12,60,8.9981,2012,3,11,6,3
1.886830523322648,2,0,0,2,23.78,27.275,78,15.0013,2012,5,5,5,21
1.8907020599217577,2,0,0,1,16.4,20.455,30,16.9979,2012,4,7,5,9
1.7163798514467992,4,0,1,1,16.4,20.455,82,6.0032,2011,11,3,3,23
1.8839936846137324,2,0,0,2,19.68,23.485,63,12.998,2011,5,1,6,10
1.9354161398973209,3,1,0,1,29.52,34.85,74,12.998,2012,9,3,0,19
1.83126011355907,2,0,1,1,18.86,22.725,67,19.0012,2011,5,6,4,9
1.868819104784765,2,0,0,1,22.96,26.515,64,0.0,2011,5,8,6,19
1.6684735252826461,3,0,0,1,30.34,34.85,70,19.9995,2012,8,5,6,2
0.7412763113750153,2,0,1,1,24.6,30.305,60,19.9995,2012,5,14,0,2
1.7783332269022314,2,0,1,1,36.9,42.425,42,0.0,2011,6,8,2,13
1.7200786095266942,2,0,1,2,30.34,34.85,57,11.0014,2011,6,9,3,23
1.7026798402849839,1,0,1,3,5.74,6.06,86,16.9979,2011,2,9,2,19
1.9421616481775266,2,0,0,3,22.96,26.515,78,23.9994,2011,5,15,6,17
1.6495606454510718,2,0,1,1,18.04,21.97,35,11.0014,2012,4,2,0,23
1.4660765372061442,1,0,1,2,7.38,12.12,55,0.0,2011,1,14,4,23
1.7306622908306295,3,0,0,3,27.06,29.545,89,19.0012,2011,8,14,6,9
1.8991438268879295,3,0,1,1,34.44,38.635,47,6.0032,2012,7,19,3,15
1.8885037407137346,3,0,0,3,26.24,29.545,78,11.0014,2012,8,19,6,11
1.8629038905519502,2,0,0,1,30.34,34.09,62,8.9981,2011,6,11,5,9
1.844195357303668,4,0,1,1,14.76,17.425,57,8.9981,2011,12,2,4,12
0.5265890341390445,1,0,1,2,5.74,8.335,63,7.0015,2011,2,4,4,2
1.748318097194945,4,0,1,1,25.42,28.79,83,12.998,2011,10,13,3,22
1.9070714954756425,1,0,1,1,18.86,22.725,63,27.9993,2012,1,17,1,19
1.7542520263946595,1,0,1,3,13.94,18.18,81,0.0,2012,2,16,3,16
1.8243068483519838,4,0,0,2,17.22,21.21,71,23.9994,2011,10,1,5,14
1.781985597277665,4,0,1,1,15.58,19.695,82,7.0015,2011,11,7,0,21
1.7467966996992919,1,0,1,2,13.12,17.425,66,0.0,2012,2,10,4,22
1.9492542075910286,4,0,1,2,16.4,20.455,76,11.0014,2011,10,3,0,18
1.8839936846137324,3,0,0,1,30.34,34.85,66,11.0014,2011,7,3,6,10
1.7047134862451474,4,0,0,2,13.94,15.15,49,22.0028,2012,11,3,5,1
1.4741440143630178,2,0,1,2,28.7,32.575,58,15.0013,2012,6,12,1,0
1.2484412575662103,4,0,0,1,13.12,16.665,81,7.0015,2012,11,11,6,4
1.8269553882413483,3,0,0,1,28.7,33.335,79,15.0013,2011,8,14,6,10
1.8102520538839093,2,0,1,1,20.5,24.24,77,19.9995,2012,5,8,1,6
1.964787704766679,1,0,1,1,17.22,21.21,38,16.9979,2012,1,10,1,17
1.603478573504849,3,0,1,3,25.42,25.76,100,22.0028,2011,9,8,3,19
2.0067835293204093,4,0,1,1,24.6,30.305,60,8.9981,2011,10,18,1,17
1.8021379316915813,1,0,0,1,14.76,16.665,51,23.9994,2011,3,12,5,13
1.791294740218941,4,0,1,2,22.96,26.515,73,19.9995,2012,10,15,0,6
2.005704992338858,4,0,1,1,22.96,26.515,64,8.9981,2011,10,17,0,17
1.3973634811730353,2,0,0,1,24.6,27.275,88,6.0032,2011,6,18,5,3
1.5957092304038698,1,0,1,1,9.02,9.09,47,31.0009,2011,2,8,1,11
1.5745651437258248,2,0,0,3,16.4,20.455,87,23.9994,2011,4,16,5,8
1.6734888160092363,4,0,1,3,19.68,23.485,100,15.0013,2011,12,6,1,14
1.4660765372061442,3,0,0,1,27.06,31.06,65,8.9981,2011,8,13,5,3
1.8418611059620993,3,0,0,1,28.7,32.575,65,19.0012,2011,7,16,5,22
2.038403653368476,3,0,1,1,34.44,40.15,53,0.0,2012,7,16,0,18
1.8410740844298052,2,1,0,1,21.32,25.0,55,19.0012,2011,4,15,4,12
1.5284269505599697,1,0,1,2,7.38,9.85,43,11.0014,2011,1,7,4,22
1.8234126545313947,3,0,0,1,30.34,33.335,51,6.0032,2011,7,2,5,9
1.5341940066777084,3,0,1,1,26.24,30.305,69,8.9981,2011,9,15,3,0
1.8464903775306214,3,0,0,1,31.16,36.365,70,8.9981,2012,7,8,6,21
1.9919374395287388,1,0,0,1,25.42,31.06,57,19.9995,2012,3,17,5,18
0.9591348389208239,1,0,1,1,6.56,11.365,64,0.0,2011,1,6,3,1
1.8418611059620993,1,0,1,1,13.94,16.665,46,11.0014,2012,2,6,0,20
1.8370697219086884,3,0,1,2,29.52,34.09,62,8.9981,2012,7,11,2,10
1.8251953231790878,4,0,1,2,20.5,24.24,63,19.9995,2012,12,4,1,22
1.8649047698246697,4,0,1,1,10.66,12.88,60,11.0014,2011,12,13,1,9
1.8622302516766631,4,0,1,1,21.32,25.0,77,7.0015,2011,10,17,0,20
1.5555453730992024,4,0,1,1,21.32,25.0,77,0.0,2012,10,5,4,5
1.0804178182729878,3,0,1,1,28.7,33.335,79,0.0,2011,7,6,2,3
1.7890235001604364,1,0,1,2,17.22,21.21,38,30.0026,2012,2,14,1,15
1.9513056982825179,4,0,0,1,27.06,31.06,44,6.0032,2011,10,9,6,13
1.7585509609170316,3,0,0,1,27.88,31.82,83,11.0014,2011,8,6,5,8
1.8787285104503608,4,0,1,1,14.76,17.425,66,8.9981,2012,11,9,4,20
1.2711498482847257,2,0,1,1,13.94,15.91,39,19.0012,2012,4,11,2,1
1.9964712752393343,3,0,0,1,31.16,34.09,40,12.998,2012,8,12,6,14
1.8588105191644075,1,0,1,2,15.58,19.695,29,26.0027,2012,3,9,4,13
1.6710010327416251,1,0,0,2,13.12,15.15,39,16.9979,2011,1,15,5,19
1.8150956430032537,4,0,1,1,24.6,31.06,46,19.0012,2011,10,5,2,11
1.6281310150671582,2,0,0,1,17.22,21.21,69,7.0015,2011,5,1,6,1
1.7745861482661287,2,0,1,1,25.42,29.545,78,7.0015,2012,5,16,2,23
1.8912459334298568,3,0,1,1,31.16,34.85,52,19.0012,2011,9,14,2,16
1.77073964639405,2,0,0,2,15.58,19.695,82,8.9981,2011,4,9,5,19
1.9523188996492962,4,0,1,1,15.58,19.695,40,22.0028,2012,11,2,4,16
2.013867796218486,4,0,0,1,24.6,31.06,43,35.0008,2012,10,6,5,16
1.7047134862451474,4,0,0,1,19.68,23.485,72,0.0,2011,10,8,5,0
1.026672031199051,3,0,1,1,26.24,28.79,89,8.9981,2012,7,11,2,3
1.8516996259697707,3,0,1,1,26.24,30.305,69,6.0032,2011,9,13,1,9
1.8681746132307353,4,0,0,1,14.76,18.18,46,7.0015,2011,11,5,5,11
1.8092629643515203,1,0,1,1,21.32,25.0,68,7.0015,2012,3,15,3,10
1.832105201899316,3,0,1,1,29.52,34.09,66,6.0032,2012,8,14,1,22
1.63454690370149,2,0,1,1,20.5,24.24,68,6.0032,2011,5,9,0,23
1.8394863420693595,1,0,1,1,15.58,19.695,46,26.0027,2012,2,17,4,12
1.9698513619928657,4,0,1,1,10.66,11.365,60,22.0028,2011,12,1,3,8
1.748318097194945,1,0,0,1,12.3,13.635,28,22.0028,2011,2,12,5,11
1.8370697219086884,1,0,1,1,8.2,9.09,40,19.9995,2011,1,5,2,8
1.4576463830228739,3,0,1,1,28.7,31.82,45,8.9981,2011,8,11,3,1
1.7901636276798083,4,0,0,1,13.12,16.665,57,7.0015,2012,11,3,5,22
1.8141402142832723,2,0,1,2,20.5,24.24,94,16.9979,2012,5,1,1,7
1.5099182003836584,3,0,1,1,27.06,30.305,83,6.0032,2012,8,1,2,1
1.993387792889887,1,0,1,1,18.86,22.725,24,26.0027,2012,3,9,4,17
1.9258220450052628,3,0,1,2,27.88,31.82,74,6.0032,2012,8,1,2,9
1.1247482629090362,3,0,1,2,31.16,34.85,52,11.0014,2011,8,3,2,4
1.8216068302034107,2,0,0,2,15.58,19.695,82,7.0015,2011,4,9,5,18
1.9136307769773249,4,0,1,1,18.04,21.97,72,16.9979,2011,11,14,0,7
1.7437063358613225,2,0,1,1,31.98,35.605,52,0.0,2011,6,10,4,10
1.7694345201285457,3,0,1,3,25.42,28.79,83,16.9979,2012,9,17,0,22
1.3105061862047918,2,0,0,1,25.42,28.03,88,11.0014,2011,6,12,6,4
1.9766610448664135,4,0,0,1,20.5,24.24,45,12.998,2012,11,10,5,17
2.008064946667584,3,0,1,1,31.98,34.85,46,12.998,2012,7,13,4,18
1.496434016604423,1,0,1,2,12.3,15.91,93,7.0015,2011,3,16,2,6
1.8629038905519502,3,0,1,1,35.26,37.88,34,15.0013,2012,7,2,0,14
1.8386855209387276,1,0,1,2,9.02,12.88,60,6.0032,2012,3,5,0,9
0.7412763113750153,2,0,1,2,23.78,27.275,68,22.0028,2012,5,14,0,3
1.9315065352001681,3,0,0,1,32.8,38.635,59,27.9993,2012,8,5,6,10
1.9432515053140835,4,0,1,2,16.4,20.455,87,23.9994,2011,11,4,4,8
0.8697416861919438,4,0,1,2,14.76,18.94,93,0.0,2012,12,17,0,3
1.3105061862047918,1,0,1,1,16.4,20.455,62,12.998,2011,3,18,4,2
1.7373263784001205,2,0,1,1,20.5,24.24,51,26.0027,2011,5,4,2,14
1.7843700777314968,3,0,1,2,28.7,33.335,79,15.0013,2012,8,6,0,6
1.8337800047354695,4,0,1,1,14.76,18.94,87,0.0,2011,11,8,1,9
0.7412763113750153,4,0,1,2,14.76,17.425,66,15.0013,2012,11,19,0,3
0.9591348389208239,3,0,1,1,28.7,32.575,58,11.0014,2011,8,10,2,3
1.503300998004841,3,0,1,3,25.42,29.545,73,7.0015,2011,9,2,4,1
1.8879483638033878,4,0,1,1,24.6,31.06,40,11.0014,2012,10,10,2,14
1.7467966996992919,4,0,1,1,23.78,27.275,56,23.9994,2011,11,14,0,22
1.775845981748474,2,0,1,1,18.04,21.97,41,16.9979,2011,4,6,2,12
1.8615532204780585,4,0,0,3,16.4,20.455,76,12.998,2011,10,1,5,17
0.8697416861919438,3,0,1,3,27.06,29.545,94,6.0032,2011,8,4,3,3
1.712589050021264,4,0,0,2,10.66,14.395,93,6.0032,2012,12,2,6,8
1.570002974208493,1,0,0,1,12.3,14.395,45,19.0012,2011,1,15,5,23
1.0804178182729878,2,0,1,1,28.7,31.82,39,0.0,2011,6,2,3,2
1.9629494968760168,3,0,1,2,22.96,26.515,88,0.0,2012,9,14,4,7
1.7289490519659823,4,0,1,2,13.12,15.91,45,11.0014,2011,12,16,4,21
1.6180113091810355,4,0,0,3,14.76,18.18,87,7.0015,2011,10,1,5,21
1.4298455472897516,3,0,1,1,22.96,26.515,73,6.0032,2011,9,1,3,5
0.7412763113750153,3,0,1,3,22.96,26.515,94,8.9981,2011,9,7,2,3
1.9228815367921321,1,0,0,1,16.4,20.455,37,19.9995,2012,1,8,6,13
1.6632944814375767,1,0,1,1,9.02,11.365,47,8.9981,2011,2,11,4,12
1.9772117130908506,2,0,0,1,24.6,29.545,18,30.0026,2012,4,8,6,14
1.9874782861614542,4,0,1,1,13.94,15.91,46,15.0013,2012,11,5,0,18
1.9224558706047865,1,0,1,1,19.68,23.485,82,19.0012,2012,3,13,1,9
1.7236894193081456,1,0,1,1,6.56,8.335,55,11.0014,2012,1,19,3,11
2.037746505722867,2,0,1,1,24.6,31.06,43,12.998,2012,6,5,1,18
